chembl_id,name,smiles,MolLogP,QED,TPSA,NumHAcceptors,NumHDonors,MolWt,NumRotatableBonds,RingCount,FractionCSP3,HeavyAtomCount
CHEMBL2,PRAZOSIN,COc1cc2nc(N3CCN(C(=O)c4ccco4)CC3)nc(N)c2cc1OC,1.7845999999999997,0.7265621787893097,106.95,8,1,383.40800000000024,4,4,0.3157894736842105,28
CHEMBL3,NICOTINE,CN1CCC[C@H]1c1cccnc1,1.8483,0.6261518225795569,16.130000000000003,2,0,162.236,1,2,0.5,12
CHEMBL4,OFLOXACIN,CC1COc2c(N3CCN(C)CC3)c(F)cc3c(=O)c(C(=O)O)cn1c23,1.5439999999999998,0.8747398264671755,75.00999999999999,6,1,361.37300000000005,2,4,0.4444444444444444,26
CHEMBL5,NALIDIXIC ACID,CCn1cc(C(=O)O)c(=O)c2ccc(C)nc21,1.4230200000000002,0.849523695002097,72.19,4,1,232.23899999999998,2,2,0.25,17
CHEMBL6,INDOMETHACIN,COc1ccc2c(c1)c(CC(=O)O)c(C)n2C(=O)c1ccc(Cl)cc1,3.9273200000000026,0.7678065120522066,68.53,4,1,357.793,4,3,0.15789473684210525,25
CHEMBL403,SULBACTAM,CC1(C)[C@H](C(=O)O)N2C(=O)C[C@H]2S1(=O)=O,-0.794999999999999,0.5988163606060163,91.75,4,1,233.24499999999998,1,2,0.75,15
CHEMBL404,TAZOBACTAM,C[C@]1(Cn2ccnn2)[C@H](C(=O)O)N2C(=O)C[C@H]2S1(=O)=O,-1.523199999999998,0.6721670015102429,122.45999999999998,7,1,300.296,3,3,0.6,20
CHEMBL8,CIPROFLOXACIN,O=C(O)c1cn(C2CC2)c2cc(N3CCNCC3)c(F)cc2c1=O,1.5833,0.8932298763507216,74.57,5,2,331.34700000000004,3,4,0.4117647058823529,24
CHEMBL9,NORFLOXACIN,CCn1cc(C(=O)O)c(=O)c2cc(F)c(N3CCNCC3)cc21,1.2683,0.8910262977655083,74.57000000000001,5,2,319.336,3,3,0.375,23
CHEMBL405,AMPHETAMINE,CC(N)Cc1ccccc1,1.5763,0.6542162175383444,26.02,1,1,135.20999999999998,2,1,0.3333333333333333,10
CHEMBL6622,ISOSORBIDE DINITRATE,O=[N+]([O-])O[C@H]1CO[C@H]2[C@@H]1OC[C@H]2O[N+](=O)[O-],-1.0622000000000003,0.44641049179076997,123.20000000000002,8,0,236.13599999999997,4,2,1.0,16
CHEMBL6437,MIANSERIN,CN1CCN2c3ccccc3Cc3ccccc3C2C1,3.0839000000000016,0.7212588245608211,6.48,2,0,264.372,0,4,0.3333333333333333,20
CHEMBL11,IMIPRAMINE,CN(C)CCCN1c2ccccc2CCc2ccccc21,3.8750000000000027,0.8384623265941307,6.48,2,0,280.415,4,3,0.3684210526315789,21
CHEMBL406,INDAPAMIDE,CC1Cc2ccccc2N1NC(=O)c1ccc(Cl)c(S(N)(=O)=O)c1,2.0834,0.8705249450646536,92.5,4,2,365.84200000000004,3,3,0.1875,24
CHEMBL407,FLUMAZENIL,CCOC(=O)c1ncn2c1CN(C)C(=O)c1cc(F)ccc1-2,1.7736999999999998,0.793247744649229,64.43,5,0,303.293,2,3,0.26666666666666666,22
CHEMBL408,TROGLITAZONE,Cc1c(C)c2c(c(C)c1O)CCC(C)(COc1ccc(CC3SC(=O)NC3=O)cc1)O2,4.374260000000002,0.7166041254699328,84.86,6,2,441.54900000000015,5,4,0.4166666666666667,31
CHEMBL409,BICALUTAMIDE,CC(O)(CS(=O)(=O)c1ccc(F)cc1)C(=O)Nc1ccc(C#N)c(C(F)(F)F)c1,2.8795800000000007,0.5604120760868545,107.25999999999999,5,2,430.3790000000001,5,2,0.2222222222222222,29
CHEMBL12,DIAZEPAM,CN1C(=O)CN=C(c2ccccc2)c2cc(Cl)ccc21,3.153800000000002,0.79164533623487,32.67,2,0,284.74600000000004,1,3,0.125,20
CHEMBL13,METOPROLOL,COCCc1ccc(OCC(O)CNC(C)C)cc1,1.6132,0.7135696186852986,50.72,4,2,267.36899999999997,9,1,0.6,19
CHEMBL411,DIETHYLSTILBESTROL,CC/C(=C(/CC)c1ccc(O)cc1)c1ccc(O)cc1,4.828600000000005,0.7796984854737203,40.46,2,2,268.356,4,2,0.2222222222222222,20
CHEMBL267936,MECAMYLAMINE,CNC1(C)C2CCC(C2)C1(C)C,2.4206000000000003,0.632181599279575,12.03,1,1,167.296,1,2,1.0,12
CHEMBL14,CARBACHOL,C[N+](C)(C)CCOC(N)=O.[Cl-],-3.2080999999999973,0.46763782278929383,52.32,2,1,182.65099999999998,3,0,0.8333333333333334,11
CHEMBL16,PHENYTOIN,O=C1NC(=O)C(c2ccccc2)(c2ccccc2)N1,1.7696,0.8001945345367882,58.2,2,2,252.27300000000002,2,3,0.06666666666666667,19
CHEMBL413,SIROLIMUS,CO[C@H]1C[C@@H]2CC[C@@H](C)[C@@](O)(O2)C(=O)C(=O)N2CCCC[C@H]2C(=O)O[C@H]([C@H](C)C[C@@H]2CC[C@@H](O)[C@H](OC)C2)CC(=O)[C@H](C)/C=C(\C)[C@@H](O)[C@@H](OC)C(=O)[C@H](C)C[C@H](C)/C=C/C=C/C=C/1C,6.180600000000006,0.15551123998195282,195.42999999999995,13,3,914.187,6,4,0.7450980392156863,65
CHEMBL269732,TACROLIMUS ANHYDROUS,C=CC[C@@H]1/C=C(\C)C[C@H](C)C[C@H](OC)[C@H]2O[C@@](O)(C(=O)C(=O)N3CCCC[C@H]3C(=O)O[C@H](/C(C)=C/[C@@H]3CC[C@@H](O)[C@H](OC)C3)[C@H](C)[C@@H](O)CC1=O)[C@H](C)C[C@@H]2OC,4.639000000000004,0.18495553644513674,178.35999999999996,12,3,804.0310000000001,7,4,0.7727272727272727,57
CHEMBL415,CLOMIPRAMINE,CN(C)CCCN1c2ccccc2CCc2ccc(Cl)cc21,4.528400000000004,0.8178744322781549,6.48,2,0,314.86,4,3,0.3684210526315789,22
CHEMBL416,METHOXSALEN,COc1c2occc2cc2ccc(=O)oc12,2.5478000000000005,0.5863590335117103,52.58,4,0,216.19199999999995,1,3,0.08333333333333333,16
CHEMBL17,DICHLORPHENAMIDE,NS(=O)(=O)c1cc(Cl)c(Cl)c(S(N)(=O)=O)c1,0.2882000000000006,0.8152117113429302,120.32,4,2,305.16400000000004,2,1,0.0,16
CHEMBL18,ETHOXZOLAMIDE,CCOc1ccc2nc(S(N)(=O)=O)sc2c1,1.3424,0.9002834195387214,82.28,5,1,258.32399999999996,3,2,0.2222222222222222,16
CHEMBL417,EPIRUBICIN,COc1cccc2c1C(=O)c1c(O)c3c(c(O)c1C2=O)C[C@@](O)(C(=O)CO)C[C@@H]3O[C@H]1C[C@H](N)[C@@H](O)[C@H](C)O1,0.0012999999999993017,0.23526258168565614,206.07,12,6,543.5250000000003,5,5,0.4444444444444444,39
CHEMBL19,METHAZOLAMIDE,CC(=O)/N=c1/sc(S(N)(=O)=O)nn1C,-1.4237999999999997,0.6449098524835121,107.41,6,1,236.278,1,1,0.4,14
CHEMBL20,ACETAZOLAMIDE,CC(=O)Nc1nnc(S(N)(=O)=O)s1,-0.8561000000000003,0.6318586926732331,115.03999999999999,6,2,222.251,2,1,0.25,13
CHEMBL419,MAFENIDE,NCc1ccc(S(N)(=O)=O)cc1,-0.20729999999999998,0.6698196794692757,86.18,3,2,186.236,2,1,0.14285714285714285,12
CHEMBL21,SULFANILAMIDE,Nc1ccc(S(N)(=O)=O)cc1,-0.08380000000000004,0.5805509816764027,86.18,3,2,172.20900000000003,1,1,0.0,11
CHEMBL420,GUANABENZ,N=C(N)N/N=C/c1c(Cl)cccc1Cl,1.8103700000000003,0.41216950976615796,74.26,2,3,231.086,2,1,0.0,14
CHEMBL22,TRIMETHOPRIM,COc1cc(Cc2cnc(N)nc2N)cc(OC)c1OC,1.2575999999999998,0.8533555071280714,105.51,7,2,290.32300000000004,5,2,0.2857142857142857,21
CHEMBL6966,VERAPAMIL,COc1ccc(CCN(C)CCCC(C#N)(c2ccc(OC)c(OC)c2)C(C)C)cc1OC,5.093080000000005,0.41990487617646394,63.95,6,0,454.6110000000002,13,2,0.5185185185185185,33
CHEMBL421,SULFASALAZINE,O=C(O)c1cc(/N=N/c2ccc(S(=O)(=O)Nc3ccccn3)cc2)ccc1O,3.7016000000000013,0.5405882217196541,141.31,7,3,398.4000000000001,6,3,0.0,28
CHEMBL6466,COUMARIN,O=c1ccc2ccccc2o1,1.793,0.5302216682110639,30.21,2,0,146.14499999999998,0,2,0.0,11
CHEMBL23,DILTIAZEM,COc1ccc([C@@H]2Sc3ccccc3N(CCN(C)C)C(=O)[C@@H]2OC(C)=O)cc1,3.368500000000002,0.6757916364888925,59.080000000000005,6,0,414.52700000000016,6,3,0.36363636363636365,29
CHEMBL24,ATENOLOL,CC(C)NCC(O)COc1ccc(CC(N)=O)cc1,0.45210000000000006,0.637673978167625,84.57999999999998,4,3,266.34099999999995,8,1,0.5,19
CHEMBL25,ASPIRIN,CC(=O)Oc1ccccc1C(=O)O,1.3101,0.5501217966938848,63.60000000000001,3,1,180.15899999999996,2,1,0.1111111111111111,13
CHEMBL422,TRIFLUOPERAZINE,CN1CCN(CCCN2c3ccccc3Sc3ccc(C(F)(F)F)cc32)CC1,4.945600000000005,0.7094782580960448,9.72,4,0,407.50500000000017,4,4,0.42857142857142855,28
CHEMBL26,SULPIRIDE,CCN1CCCC1CNC(=O)c1cc(S(N)(=O)=O)ccc1OC,0.5567000000000012,0.7869434425499668,101.73,5,2,341.4330000000001,6,2,0.5333333333333333,23
CHEMBL423,BETAXOLOL,CC(C)NCC(O)COc1ccc(CCOCC2CC2)cc1,2.3933999999999997,0.6164391834948149,50.72,4,2,307.434,11,2,0.6666666666666666,22
CHEMBL424,SALICYLIC ACID,O=C(O)c1ccccc1O,1.0903999999999998,0.6102585058580265,57.53,2,2,138.12199999999999,1,1,0.0,10
CHEMBL425,OLSALAZINE,O=C(O)c1cc(/N=N/c2ccc(O)c(C(=O)O)c2)ccc1O,2.9096000000000006,0.6399634717122534,139.78,6,4,302.242,4,2,0.0,22
CHEMBL27,PROPRANOLOL,CC(C)NCC(O)COc1cccc2ccccc12,2.5775000000000006,0.8375057924076362,41.489999999999995,3,2,259.34900000000005,6,2,0.375,19
CHEMBL6995,PRACTOLOL,CC(=O)Nc1ccc(OCC(O)CNC(C)C)cc1,1.3826999999999992,0.697114394276545,70.59,4,3,266.34099999999995,7,1,0.5,19
CHEMBL427,MECHLORETHAMINE,CN(CCCl)CCCl,1.3958,0.555740070043485,3.24,1,0,156.056,4,0,1.0,8
CHEMBL29,BENZYLPENICILLIN,CC1(C)S[C@@H]2[C@H](NC(=O)Cc3ccccc3)C(=O)N2[C@H]1C(=O)O,0.8607999999999998,0.7977632704521287,86.71000000000001,4,2,334.39700000000005,4,3,0.4375,23
CHEMBL428,TROVAFLOXACIN,N[C@@H]1[C@H]2CN(c3nc4c(cc3F)c(=O)c(C(=O)O)cn4-c3ccc(F)cc3F)C[C@@H]12,1.8944999999999996,0.6764188399093582,101.44999999999999,6,2,416.3590000000001,3,5,0.25,30
CHEMBL30,CIMETIDINE,CN/C(=N\CCSCc1nc[nH]c1C)NC#N,0.5974,0.2346588097545297,88.88999999999999,4,3,252.347,5,1,0.5,17
CHEMBL31,GATIFLOXACIN,COc1c(N2CCNC(C)C2)c(F)cc2c(=O)c(C(=O)O)cn(C3CC3)c12,1.9804,0.8502925222174252,83.80000000000001,6,2,375.40000000000015,4,4,0.47368421052631576,27
CHEMBL429,LABETALOL,CC(CCc1ccccc1)NCC(O)c1ccc(O)c(C(N)=O)c1,2.1353999999999997,0.5968389616111595,95.57999999999998,4,4,328.4120000000001,8,2,0.3157894736842105,24
CHEMBL32,MOXIFLOXACIN,COc1c(N2C[C@@H]3CCCN[C@@H]3C2)c(F)cc2c(=O)c(C(=O)O)cn(C3CC3)c12,2.3705000000000007,0.8185182971562767,83.80000000000001,6,2,401.4380000000002,4,5,0.5238095238095238,29
CHEMBL33,LEVOFLOXACIN ANHYDROUS,C[C@H]1COc2c(N3CCN(C)CC3)c(F)cc3c(=O)c(C(=O)O)cn1c23,1.5439999999999998,0.8747398264671755,75.00999999999999,6,1,361.37300000000005,2,4,0.4444444444444444,26
CHEMBL430,GEMIFLOXACIN,CO/N=C1\CN(c2nc3c(cc2F)c(=O)c(C(=O)O)cn3C2CC2)CC1CN,0.966,0.7304236261034949,123.04,8,2,389.38700000000017,5,4,0.4444444444444444,28
CHEMBL431,SPIRAPRIL,CCOC(=O)[C@H](CCc1ccccc1)N[C@@H](C)C(=O)N1CC2(C[C@H]1C(=O)O)SCCS2,2.3908000000000005,0.5358568540176747,95.94000000000001,7,2,466.62500000000034,9,3,0.5909090909090909,31
CHEMBL433,VALPROATE SODIUM,CCCC(CCC)C(=O)[O-].[Na+],-2.043299999999997,0.44129642673121344,40.129999999999995,2,0,166.196,5,0,0.875,11
CHEMBL434,ISOPROTERENOL,CC(C)NCC(O)c1ccc(O)c(O)c1,1.1291999999999998,0.5632719285067509,72.72,4,4,211.261,4,1,0.45454545454545453,15
CHEMBL435,HYDROCHLOROTHIAZIDE,NS(=O)(=O)c1cc2c(cc1Cl)NCNS2(=O)=O,-0.35129999999999967,0.6544582690300507,118.35999999999999,5,3,297.74500000000006,1,2,0.14285714285714285,17
CHEMBL35,FUROSEMIDE,NS(=O)(=O)c1cc(C(=O)O)c(NCc2ccco2)cc1Cl,1.8907,0.768936392874182,122.63000000000001,5,3,330.749,5,2,0.08333333333333333,21
CHEMBL36,PYRIMETHAMINE,CCc1nc(N)nc(N)c1-c1ccc(Cl)cc1,2.5238000000000005,0.8561371493463951,77.82,4,2,248.71700000000004,2,2,0.16666666666666666,17
CHEMBL436,TOLRESTAT,COc1ccc2c(C(=S)N(C)CC(=O)O)cccc2c1C(F)(F)F,3.5591000000000026,0.8482528251216538,49.769999999999996,3,1,357.353,4,2,0.25,24
CHEMBL437,SULFATHIAZOLE,Nc1ccc(S(=O)(=O)Nc2nccs2)cc1,1.5261,0.8143349412643328,85.08,5,2,255.32400000000004,3,2,0.0,16
CHEMBL438,SULFAMERAZINE,Cc1ccnc(NS(=O)(=O)c2ccc(N)cc2)n1,1.16802,0.8107373568997642,97.97,5,2,264.31,3,2,0.09090909090909091,18
CHEMBL439,SULFADIAZINE,Nc1ccc(S(=O)(=O)Nc2ncccn2)cc1,0.8596000000000001,0.7871395577774678,97.97,5,2,250.28300000000004,3,2,0.0,17
CHEMBL440,THIAMYLAL,C=CCC1(C(C)CCC)C(=O)NC(=S)NC1=O,1.5159999999999998,0.4440914917068062,58.2,3,2,254.355,5,1,0.5833333333333334,17
CHEMBL441,THIOPENTAL,CCCC(C)C1(CC)C(=O)NC(=S)NC1=O,1.3498999999999999,0.5777126778981032,58.2,3,2,242.34400000000002,4,1,0.7272727272727273,16
CHEMBL268164,CYCLOBARBITAL,CCC1(C2=CCCCC2)C(=O)NC(=O)NC1=O,1.2491999999999996,0.5593503134569083,75.27000000000001,3,2,236.271,2,2,0.5833333333333334,17
CHEMBL442,ERGOTAMINE,CN1C[C@H](C(=O)N[C@]2(C)O[C@@]3(O)[C@@H]4CCCN4C(=O)[C@H](Cc4ccccc4)N3C2=O)C=C2c3cccc4[nH]cc(c34)C[C@H]21,1.990800000000002,0.43401040453252926,118.21000000000001,6,3,581.6730000000001,4,8,0.42424242424242425,43
CHEMBL38,TRETINOIN,CC1=C(/C=C/C(C)=C/C=C/C(C)=C/C(=O)O)C(C)(C)CCC1,5.602600000000005,0.5295731957656133,37.3,1,1,300.44200000000006,5,1,0.45,22
CHEMBL7413,METHOHEXITAL,C=CCC1(C(C)C#CCC)C(=O)NC(=O)N(C)C1=O,1.3066,0.47348972477403223,66.48,3,1,262.30899999999997,3,1,0.5,19
CHEMBL40,PHENOBARBITAL,CCC1(c2ccccc2)C(=O)NC(=O)NC1=O,0.7004,0.7368838068366227,75.27000000000001,3,2,232.23899999999995,2,2,0.25,17
CHEMBL41,FLUOXETINE,CNCCC(Oc1ccc(C(F)(F)F)cc1)c1ccccc1,4.435000000000003,0.8517964099245682,21.259999999999998,2,1,309.33099999999996,6,2,0.29411764705882354,22
CHEMBL443,SULFAMETHOXAZOLE,Cc1cc(NS(=O)(=O)c2ccc(N)cc2)no1,1.3660199999999998,0.804736706639606,98.22,5,2,253.28300000000002,3,2,0.1,17
CHEMBL444,BARBITAL,CCC1(CC)C(=O)NC(=O)NC1=O,0.15879999999999994,0.6000294014636102,75.27000000000001,3,2,184.195,2,1,0.625,13
CHEMBL42,CLOZAPINE,CN1CCN(C2=Nc3cc(Cl)ccc3Nc3ccccc32)CC1,3.7227000000000023,0.8001222420891723,30.869999999999997,4,1,326.83100000000013,0,4,0.2777777777777778,23
CHEMBL445,NORTRIPTYLINE,CNCCC=C1c2ccccc2CCc2ccccc21,3.826400000000003,0.8299677542138636,12.03,1,1,263.38399999999996,3,3,0.2631578947368421,20
CHEMBL446,SULFAMETHAZINE,Cc1cc(C)nc(NS(=O)(=O)c2ccc(N)cc2)n1,1.4764399999999998,0.8285267006028038,97.97,5,2,278.337,3,2,0.16666666666666666,19
CHEMBL447,SECOBARBITAL,C=CCC1(C(C)CCC)C(=O)NC(=O)NC1=O,1.3510999999999997,0.5604883600608829,75.27000000000001,3,2,238.28699999999998,5,1,0.5833333333333334,17
CHEMBL448,PENTOBARBITAL,CCCC(C)C1(CC)C(=O)NC(=O)NC1=O,1.1849999999999998,0.7067836690245719,75.27000000000001,3,2,226.276,4,1,0.7272727272727273,16
CHEMBL267894,AMOBARBITAL,CCC1(CCC(C)C)C(=O)NC(=O)NC1=O,1.1849999999999998,0.7067836690245718,75.27000000000001,3,2,226.27599999999998,4,1,0.7272727272727273,16
CHEMBL449,BUTABARBITAL,CCC(C)C1(CC)C(=O)NC(=O)NC1=O,0.7948999999999999,0.6791427219817272,75.27000000000001,3,2,212.249,3,1,0.7,15
CHEMBL450,METHARBITAL,CCC1(CC)C(=O)NC(=O)N(C)C1=O,0.5009999999999999,0.6569080951365892,66.48,3,1,198.22199999999998,2,1,0.6666666666666666,14
CHEMBL451,CHLORDIAZEPOXIDE,CNC1=Nc2ccc(Cl)cc2C(c2ccccc2)=[N+]([O-])C1,2.950700000000001,0.6499855803367838,50.459999999999994,3,1,299.761,1,3,0.125,21
CHEMBL266349,MELAGATRAN,N=C(N)c1ccc(CNC(=O)[C@@H]2CCN2C(=O)[C@H](NCC(=O)O)C2CCCCC2)cc1,0.8108700000000015,0.2897076869180157,148.60999999999999,5,5,429.52100000000024,9,3,0.5454545454545454,31
CHEMBL452,CLONAZEPAM,O=C1CN=C(c2ccccc2Cl)c2cc([N+](=O)[O-])ccc2N1,3.037700000000001,0.682474275950086,84.6,4,1,315.716,2,3,0.06666666666666667,22
CHEMBL453,SULFISOXAZOLE,Cc1noc(NS(=O)(=O)c2ccc(N)cc2)c1C,1.67444,0.8241959038664723,98.22,5,2,267.31,3,2,0.18181818181818182,18
CHEMBL268869,SULFAMETHOXYPYRIDAZINE,COc1ccc(NS(=O)(=O)c2ccc(N)cc2)nn1,0.8681999999999999,0.8045216732232587,107.2,6,2,280.30899999999997,4,2,0.09090909090909091,19
CHEMBL454,BUTALBITAL,C=CCC1(CC(C)C)C(=O)NC(=O)NC1=O,0.9609999999999999,0.5513835393856523,75.27000000000001,3,2,224.26,4,1,0.5454545454545454,16
CHEMBL455,SULFACETAMIDE,CC(=O)NS(=O)(=O)c1ccc(N)cc1,0.0935999999999998,0.6828174314400922,89.26,4,2,214.246,2,1,0.125,14
CHEMBL43,AMSACRINE,COc1cc(NS(C)(=O)=O)ccc1Nc1c2ccccc2nc2ccccc12,4.511700000000003,0.48770792549107883,80.32,5,2,393.46800000000013,5,4,0.09523809523809523,28
CHEMBL456,ETHACRYNIC ACID,C=C(CC)C(=O)c1ccc(OCC(=O)O)c(Cl)c1Cl,3.6057000000000023,0.6438970754146427,63.60000000000001,3,1,303.14099999999996,6,1,0.23076923076923078,19
CHEMBL267744,TICRYNAFEN,O=C(O)COc1ccc(C(=O)c2cccs2)c(Cl)c1Cl,3.7493000000000016,0.8477638711526184,63.6,4,1,331.17600000000004,5,2,0.07692307692307693,20
CHEMBL457,GEMFIBROZIL,Cc1ccc(C)c(OCCCC(C)(C)C(=O)O)c1,3.573240000000002,0.7849558299886599,46.53,2,1,250.33799999999997,6,1,0.5333333333333333,18
CHEMBL45,MELATONIN,COc1ccc2[nH]cc(CCNC(C)=O)c2c1,1.8550999999999997,0.8449349532973586,54.12,2,2,232.28299999999996,4,2,0.3076923076923077,17
CHEMBL8085,LYSINE,NCCCC[C@H](N)C(=O)O,-0.4726999999999995,0.45717715849655716,89.34,3,3,146.19,5,0,0.8333333333333334,10
CHEMBL46,ONDANSETRON,Cc1nccn1CC1CCc2c(c3ccccc3n2C)C1=O,3.1285200000000017,0.7280085381147323,39.82,4,0,293.37000000000006,2,4,0.3333333333333333,22
CHEMBL49,BUSPIRONE,O=C1CC2(CCCC2)CC(=O)N1CCCCN1CCN(c2ncccn2)CC1,2.0881999999999996,0.551662995519089,69.64000000000001,6,0,385.5120000000001,6,4,0.7142857142857143,28
CHEMBL51,KETANSERIN,O=C(c1ccc(F)cc1)C1CCN(CCn2c(=O)[nH]c3ccccc3c2=O)CC1,2.423800000000001,0.6735760490733903,75.17,5,1,395.43400000000014,5,4,0.3181818181818182,29
CHEMBL459,METHYLDOPA,C[C@](N)(Cc1ccc(O)c(O)c1)C(=O)O,0.4423000000000001,0.5430485662212737,103.78000000000002,4,4,211.21699999999998,3,1,0.3,15
CHEMBL460,MOLINDONE,CCc1c(C)[nH]c2c1C(=O)C(CN1CCOCC1)CC2,1.96282,0.917711580112694,45.33,3,1,276.38,3,3,0.6875,20
CHEMBL53,APOMORPHINE,CN1CCc2cccc3c2[C@H]1Cc1ccc(O)c(O)c1-3,2.8499000000000025,0.7213394581196795,43.7,3,2,267.328,0,4,0.29411764705882354,20
CHEMBL54,HALOPERIDOL,O=C(CCCN1CCC(O)(c2ccc(Cl)cc2)CC1)c1ccc(F)cc1,4.425600000000004,0.759345285057915,40.540000000000006,3,1,375.87100000000015,6,3,0.38095238095238093,26
CHEMBL55,PENTAMIDINE,N=C(N)c1ccc(OCCCCCOc2ccc(C(=N)N)cc2)cc1,2.8828400000000007,0.30195782187837944,118.2,4,4,340.42699999999996,10,2,0.2631578947368421,25
CHEMBL463,AMINOHIPPURIC ACID,Nc1ccc(C(=O)NCC(=O)O)cc1,0.08319999999999966,0.5940584768895217,92.42,3,3,194.19000000000003,3,1,0.1111111111111111,14
CHEMBL464,ETRETINATE,CCOC(=O)/C=C(C)/C=C/C=C(C)/C=C/c1c(C)cc(OC)c(C)c1C,5.645560000000007,0.36070174388342935,35.53,3,0,354.4900000000001,7,1,0.34782608695652173,26
CHEMBL57,NEVIRAPINE,Cc1ccnc2c1NC(=O)c1cccnc1N2C1CC1,2.6512200000000004,0.8617161250864191,58.120000000000005,4,1,266.30400000000003,1,4,0.26666666666666666,20
CHEMBL465,DRONABINOL,CCCCCc1cc(O)c2c(c1)OC(C)(C)[C@@H]1CCC(C)=C[C@@H]21,5.735800000000006,0.5673159936374234,29.46,2,1,314.46900000000005,4,3,0.6190476190476191,23
CHEMBL58,MITOXANTRONE,O=C1c2c(O)ccc(O)c2C(=O)c2c(NCCNCCO)ccc(NCCNCCO)c21,-0.13919999999999944,0.13931677804751477,163.17999999999998,10,8,444.4880000000002,12,3,0.36363636363636365,32
CHEMBL59,DOPAMINE,NCCc1ccc(O)c(O)c1,0.5989999999999998,0.544872838506118,66.48,3,3,153.18099999999998,2,1,0.25,11
CHEMBL467,HYDROXYUREA,NC(=O)NO,-0.9561000000000002,0.25664360627911675,75.35000000000001,2,3,76.05499999999999,0,0,0.0,5
CHEMBL61,PODOFILOX,COc1cc([C@@H]2c3cc4c(cc3[C@H](O)[C@H]3COC(=O)[C@H]23)OCO4)cc(OC)c1OC,2.4092000000000002,0.7629173210900769,92.68,8,1,414.41000000000025,4,5,0.4090909090909091,30
CHEMBL64,ISONIAZID,NNC(=O)c1ccncc1,-0.3149000000000006,0.3165786787720106,68.00999999999999,3,2,137.142,1,1,0.0,10
CHEMBL468,THALIDOMIDE,O=C1CCC(N2C(=O)c3ccccc3C2=O)C(=O)N1,0.08779999999999993,0.7233587999857974,83.55000000000001,4,1,258.23299999999995,1,3,0.23076923076923078,19
CHEMBL469,KETOROLAC,O=C(c1ccccc1)c1ccc2n1CCC2C(=O)O,2.291,0.855918702387755,59.3,3,1,255.27299999999997,3,3,0.2,19
CHEMBL471,SOTALOL,CC(C)NCC(O)c1ccc(NS(C)(=O)=O)cc1,1.0895000000000001,0.7241218527557277,78.43,4,3,272.37,6,1,0.5,18
CHEMBL472,GLYBURIDE,COc1ccc(Cl)cc1C(=O)NCCc1ccc(S(=O)(=O)NC(=O)NC2CCCCC2)cc1,3.641700000000003,0.51917970894521,113.6,5,3,494.0130000000003,8,3,0.391304347826087,33
CHEMBL473,DOFETILIDE,CN(CCOc1ccc(NS(C)(=O)=O)cc1)CCc1ccc(NS(C)(=O)=O)cc1,1.9828999999999997,0.5525349937837031,104.81,6,2,441.57500000000016,11,2,0.3684210526315789,29
CHEMBL476,DACARBAZINE,CN(C)/N=N/c1[nH]cnc1C(N)=O,0.0688999999999999,0.5105305434356862,99.72999999999999,4,2,182.18699999999998,3,1,0.3333333333333333,13
CHEMBL477,ADENOSINE,Nc1ncnc2c1ncn2[C@@H]1O[C@H](CO)[C@@H](O)[C@H]1O,-1.9800000000000006,0.49051986767922323,139.54000000000002,9,4,267.245,2,3,0.5,19
CHEMBL479,THIORIDAZINE,CSc1ccc2c(c1)N(CCC1CCCCN1C)c1ccccc1S2,5.885600000000005,0.6192081845073194,6.48,4,0,370.587,4,4,0.42857142857142855,25
CHEMBL480,LANSOPRAZOLE,Cc1c(OCC(F)(F)F)ccnc1C[S+]([O-])c1nc2ccccc2[nH]1,3.515220000000001,0.6986390031308142,73.86,4,1,369.3680000000001,5,3,0.25,25
CHEMBL481,IRINOTECAN,CCc1c2c(nc3ccc(OC(=O)N4CCC(N5CCCCC5)CC4)cc13)-c1cc3c(c(=O)n1C2)COC(=O)[C@]3(O)CC,4.0911000000000035,0.35595556922918214,114.2,9,1,586.6890000000004,4,7,0.5151515151515151,43
CHEMBL70,MORPHINE,CN1CC[C@]23c4c5ccc(O)c4O[C@H]2[C@@H](O)C=C[C@H]3[C@H]1C5,1.1981,0.7033474919154648,52.93000000000001,4,2,285.343,0,5,0.5294117647058824,21
CHEMBL485,CODEINE,COc1ccc2c3c1O[C@H]1[C@@H](O)C=C[C@H]4[C@@H](C2)N(C)CC[C@@]341,1.5010999999999999,0.7981444096668123,41.93,4,1,299.3700000000001,1,5,0.5555555555555556,22
CHEMBL71,CHLORPROMAZINE,CN(C)CCCN1c2ccccc2Sc2ccc(Cl)cc21,4.894400000000004,0.7918053413291345,6.48,3,0,318.8730000000001,4,3,0.29411764705882354,21
CHEMBL72,DESIPRAMINE,CNCCCN1c2ccccc2CCc2ccccc21,3.5328000000000026,0.8516371541172786,15.27,2,1,266.388,4,3,0.3333333333333333,20
CHEMBL488,AMINOGLUTETHIMIDE,CCC1(c2ccc(N)cc2)CCC(=O)NC1=O,1.3532,0.5969362176118971,72.19,3,2,232.28299999999996,2,2,0.38461538461538464,17
CHEMBL74,CROMOLYN SODIUM,O=C([O-])c1cc(=O)c2c(OCC(O)COc3cccc4oc(C(=O)[O-])cc(=O)c34)cccc2o1.[Na+].[Na+],-6.546899999999996,0.2219142907802687,179.37,11,1,512.3340000000002,8,4,0.13043478260869565,36
CHEMBL76,CHLOROQUINE,CCN(CC)CCCC(C)Nc1ccnc2cc(Cl)ccc12,4.810600000000004,0.7564117572128701,28.16,3,1,319.88000000000005,8,2,0.5,22
CHEMBL490,PAROXETINE,Fc1ccc([C@@H]2CCNC[C@H]2COc2ccc3c(c2)OCO3)cc1,3.326500000000002,0.9339413767145557,39.72,4,1,329.3710000000001,4,4,0.3684210526315789,24
CHEMBL416146,ETORICOXIB,Cc1ccc(-c2ncc(Cl)cc2-c2ccc(S(C)(=O)=O)cc2)cn1,4.175920000000004,0.7044044148957774,59.92,4,0,358.8500000000001,3,3,0.1111111111111111,24
CHEMBL79,LIDOCAINE,CCN(CC)CC(=O)Nc1c(C)cccc1C,2.5837400000000006,0.8489671904749567,32.34,2,1,234.343,5,1,0.5,17
CHEMBL9967,PIRENZEPINE,CN1CCN(CC(=O)N2c3ccccc3C(=O)Nc3cccnc32)CC1,1.5593999999999992,0.8892761172918336,68.78,5,1,351.41000000000014,2,4,0.3157894736842105,26
CHEMBL492,ETIDOCAINE,CCCN(CC)C(CC)C(=O)Nc1c(C)cccc1C,3.7524400000000018,0.8222609245677037,32.34,2,1,276.42400000000004,7,1,0.5882352941176471,20
CHEMBL80,NALOXONE,C=CCN1CC[C@]23c4c5ccc(O)c4O[C@H]2C(=O)CC[C@@]3(O)[C@H]1C5,1.3014,0.8015195132508509,70.0,5,2,327.3800000000001,2,5,0.5263157894736842,24
CHEMBL81,RALOXIFENE,O=C(c1ccc(OCCN2CCCCC2)cc1)c1c(-c2ccc(O)cc2)sc2cc(O)ccc12,6.075200000000007,0.31866432981090165,70.0,6,2,473.5940000000001,7,5,0.25,34
CHEMBL83,TAMOXIFEN,CC/C(=C(\c1ccccc1)c1ccc(OCCN(C)C)cc1)c1ccccc1,5.9961000000000055,0.4505726789966775,12.47,2,0,371.524,8,3,0.23076923076923078,28
CHEMBL493,BROMOCRIPTINE,CC(C)C[C@H]1C(=O)N2CCC[C@H]2[C@]2(O)O[C@](NC(=O)[C@@H]3C=C4c5cccc6[nH]c(Br)c(c56)C[C@H]4N(C)C3)(C(C)C)C(=O)N12,3.192800000000001,0.45632722461101194,118.21,6,3,654.6059999999999,5,7,0.59375,43
CHEMBL494,ILOPROST,CC#CCC(C)[C@H](O)/C=C/[C@@H]1[C@H]2C/C(=C/CCCC(=O)O)C[C@H]2C[C@H]1O,3.541300000000003,0.3514175873049406,77.76,3,3,360.4940000000001,8,2,0.6818181818181818,26
CHEMBL84,TOPOTECAN,CC[C@@]1(O)C(=O)OCc2c1cc1n(c2=O)Cc2cc3c(CN(C)C)c(O)ccc3nc2-1,1.8468000000000002,0.4865420212105028,104.89,8,2,421.4530000000002,3,5,0.34782608695652173,31
CHEMBL85,RISPERIDONE,Cc1nc2n(c(=O)c1CCN1CCC(c3noc4cc(F)ccc34)CC1)CCCC2,3.5904200000000026,0.6577452185749303,64.16,6,0,410.4930000000003,4,5,0.5217391304347826,30
CHEMBL428880,CROMOLYN,O=C(O)c1cc(=O)c2c(OCC(O)COc3cccc4oc(C(=O)O)cc(=O)c34)cccc2o1,2.1145,0.3454134595698074,173.70999999999998,9,3,468.37000000000023,8,4,0.13043478260869565,34
CHEMBL86,METOCLOPRAMIDE,CCN(CC)CCNC(=O)c1cc(Cl)c(N)cc1OC,2.0023999999999997,0.7558132464087878,67.59,4,2,299.8020000000001,7,1,0.5,20
CHEMBL428647,PACLITAXEL,CC(=O)O[C@H]1C(=O)[C@@]2(C)[C@H]([C@H](OC(=O)c3ccccc3)[C@]3(O)C[C@H](OC(=O)[C@H](O)[C@@H](NC(=O)c4ccccc4)c4ccccc4)C(C)=C1C3(C)C)[C@]1(OC(C)=O)CO[C@@H]1C[C@@H]2O,3.7357000000000036,0.12978619445124503,221.28999999999996,14,4,853.918,10,7,0.44680851063829785,62
CHEMBL495,ALPROSTADIL,CCCCC[C@H](O)/C=C/[C@H]1[C@H](O)CC(=O)[C@@H]1CCCCCCC(=O)O,3.475100000000002,0.34761269542578893,94.83,4,3,354.48700000000014,13,1,0.8,25
CHEMBL496,HEXACHLOROPHENE,Oc1c(Cl)cc(Cl)c(Cl)c1Cc1c(O)c(Cl)cc(Cl)c1Cl,6.609000000000001,0.550692990866757,40.46,2,2,406.90700000000004,2,2,0.07692307692307693,21
CHEMBL497,CLIOQUINOL,Oc1c(I)cc(Cl)c2cccnc12,3.1984000000000004,0.7583081059543383,33.120000000000005,2,1,305.502,0,2,0.0,13
CHEMBL10878,AGOMELATINE,COc1ccc2cccc(CCNC(C)=O)c2c1,2.527,0.8957371308407087,38.33,2,1,243.30599999999995,4,2,0.26666666666666666,18
CHEMBL88,CYCLOPHOSPHAMIDE ANHYDROUS,O=P1(N(CCCl)CCCl)NCCCO1,1.884,0.6057206690801091,41.57000000000001,2,1,261.089,5,1,1.0,14
CHEMBL498,CHLORPROPAMIDE,CCCNC(=O)NS(=O)(=O)c1ccc(Cl)cc1,1.7379,0.8794576573550539,75.27000000000001,3,2,276.745,4,1,0.3,17
CHEMBL499,TIMOLOL,CC(C)(C)NC[C@H](O)COc1nsnc1N1CCOCC1,0.5024999999999997,0.790985307512128,79.74,8,2,316.4270000000002,6,2,0.8461538461538461,21
CHEMBL500,PINDOLOL,CC(C)NCC(O)COc1cccc2[nH]ccc12,1.9055999999999995,0.7315916457547719,57.279999999999994,3,3,248.32600000000002,6,2,0.42857142857142855,18
CHEMBL276832,HYDRALAZINE,NNc1nncc2ccccc12,0.9153999999999998,0.480554166108739,63.83,4,2,160.17999999999998,1,2,0.0,12
CHEMBL501,AMPHETAMINE SULFATE,CC(N)Cc1ccccc1.O=S(=O)(O)O,0.9235000000000004,0.6594121748055052,100.62,3,3,233.289,2,1,0.3333333333333333,15
CHEMBL267345,AMPHOTERICIN B,C[C@@H]1[C@H](O)[C@@H](C)/C=C/C=C/C=C/C=C/C=C/C=C/C=C/[C@H](O[C@@H]2O[C@H](C)[C@@H](O)[C@H](N)[C@@H]2O)C[C@@H]2O[C@](O)(C[C@@H](O)C[C@@H](O)[C@H](O)CC[C@@H](O)C[C@@H](O)CC(=O)O[C@H]1C)C[C@H](O)[C@H]2C(=O)O,0.7117000000000053,0.17352405089329379,319.60999999999996,17,12,924.0910000000002,3,3,0.6595744680851063,65
CHEMBL90,HISTAMINE,NCCc1c[nH]cn1,-0.08910000000000035,0.560081635014732,54.7,2,2,111.14799999999998,2,1,0.4,8
CHEMBL91,MICONAZOLE,Clc1ccc(COC(Cn2ccnc2)c2ccc(Cl)cc2Cl)c(Cl)c1,6.454800000000002,0.4616906207935435,27.05,3,0,416.1350000000001,6,3,0.16666666666666666,25
CHEMBL92,DOCETAXEL ANHYDROUS,CC(=O)O[C@@]12CO[C@@H]1C[C@H](O)[C@@]1(C)C(=O)[C@H](O)C3=C(C)[C@@H](OC(=O)[C@H](O)[C@@H](NC(=O)OC(C)(C)C)c4ccccc4)C[C@@](O)([C@@H](OC(=O)c4ccccc4)[C@H]21)C3(C)C,3.2596000000000025,0.1468094861389331,224.44999999999996,14,5,807.8900000000002,8,6,0.5581395348837209,58
CHEMBL93,ZILEUTON,CC(c1cc2ccccc2s1)N(O)C(N)=O,2.7321999999999997,0.621567647628534,66.56,3,2,236.29599999999996,2,2,0.18181818181818182,16
CHEMBL94,PHYSOSTIGMINE,CNC(=O)Oc1ccc2c(c1)[C@]1(C)CCN(C)[C@@H]1N2C,1.7739,0.8482399591613494,44.81,4,1,275.352,1,3,0.5333333333333333,20
CHEMBL95,TACRINE,Nc1c2c(nc3ccccc13)CCCC2,2.695800000000001,0.7064882384087371,38.91,2,1,198.26899999999992,0,3,0.3076923076923077,15
CHEMBL502,DONEPEZIL,COc1cc2c(cc1OC)C(=O)C(CC1CCN(Cc3ccccc3)CC1)C2,4.361100000000004,0.7474614915624849,38.77,4,0,379.50000000000017,6,4,0.4583333333333333,28
CHEMBL503,LOVASTATIN,CC[C@H](C)C(=O)O[C@H]1C[C@@H](C)C=C2C=C[C@H](C)[C@H](CC[C@@H]3C[C@@H](O)CC(=O)O3)[C@H]21,4.195500000000004,0.671999391844661,72.83,5,1,404.54700000000025,6,3,0.75,29
CHEMBL11662,OZAGREL,O=C(O)/C=C/c1ccc(Cn2ccnc2)cc1,2.0292,0.8144535753580314,55.12,3,1,228.251,4,2,0.07692307692307693,17
CHEMBL12610,BENZYDAMINE,CN(C)CCCOc1nn(Cc2ccccc2)c2ccccc12,3.4151000000000016,0.6265558693074326,30.29,4,0,309.413,7,3,0.3157894736842105,23
CHEMBL504,DIMETHYL SULFOXIDE,C[S+](C)[O-],-0.005299999999999971,0.37375297187648615,23.06,1,0,78.136,0,0,1.0,4
CHEMBL505,CHLORPHENIRAMINE,CN(C)CCC(c1ccc(Cl)cc1)c1ccccn1,3.8186000000000027,0.8240069237957237,16.130000000000003,2,0,274.795,5,2,0.3125,19
CHEMBL506,PRIMAQUINE,COc1cc(NC(C)CCCN)c2ncccc2c1,2.782700000000001,0.8371289360458547,60.17,4,2,259.35299999999995,6,2,0.4,19
CHEMBL509,MECLOFENAMIC ACID,Cc1ccc(Cl)c(Nc2ccccc2C(=O)O)c1Cl,4.743620000000003,0.8594044841056042,49.33,2,2,296.153,3,2,0.07142857142857142,19
CHEMBL511,PYRILAMINE,COc1ccc(CN(CCN(C)C)c2ccccn2)cc1,2.658400000000001,0.7817668594270732,28.6,4,0,285.391,7,2,0.35294117647058826,21
CHEMBL12713,SERTINDOLE,O=C1NCCN1CCN1CCC(c2cn(-c3ccc(F)cc3)c3ccc(Cl)cc23)CC1,4.627600000000004,0.6281222024796652,40.510000000000005,3,1,440.9500000000002,5,5,0.375,31
CHEMBL513,CARMUSTINE,O=NN(CCCl)C(=O)NCCCl,1.157,0.4236058600444414,61.77,3,1,214.052,5,0,0.8,12
CHEMBL514,LOMUSTINE,O=NN(CCCl)C(=O)NC1CCCCC1,2.2509000000000006,0.4599613459771248,61.77,3,1,233.69899999999996,4,1,0.8888888888888888,15
CHEMBL515,CHLORAMBUCIL,O=C(O)CCCc1ccc(N(CCCl)CCCl)cc1,3.377900000000002,0.7110607782360152,40.54,2,1,304.217,9,1,0.5,19
CHEMBL516,CYPROHEPTADINE,CN1CCC(=C2c3ccccc3C=Cc3ccccc32)CC1,4.697900000000004,0.5791645622326819,3.24,1,0,287.4060000000001,0,4,0.23809523809523808,22
CHEMBL12856,INAMRINONE,Nc1cc(-c2ccncc2)c[nH]c1=O,1.0191,0.6996440987416698,71.77,3,2,187.202,1,2,0.0,14
CHEMBL517,DISOPYRAMIDE,CC(C)N(CCC(C(N)=O)(c1ccccc1)c1ccccn1)C(C)C,3.361900000000002,0.8020711980677477,59.22,3,1,339.4830000000001,8,2,0.42857142857142855,25
CHEMBL98,VORINOSTAT,O=C(CCCCCCC(=O)Nc1ccccc1)NO,2.4711,0.3832200999836573,78.43,3,3,264.32500000000005,8,1,0.42857142857142855,19
CHEMBL267648,PEFLOXACIN,CCn1cc(C(=O)O)c(=O)c2cc(F)c(N3CCN(C)CC3)cc21,1.6105000000000003,0.9243839877881742,65.78,5,1,333.36300000000006,3,3,0.4117647058823529,24
CHEMBL521,IBUPROFEN,CC(C)Cc1ccc(C(C)C(=O)O)cc1,3.073200000000001,0.8215995486924976,37.3,1,1,206.28499999999997,4,1,0.46153846153846156,15
CHEMBL13376,CLOMETACIN,COc1ccc2c(C(=O)c3ccc(Cl)cc3)c(C)n(CC(=O)O)c2c1,3.9273200000000026,0.7023986860653546,68.53,4,1,357.7930000000001,5,3,0.15789473684210525,25
CHEMBL13280,FLUNITRAZEPAM,CN1C(=O)CN=C(c2ccccc2F)c2cc([N+](=O)[O-])ccc21,2.5477000000000007,0.6313255490777444,75.81,4,0,313.28800000000007,2,3,0.125,23
CHEMBL13209,NITRAZEPAM,O=C1CN=C(c2ccccc2)c2cc([N+](=O)[O-])ccc2N1,2.3842999999999996,0.6771088741597445,84.6,4,1,281.27099999999996,2,3,0.06666666666666667,21
CHEMBL524,METHOXAMINE,COc1ccc(OC)c(C(O)C(C)N)c1,1.0844,0.781942163264455,64.71,4,2,211.261,4,1,0.45454545454545453,15
CHEMBL526,PROPOFOL,CC(C)c1cccc(C(C)C)c1O,3.6390000000000025,0.7326761559104263,20.23,1,1,178.27499999999995,2,1,0.5,13
CHEMBL527,PIROXICAM,CN1C(C(=O)Nc2ccccn2)=C(O)c2ccccc2S1(=O)=O,1.5809999999999997,0.8701839218107902,99.6,5,2,331.35300000000007,2,3,0.06666666666666667,23
CHEMBL528,CEFTIZOXIME,CO/N=C(\C(=O)N[C@@H]1C(=O)N2C(C(=O)O)=CCS[C@H]12)c1csc(N)n1,-0.5557999999999992,0.34831831323821205,147.20999999999998,9,3,383.41100000000006,5,3,0.3076923076923077,25
CHEMBL101,PHENYLBUTAZONE,CCCCC1C(=O)N(c2ccccc2)N(c2ccccc2)C1=O,3.7878000000000025,0.7885515763199019,40.620000000000005,2,0,308.3810000000001,5,3,0.2631578947368421,23
CHEMBL529,AZITHROMYCIN,CC[C@H]1OC(=O)[C@H](C)[C@@H](O[C@H]2C[C@@](C)(OC)[C@@H](O)[C@H](C)O2)[C@H](C)[C@@H](O[C@@H]2O[C@H](C)C[C@H](N(C)C)[C@H]2O)[C@](C)(O)C[C@@H](C)CN(C)[C@H](C)[C@@H](O)[C@]1(C)O,1.9007000000000054,0.23847544119122638,180.08,14,5,748.9960000000001,7,3,0.9736842105263158,52
CHEMBL530,AMDINOCILLIN,CC1(C)S[C@@H]2[C@H](/N=C/N3CCCCCC3)C(=O)N2[C@H]1C(=O)O,1.4062000000000001,0.48235981573967446,73.21000000000001,4,1,325.4339999999999,3,3,0.8,22
CHEMBL531,PERGOLIDE,CCCN1C[C@H](CSC)C[C@@H]2c3cccc4[nH]cc(c34)C[C@H]21,4.271100000000003,0.9085285470025662,19.03,2,1,314.4980000000001,4,4,0.5789473684210527,22
CHEMBL532,ERYTHROMYCIN,CC[C@H]1OC(=O)[C@H](C)[C@@H](O[C@H]2C[C@@](C)(OC)[C@@H](O)[C@H](C)O2)[C@H](C)[C@@H](O[C@@H]2O[C@H](C)C[C@H](N(C)C)[C@H]2O)[C@](C)(O)C[C@@H](C)C(=O)[C@H](C)[C@@H](O)[C@]1(C)O,1.785600000000004,0.2378725059837351,193.91,14,5,733.9370000000002,7,3,0.9459459459459459,51
CHEMBL533,IBUTILIDE,CCCCCCCN(CC)CCCC(O)c1ccc(NS(C)(=O)=O)cc1,4.164000000000003,0.4725190328976435,69.64,4,2,384.58600000000007,14,1,0.7,26
CHEMBL103,PROGESTERONE,CC(=O)[C@H]1CC[C@H]2[C@@H]3CCC4=CC(=O)CC[C@]4(C)[C@H]3CC[C@]12C,4.723500000000005,0.7013194281770768,34.14,2,0,314.46900000000005,1,4,0.8095238095238095,23
CHEMBL13828,OXATOMIDE,O=c1[nH]c2ccccc2n1CCCN1CCN(C(c2ccccc2)c2ccccc2)CC1,4.126900000000004,0.48336380015777386,44.27,4,1,426.5640000000001,7,5,0.2962962962962963,32
CHEMBL534,KETOTIFEN,CN1CCC(=C2c3ccccc3CC(=O)c3sccc32)CC1,4.014400000000004,0.7325276241844828,20.310000000000002,3,0,309.4340000000001,0,4,0.3157894736842105,22
CHEMBL535,SUNITINIB,CCN(CC)CCNC(=O)c1c(C)[nH]c(/C=C2\C(=O)Nc3ccc(F)cc32)c1C,3.3349400000000013,0.6263032743124629,77.23,3,3,398.48200000000014,7,3,0.36363636363636365,29
CHEMBL537,HYDROQUINONE,Oc1ccc(O)cc1,1.0977999999999999,0.49072766890152064,40.46,2,2,110.11199999999998,0,1,0.0,8
CHEMBL539,ACETIC ACID,CC(=O)O,0.09089999999999993,0.4298828832001217,37.3,1,1,60.05200000000001,0,0,0.5,4
CHEMBL541,BENZOIC ACID,O=C(O)c1ccccc1,1.3848,0.6106035394285075,37.3,1,1,122.12299999999996,1,1,0.0,9
CHEMBL542,AMINOBENZOIC ACID,Nc1ccc(C(=O)O)cc1,0.9670000000000001,0.5665891872452881,63.32000000000001,2,2,137.138,1,1,0.0,10
CHEMBL14053,TRICHLOROACETIC ACID,O=C(O)C(Cl)(Cl)Cl,1.4412,0.5487853049557158,37.3,1,1,163.387,0,0,0.5,7
CHEMBL14060,PHENOL,Oc1ccccc1,1.3921999999999999,0.514729544768675,20.23,1,1,94.11299999999999,0,1,0.0,7
CHEMBL544,MEQUINOL,COc1ccc(O)cc1,1.4008,0.6127725486570803,29.46,2,1,124.13899999999997,1,1,0.14285714285714285,9
CHEMBL104,CLOTRIMAZOLE,Clc1ccccc1C(c1ccccc1)(c1ccccc1)n1ccnc1,5.376700000000004,0.45454498474207145,17.82,2,0,344.845,4,4,0.045454545454545456,25
CHEMBL105,MITOMYCIN,CO[C@@]12[C@H](COC(N)=O)C3=C(C(=O)C(C)=C(N)C3=O)N1C[C@@H]1N[C@@H]12,-1.6511999999999971,0.4106698403593517,146.89000000000001,8,3,334.33200000000005,3,4,0.5333333333333333,24
CHEMBL545,ALCOHOL,CCO,-0.0014000000000000123,0.40680796565539457,20.23,1,1,46.069,0,0,1.0,3
CHEMBL546,OXPRENOLOL,C=CCOc1ccccc1OCC(O)CNC(C)C,1.9890999999999999,0.6704564525308724,50.72,4,2,265.35299999999995,9,1,0.4666666666666667,19
CHEMBL106,FLUCONAZOLE,OC(Cn1cncn1)(Cn1cncn1)c1ccc(F)cc1F,0.7357999999999993,0.7515159753061997,81.64999999999999,7,1,306.276,5,3,0.23076923076923078,22
CHEMBL547,ISOTRETINOIN,CC1=C(/C=C/C(C)=C/C=C/C(C)=C\C(=O)O)C(C)(C)CCC1,5.602600000000005,0.5295731957656133,37.3,1,1,300.44200000000006,5,1,0.45,22
CHEMBL14376,ILOPERIDONE,COc1cc(C(C)=O)ccc1OCCCN1CCC(c2noc3cc(F)ccc23)CC1,4.826600000000004,0.3798624175213931,64.80000000000001,6,0,426.4880000000001,8,4,0.4166666666666667,31
CHEMBL548,DINOPROSTONE,CCCCC[C@H](O)/C=C/[C@H]1[C@H](O)CC(=O)[C@@H]1C/C=C\CCCC(=O)O,3.251100000000002,0.37010347110627334,94.83,4,3,352.4710000000001,12,1,0.7,25
CHEMBL278020,NEOSTIGMINE,CN(C)C(=O)Oc1cccc([N+](C)(C)C)c1,1.9437,0.7170811018086075,29.540000000000003,2,0,223.29599999999996,2,1,0.4166666666666667,16
CHEMBL14370,REBOXETINE,CCOc1ccccc1OC(c1ccccc1)C1CNCCO1,3.1938000000000004,0.8888730494256725,39.72,4,1,313.39700000000005,6,3,0.3684210526315789,23
CHEMBL549,CITALOPRAM,CN(C)CCCC1(c2ccc(F)cc2)OCc2cc(C#N)ccc21,3.812980000000003,0.8388667572429986,36.26,3,0,324.39900000000006,5,3,0.35,24
CHEMBL550,PILOCARPINE,CC[C@@H]1C(=O)OC[C@@H]1Cc1cncn1C,1.1618000000000002,0.7000907484342611,44.12,4,0,208.261,3,2,0.6363636363636364,15
CHEMBL107,COLCHICINE,COc1cc2c(c(OC)c1OC)-c1ccc(OC)c(=O)cc1[C@@H](NC(C)=O)CC2,2.871600000000001,0.8325220081385356,83.09,6,1,399.4430000000002,5,3,0.36363636363636365,29
CHEMBL553,ERLOTINIB,C#Cc1cccc(Nc2ncnc3cc(OCCOC)c(OCCOC)cc23)c1,3.405100000000002,0.4178840975839869,74.73000000000002,7,1,393.4430000000002,10,3,0.2727272727272727,29
CHEMBL554,LAPATINIB,CS(=O)(=O)CCNCc1ccc(-c2ccc3ncnc(Nc4ccc(OCc5cccc(F)c5)c(Cl)c4)c3c2)o1,6.139100000000005,0.17947949298055937,106.35000000000001,8,2,581.0690000000002,11,5,0.1724137931034483,40
CHEMBL15023,TRIFLUPERIDOL,O=C(CCCN1CCC(O)(c2cccc(C(F)(F)F)c2)CC1)c1ccc(F)cc1,4.791000000000004,0.5509263977096905,40.540000000000006,3,1,409.4230000000002,6,3,0.4090909090909091,29
CHEMBL108,CARBAMAZEPINE,NC(=O)N1c2ccccc2C=Cc2ccccc21,3.3872000000000018,0.748363450121821,46.330000000000005,1,1,236.274,0,3,0.0,18
CHEMBL15245,YOHIMBINE,COC(=O)[C@@H]1[C@H]2C[C@H]3c4[nH]c5ccccc5c4CCN3C[C@@H]2CC[C@@H]1O,2.6471000000000013,0.7729574057454922,65.56,4,2,354.4500000000001,1,5,0.5714285714285714,26
CHEMBL109,VALPROIC ACID,CCCC(CCC)C(=O)O,2.2874,0.6423719745530849,37.3,1,1,144.214,5,0,0.875,10
CHEMBL277100,TEMAFLOXACIN,CC1CN(c2cc3c(cc2F)c(=O)c(C(=O)O)cn3-c2ccc(F)cc2F)CCN1,2.904300000000001,0.6857014799619972,74.57,5,2,417.38700000000006,3,4,0.23809523809523808,30
CHEMBL110,BENZNIDAZOLE,O=C(Cn1ccnc1[N+](=O)[O-])NCc1ccccc1,1.1077,0.6436381792760206,90.06,5,1,260.253,5,2,0.16666666666666666,19
CHEMBL556,DEFEROXAMINE,CC(=O)N(O)CCCCCNC(=O)CCC(=O)N(O)CCCCCNC(=O)CCC(=O)N(O)CCCCCN,0.9221000000000046,0.05957996992949681,205.84,9,6,560.6930000000002,23,0,0.8,39
CHEMBL558,MEXILETINE,Cc1cccc(C)c1OCC(C)N,2.0294399999999997,0.7701737793320904,35.25,2,1,179.26299999999998,3,1,0.45454545454545453,13
CHEMBL559,DEXTROTHYROXINE,N[C@H](Cc1cc(I)c(Oc2cc(I)c(O)c(I)c2)c(I)c1)C(=O)O,4.5573000000000015,0.38815663223607033,92.78000000000002,4,3,776.8720000000001,5,2,0.13333333333333333,24
CHEMBL111,RIMONABANT,Cc1c(C(=O)NN2CCCCC2)nn(-c2ccc(Cl)cc2Cl)c1-c1ccc(Cl)cc1,5.938620000000005,0.5208402471010894,50.160000000000004,4,1,463.79600000000016,4,4,0.2727272727272727,30
CHEMBL273575,NOMIFENSINE,CN1Cc2c(N)cccc2C(c2ccccc2)C1,2.8461000000000016,0.7740399810607017,29.259999999999998,2,1,238.334,1,3,0.25,18
CHEMBL561,LOMEFLOXACIN,CCn1cc(C(=O)O)c(=O)c2cc(F)c(N3CCNC(C)C3)c(F)c21,1.7959,0.8820346880702984,74.57000000000001,5,2,351.353,3,3,0.4117647058823529,25
CHEMBL562,GRISEOFULVIN,COC1=CC(=O)C[C@@H](C)[C@]12Oc1c(Cl)c(OC)cc(OC)c1C2=O,2.8103000000000007,0.8326610784751867,71.06,6,0,352.7700000000001,3,3,0.4117647058823529,24
CHEMBL563,FLURBIPROFEN,CC(C(=O)O)c1ccc(-c2ccccc2)c(F)c1,3.6808000000000023,0.8937504426107861,37.3,1,1,244.265,3,2,0.13333333333333333,18
CHEMBL564,PROMAZINE,CN(C)CCCN1c2ccccc2Sc2ccccc21,4.241000000000003,0.8288580486751157,6.48,3,0,284.42800000000005,4,3,0.29411764705882354,20
CHEMBL565,CLOFIBRATE,CCOC(=O)C(C)(C)Oc1ccc(Cl)cc1,3.060500000000001,0.761604620096077,35.53,3,0,242.702,4,1,0.4166666666666667,16
CHEMBL112,ACETAMINOPHEN,CC(=O)Nc1ccc(O)cc1,1.3505999999999998,0.5950261967780849,49.33,2,2,151.165,1,1,0.125,11
CHEMBL277522,FENBUFEN,O=C(O)CCC(=O)c1ccc(-c2ccccc2)cc1,3.4011000000000022,0.831821064493135,54.37,2,1,254.28500000000003,5,2,0.125,19
CHEMBL113,CAFFEINE,Cn1c(=O)c2c(ncn2C)n(C)c1=O,-1.0293,0.5384628262372215,61.82,6,0,194.194,0,2,0.375,14
CHEMBL16073,PHENACETIN,CCOc1ccc(NC(C)=O)cc1,2.0437,0.770678866809672,38.33,2,1,179.219,3,1,0.3,13
CHEMBL567,PERPHENAZINE,OCCN1CCN(CCCN2c3ccccc3Sc3ccc(Cl)cc32)CC1,3.942700000000003,0.7886610933771963,29.950000000000003,5,1,403.9790000000002,6,4,0.42857142857142855,27
CHEMBL568,OXAZEPAM,O=C1Nc2ccc(Cl)cc2C(c2ccccc2)=NC1O,2.4479,0.8457292457729301,61.69,3,2,286.718,1,3,0.06666666666666667,20
CHEMBL15770,SULINDAC,CC1=C(CC(=O)O)c2cc(F)ccc2/C1=C\c1ccc([S+](C)[O-])cc1,4.365500000000003,0.8279102305740682,60.36,2,1,356.41800000000006,4,3,0.15,25
CHEMBL15677,FENCLOFENAC,O=C(O)Cc1ccccc1Oc1ccc(Cl)cc1Cl,4.4128000000000025,0.9086831715038638,46.53,2,1,297.13699999999994,4,2,0.07142857142857142,19
CHEMBL416898,CHLOROPHENOTHANE,Clc1ccc(C(c2ccc(Cl)cc2)C(Cl)(Cl)Cl)cc1,6.495500000000002,0.5403341220433435,0.0,0,0,354.491,2,2,0.14285714285714285,19
CHEMBL276520,INDALPINE,c1ccc2c(CCC3CCNCC3)c[nH]c2c1,3.100100000000001,0.8297696004849465,27.82,1,2,228.339,3,3,0.4666666666666667,17
CHEMBL569,PROCAINE,CCN(CC)CCOC(=O)c1ccc(N)cc1,1.7673999999999999,0.6038456847188672,55.56,4,1,236.315,6,1,0.46153846153846156,17
CHEMBL570,TRIFLUPROMAZINE,CN(C)CCCN1c2ccccc2Sc2ccc(C(F)(F)F)cc21,5.259800000000004,0.7410247450790446,6.48,3,0,352.42500000000007,4,3,0.3333333333333333,24
CHEMBL571,KETOPROFEN,CC(C(=O)O)c1cccc(C(=O)c2ccccc2)c1,3.1057000000000015,0.8528036890699656,54.37,2,1,254.285,4,2,0.125,19
CHEMBL572,NITROFURANTOIN,O=C1CN(/N=C/c2ccc([N+](=O)[O-])o2)C(=O)N1,0.07349999999999995,0.34574784602989994,118.05000000000001,6,1,238.15899999999996,3,2,0.125,17
CHEMBL15870,INDOPROFEN,CC(C(=O)O)c1ccc(N2Cc3ccccc3C2=O)cc1,3.0351000000000017,0.94038427563492,57.61,2,1,281.311,3,3,0.17647058823529413,21
CHEMBL15891,LINDANE,Cl[C@H]1[C@H](Cl)[C@@H](Cl)[C@@H](Cl)[C@H](Cl)[C@H]1Cl,3.644400000000001,0.5976039421761683,0.0,0,0,290.832,0,1,1.0,12
CHEMBL573,NIACIN,O=C(O)c1cccnc1,0.7797999999999999,0.5998689433499305,50.19,2,1,123.11099999999998,1,1,0.0,9
CHEMBL575,METHICILLIN,COc1cccc(OC)c1C(=O)N[C@@H]1C(=O)N2[C@@H]1SC(C)(C)[C@@H]2C(=O)O,0.9490999999999996,0.7328552661597635,105.17,6,2,380.42200000000014,5,3,0.47058823529411764,26
CHEMBL16080,TRICHLOROETHANE,CC(Cl)(Cl)Cl,2.376500000000001,0.44517055677341283,0.0,0,0,133.405,0,0,1.0,5
CHEMBL278172,BENZOCAINE,CCOC(=O)c1ccc(N)cc1,1.4455,0.5326180793674542,52.32,3,1,165.19199999999998,2,1,0.2222222222222222,12
CHEMBL577,ENALAPRILAT ANHYDROUS,C[C@H](N[C@@H](CCc1ccccc1)C(=O)O)C(=O)N1CCC[C@H]1C(=O)O,1.1261000000000003,0.6499831585979154,106.94000000000001,4,3,348.39900000000017,8,2,0.5,25
CHEMBL578,ENALAPRIL,CCOC(=O)[C@H](CCc1ccccc1)N[C@@H](C)C(=O)N1CCC[C@H]1C(=O)O,1.6046,0.6358354158694681,95.94000000000001,5,2,376.45300000000026,9,2,0.55,27
CHEMBL580,LORAZEPAM,O=C1Nc2ccc(Cl)cc2C(c2ccccc2Cl)=NC1O,3.1013000000000015,0.847697894583369,61.69,3,2,321.163,1,3,0.06666666666666667,21
CHEMBL277062,BROMAZEPAM,O=C1CN=C(c2ccccn2)c2cc(Br)ccc2N1,2.6336000000000004,0.8791762540409916,54.35,3,1,316.15799999999996,1,3,0.07142857142857142,19
CHEMBL279816,TRICHLOROETHYLENE,ClC=C(Cl)Cl,2.5017000000000005,0.47377505861481944,0.0,0,0,131.389,0,0,0.0,5
CHEMBL277535,BIFONAZOLE,c1ccc(-c2ccc(C(c3ccccc3)n3ccnc3)cc2)cc1,5.187800000000005,0.5071355444295608,17.82,2,0,310.40000000000003,4,4,0.045454545454545456,24
CHEMBL582,ISOPROPYL ALCOHOL,CC(C)O,0.38710000000000006,0.42840479403162834,20.23,1,1,60.096000000000004,0,0,1.0,4
CHEMBL583,GREPAFLOXACIN,Cc1c(F)c(N2CCNC(C)C2)cc2c1c(=O)c(C(=O)O)cn2C1CC1,2.28022,0.8795000805170116,74.57,5,2,359.4010000000001,3,4,0.47368421052631576,26
CHEMBL114,SAQUINAVIR,CC(C)(C)NC(=O)[C@@H]1C[C@@H]2CCCC[C@@H]2CN1C[C@@H](O)[C@H](Cc1ccccc1)NC(=O)[C@H](CC(N)=O)NC(=O)c1ccc2ccccc2n1,3.092400000000003,0.19750207121883465,166.75,7,5,670.855,12,5,0.5,49
CHEMBL115,INDINAVIR,CC(C)(C)NC(=O)[C@@H]1CN(Cc2cccnc2)CCN1C[C@@H](O)C[C@@H](Cc1ccccc1)C(=O)N[C@H]1c2ccccc2C[C@H]1O,2.8669000000000016,0.2628234200956571,118.03000000000002,7,4,613.8030000000003,11,5,0.4722222222222222,45
CHEMBL584,NELFINAVIR,Cc1c(O)cccc1C(=O)N[C@@H](CSc1ccccc1)[C@H](O)CN1C[C@H]2CCCC[C@H]2C[C@H]1C(=O)NC(C)(C)C,4.747620000000004,0.326500977362608,101.9,6,4,567.7960000000003,9,4,0.5625,40
CHEMBL116,AMPRENAVIR,CC(C)CN(C[C@@H](O)[C@H](Cc1ccccc1)NC(=O)O[C@H]1CCOC1)S(=O)(=O)c1ccc(N)cc1,2.4028,0.39974037477190066,131.19,7,3,505.63700000000034,11,3,0.48,35
CHEMBL585,TRIAMTERENE,Nc1nc(N)c2nc(-c3ccccc3)c(N)nc2n1,0.8334000000000001,0.5851791059173755,129.62,7,3,253.26900000000003,1,3,0.0,19
CHEMBL16476,PRONETALOL,CC(C)NCC(O)c1ccc2ccccc2c1,2.871200000000001,0.8446052195209154,32.26,2,2,229.323,4,2,0.3333333333333333,17
CHEMBL118,CELECOXIB,Cc1ccc(-c2cc(C(F)(F)F)nn2-c2ccc(S(N)(=O)=O)cc2)cc1,3.5139200000000006,0.7541053298167572,77.98,4,1,381.3790000000001,3,3,0.11764705882352941,26
CHEMBL119,TRIMETREXATE,COc1cc(NCc2ccc3nc(N)nc(N)c3c2C)cc(OC)c1OC,2.740520000000001,0.6069831028443925,117.54,8,3,369.4250000000001,6,3,0.2631578947368421,27
CHEMBL588,FENOLDOPAM,Oc1ccc(C2CNCCc3c2cc(O)c(O)c3Cl)cc1,2.734400000000001,0.6113669325066001,72.72,4,4,305.76099999999997,1,3,0.25,21
CHEMBL589,ROPINIROLE,CCCN(CCC)CCc1cccc2c1CC(=O)N2,2.845700000000001,0.8173315946878695,32.34,2,1,260.3809999999999,7,2,0.5625,19
CHEMBL590,MENADIONE,CC1=CC(=O)c2ccccc2C1=O,2.0119000000000002,0.5994834910884169,34.14,2,0,172.18299999999996,0,2,0.09090909090909091,13
CHEMBL591,ETHCHLORVYNOL,C#CC(O)(/C=C/Cl)CC,1.5132,0.5829710350354784,20.23,1,1,144.60099999999997,2,0,0.42857142857142855,9
CHEMBL17157,TERFENADINE,CC(C)(C)c1ccc(C(O)CCCN2CCC(C(O)(c3ccccc3)c3ccccc3)CC2)cc1,6.445800000000008,0.39694894051294805,43.7,3,2,471.6850000000001,8,4,0.4375,35
CHEMBL592,LEVORPHANOL,CN1CC[C@]23CCCC[C@H]2[C@H]1Cc1ccc(O)cc13,3.080400000000002,0.7718143750897628,23.47,2,1,257.377,0,4,0.6470588235294118,19
CHEMBL593,DELAVIRDINE,CC(C)Nc1cccnc1N1CCN(C(=O)c2cc3cc(NS(C)(=O)=O)ccc3[nH]2)CC1,2.7171000000000003,0.5260863337385334,110.43,6,3,456.5720000000002,6,4,0.36363636363636365,32
CHEMBL594,EMEDASTINE,CCOCCn1c(N2CCCN(C)CC2)nc2ccccc21,2.2146999999999997,0.7931098529653791,33.53,5,0,302.422,5,3,0.5882352941176471,22
CHEMBL595,PIOGLITAZONE,CCc1ccc(CCOc2ccc(CC3SC(=O)NC3=O)cc2)nc1,3.159600000000001,0.8252539098127764,68.28999999999999,5,1,356.44700000000006,7,3,0.3157894736842105,25
CHEMBL596,FENTANYL,CCC(=O)N(c1ccccc1)C1CCN(CCc2ccccc2)CC1,4.136700000000004,0.7914868412582013,23.550000000000004,2,0,336.47900000000004,6,3,0.4090909090909091,25
CHEMBL121,ROSIGLITAZONE,CN(CCOc1ccc(CC2SC(=O)NC2=O)cc1)c1ccccn1,2.490900000000001,0.8208547527827771,71.53,6,1,357.435,7,3,0.2777777777777778,25
CHEMBL17879,MARALIXIBAT CHLORIDE,CCCCC1(CCCC)CS(=O)(=O)c2ccc(N(C)C)cc2[C@@H](c2ccc(OCc3ccc(C[N+]45CCN(CC4)CC5)cc3)cc2)[C@H]1O.[Cl-],3.6285000000000047,0.2738348851805984,70.08,6,1,710.4250000000001,13,7,0.55,49
CHEMBL17860,LOFEXIDINE,CC(Oc1c(Cl)cccc1Cl)C1=NCCN1,2.7624000000000004,0.9050107141126126,33.62,3,1,259.13599999999997,3,2,0.36363636363636365,16
CHEMBL597,PHENTOLAMINE,Cc1ccc(N(CC2=NCCN2)c2cccc(O)c2)cc1,2.840420000000001,0.9056709671480019,47.86,4,2,281.35900000000004,4,3,0.23529411764705882,21
CHEMBL18442,PLERIXAFOR,c1cc(CN2CCCNCCNCCCNCC2)ccc1CN1CCCNCCNCCCNCC1,0.41580000000000644,0.35377837598173745,78.66,8,6,502.7960000000004,4,3,0.7857142857142857,36
CHEMBL18116,TOLOXATONE,Cc1cccc(N2CC(CO)OC2=O)c1,1.31252,0.7950896625084043,49.77,3,1,207.22899999999998,2,2,0.36363636363636365,15
CHEMBL599,MELOXICAM,Cc1cnc(NC(=O)C2=C(O)c3ccccc3S(=O)(=O)N2C)s1,1.95092,0.8613672076779288,99.59999999999998,6,2,351.4090000000001,2,3,0.14285714285714285,23
CHEMBL600,ACETYLCYSTEINE,CC(=O)N[C@@H](CS)C(=O)O,-0.4945,0.49154271343709494,66.4,3,3,163.198,3,0,0.6,10
CHEMBL601,AMINOLEVULINIC ACID,NCC(=O)CCC(=O)O,-0.6210000000000004,0.5323930170518473,80.39,3,2,131.131,4,0,0.6,9
CHEMBL602,CYSTEAMINE,NCCS,-0.12509999999999988,0.4190213910899089,26.02,2,2,77.15199999999999,1,0,1.0,4
CHEMBL19019,NALTREXONE,O=C1CC[C@@]2(O)[C@H]3Cc4ccc(O)c5c4[C@@]2(CCN3CC2CC2)[C@H]1O5,1.5253999999999999,0.8536215236957835,70.0,5,2,341.4070000000001,2,6,0.65,25
CHEMBL603,ZAFIRLUKAST,COc1cc(C(=O)NS(=O)(=O)c2ccccc2C)ccc1Cc1cn(C)c2ccc(NC(=O)OC3CCCC3)cc12,5.695920000000005,0.2786932991732298,115.73,7,2,575.6870000000001,8,5,0.2903225806451613,41
CHEMBL276568,"CEFPROZIL ANHYDROUS, (E)-",C/C=C/C1=C(C(=O)O)N2C(=O)[C@@H](NC(=O)[C@H](N)c3ccc(O)cc3)[C@H]2SC1,0.7067000000000008,0.5450750848987173,132.96,6,4,389.4330000000001,5,3,0.2777777777777778,27
CHEMBL122,ROFECOXIB,CS(=O)(=O)c1ccc(C2=C(c3ccccc3)C(=O)OC2)cc1,2.5577000000000005,0.8169951703125135,60.44,4,0,314.3620000000001,3,3,0.11764705882352941,22
CHEMBL19236,MOXONIDINE,COc1nc(C)nc(Cl)c1NC1=NCCN1,0.8181199999999997,0.750440465982924,71.43,6,2,241.68200000000002,2,2,0.4444444444444444,16
CHEMBL19224,PAPAVERINE,COc1ccc(Cc2nccc3cc(OC)c(OC)cc23)cc1OC,3.860000000000003,0.6824184549395481,49.81,5,0,339.3910000000001,6,3,0.25,25
CHEMBL605,PROCAINAMIDE HYDROCHLORIDE,CCN(CC)CCNC(=O)c1ccc(N)cc1.Cl,1.7621999999999995,0.7754685639051462,58.36,3,2,271.792,6,1,0.46153846153846156,18
CHEMBL19215,METERGOLINE,CN1C[C@H](CNC(=O)OCc2ccccc2)C[C@@H]2c3cccc4c3c(cn4C)C[C@H]21,4.064700000000003,0.7144914102401916,46.50000000000001,4,1,403.5260000000002,4,5,0.4,30
CHEMBL606,MISOPROSTOL,CCCCC(C)(O)C/C=C/[C@H]1[C@H](O)CC(=O)[C@@H]1CCCCCCC(=O)OC,3.9536000000000033,0.28616128234902766,83.83,5,2,382.5410000000003,13,1,0.8181818181818182,27
CHEMBL278623,MACIMORELIN,CC(C)(N)C(=O)N[C@H](Cc1c[nH]c2ccccc12)C(=O)N[C@H](Cc1c[nH]c2ccccc12)NC=O,1.8447999999999996,0.15385344754641514,144.89999999999998,4,6,474.56500000000017,10,4,0.2692307692307692,35
CHEMBL607,MEPERIDINE,CCOC(=O)C1(c2ccccc2)CCN(C)CC1,2.2131,0.7669944339918414,29.54,3,0,247.33799999999994,3,2,0.5333333333333333,18
CHEMBL282052,METHAQUALONE,Cc1ccccc1-n1c(C)nc2ccccc2c1=O,3.0025400000000015,0.665120871179505,34.89,3,0,250.30100000000002,1,3,0.125,19
CHEMBL608,PROBUCOL,CC(C)(Sc1cc(C(C)(C)C)c(O)c(C(C)(C)C)c1)Sc1cc(C(C)(C)C)c(O)c(C(C)(C)C)c1,9.908299999999995,0.3131966868527805,40.46,4,2,516.8570000000003,4,2,0.6129032258064516,35
CHEMBL19299,LOXOPROFEN,CC(C(=O)O)c1ccc(CC2CCCC2=O)cc1,2.7864000000000013,0.8883440640479293,54.37,2,1,246.30599999999993,4,2,0.4666666666666667,18
CHEMBL609,TRIENTINE,NCCNCCNCCN,-1.916999999999998,0.3159259759712412,76.1,4,4,146.238,7,0,1.0,10
CHEMBL19490,ZOMEPIRAC,Cc1cc(CC(=O)O)n(C)c1C(=O)c1ccc(Cl)cc1,2.8450200000000017,0.8813012171505193,59.3,3,1,291.73400000000004,4,2,0.2,20
CHEMBL611,TERAZOSIN,COc1cc2nc(N3CCN(C(=O)C4CCCO4)CC3)nc(N)c2cc1OC,1.0567999999999995,0.8306226664509899,103.04,8,1,387.44000000000017,4,4,0.5263157894736842,28
CHEMBL612,DEXTROAMPHETAMINE,C[C@H](N)Cc1ccccc1,1.5763,0.6542162175383444,26.02,1,1,135.20999999999998,2,1,0.3333333333333333,10
CHEMBL282724,SITAXENTAN,Cc1cc2c(cc1CC(=O)c1sccc1S(=O)(=O)Nc1onc(C)c1Cl)OCO2,3.9612400000000028,0.5613022950139055,107.73,8,1,454.91300000000024,6,4,0.2222222222222222,29
CHEMBL614,PYRAZINAMIDE,NC(=O)c1cnccn1,-0.4245000000000001,0.5507568071868295,68.87,3,1,123.11499999999998,1,1,0.0,9
CHEMBL19449,IBUDILAST,CC(C)C(=O)c1c(C(C)C)nn2ccccc12,3.296400000000002,0.7581170106168678,34.370000000000005,3,0,230.311,3,2,0.42857142857142855,17
CHEMBL282042,SAQUINAVIR MESYLATE,CC(C)(C)NC(=O)[C@@H]1C[C@@H]2CCCC[C@@H]2CN1C[C@@H](O)[C@H](Cc1ccccc1)NC(=O)[C@H](CC(N)=O)NC(=O)c1ccc2ccccc2n1.CS(=O)(=O)O,2.5964000000000036,0.14802414632369965,221.11999999999998,9,6,766.9620000000001,12,5,0.5128205128205128,54
CHEMBL20883,TEGAFUR,O=c1[nH]c(=O)n(C2CCCO2)cc1F,-0.015300000000000313,0.6927125296086033,64.09,4,1,200.16899999999998,1,2,0.5,14
CHEMBL615,PENICILLIN V,CC1(C)S[C@@H]2[C@H](NC(=O)COc3ccccc3)C(=O)N2[C@H]1C(=O)O,0.6970999999999998,0.759069056624305,95.94000000000001,5,2,350.3960000000001,5,3,0.4375,24
CHEMBL617,CEPHALOTHIN,CC(=O)OCC1=C(C(=O)O)N2C(=O)[C@@H](NC(=O)Cc3cccs3)[C@H]2SC1,0.5923000000000007,0.5344806106940523,113.00999999999999,7,2,396.4460000000001,6,3,0.375,26
CHEMBL125,MILTEFOSINE,CCCCCCCCCCCCCCCCOP(=O)([O-])OCC[N+](C)(C)C,5.675500000000006,0.148054699506973,58.59,4,0,407.57600000000014,20,0,1.0,27
CHEMBL126,LINEZOLID,CC(=O)NC[C@H]1CN(c2ccc(N3CCOCC3)c(F)c2)C(=O)O1,1.1235999999999997,0.8915973887511962,71.11,5,1,337.35100000000006,4,3,0.5,24
CHEMBL620,CLIDINIUM,C[N+]12CCC(CC1)C(OC(=O)C(O)(c1ccccc1)c1ccccc1)C2,2.7045000000000012,0.6797893586378044,46.53,3,1,352.45400000000006,4,5,0.4090909090909091,26
CHEMBL127,MEROPENEM,C[C@@H](O)[C@H]1C(=O)N2C(C(=O)O)=C(S[C@@H]3CN[C@H](C(=O)N(C)C)C3)[C@H](C)[C@H]12,-0.3079999999999994,0.5588251961475821,110.17999999999999,6,3,383.4700000000002,5,3,0.7058823529411765,26
CHEMBL621,TRAZODONE,O=c1n(CCCN2CCN(c3cccc(Cl)c3)CC2)nc2ccccn12,2.3617,0.690401062854676,45.78,6,0,371.8720000000001,5,4,0.3684210526315789,26
CHEMBL622,ETODOLAC,CCc1cccc2c3c([nH]c12)C(CC)(CC(=O)O)OCC3,3.383000000000002,0.9057842881790305,62.32000000000001,2,2,287.35900000000004,4,3,0.47058823529411764,21
CHEMBL22108,DIMETHINDENE,CC(C1=C(CCN(C)C)Cc2ccccc21)c1ccccn1,4.146700000000004,0.8228463092477183,16.130000000000003,2,0,292.426,5,3,0.35,22
CHEMBL21333,PRANLUKAST,O=C(Nc1cccc2c(=O)cc(-c3nnn[nH]3)oc12)c1ccc(OCCCCc2ccccc2)cc1,4.627100000000003,0.29435081952595227,123.0,7,2,481.51200000000034,9,5,0.14814814814814814,36
CHEMBL623,NEFAZODONE,CCc1nn(CCCN2CCN(c3cccc(Cl)c3)CC2)c(=O)n1CCOc1ccccc1,3.5519000000000025,0.4542179585941736,55.53,7,0,470.01700000000034,10,4,0.44,33
CHEMBL625,THIABENDAZOLE,c1ccc2[nH]c(-c3cscn3)nc2c1,2.6864,0.6572828314318542,41.57,3,1,201.254,1,3,0.0,14
CHEMBL626,NAFTIFINE,CN(C/C=C/c1ccccc1)Cc1cccc2ccccc12,4.985000000000004,0.6390791725132271,3.24,1,0,287.406,5,3,0.14285714285714285,22
CHEMBL277474,ANTIPYRINE,Cc1cc(=O)n(-c2ccccc2)n1C,1.4844199999999999,0.6656235641878139,26.93,3,0,188.23000000000002,1,2,0.18181818181818182,14
CHEMBL22097,LORMETAZEPAM,CN1C(=O)C(O)N=C(c2ccccc2Cl)c2cc(Cl)ccc21,3.1256000000000013,0.8705347056850516,52.900000000000006,3,1,335.1900000000001,1,3,0.125,22
CHEMBL628,PENTOXIFYLLINE,CC(=O)CCCCn1c(=O)c2c(ncn2C)n(C)c1=O,0.19300000000000006,0.7314900236053014,78.89,7,0,278.31200000000007,5,2,0.5384615384615384,20
CHEMBL629,AMITRIPTYLINE,CN(C)CCC=C1c2ccccc2CCc2ccccc21,4.168600000000003,0.8136783893547587,3.24,1,0,277.411,3,3,0.3,21
CHEMBL21869,DIBROMSALAN,O=C(Nc1ccc(Br)cc1)c1cc(Br)ccc1O,4.169500000000001,0.832922589957721,49.33,2,2,371.028,2,2,0.0,18
CHEMBL24944,TRIBROMSALAN,O=C(Nc1ccc(Br)cc1)c1cc(Br)cc(Br)c1O,4.932000000000001,0.6824612195113208,49.33,2,2,449.92400000000004,2,2,0.0,19
CHEMBL128,SUMATRIPTAN,CNS(=O)(=O)Cc1ccc2[nH]cc(CCN(C)C)c2c1,1.3211999999999997,0.8445712183265353,65.2,3,2,295.408,6,2,0.42857142857142855,20
CHEMBL631,PROPAFENONE,CCCNCC(O)COc1ccccc1C(=O)CCc1ccccc1,3.2414000000000023,0.4865357366381187,58.559999999999995,4,2,341.4510000000001,11,2,0.38095238095238093,25
CHEMBL632,BETAMETHASONE,C[C@H]1C[C@H]2[C@@H]3CCC4=CC(=O)C=C[C@]4(C)[C@@]3(F)[C@@H](O)C[C@]2(C)[C@@]1(O)C(=O)CO,1.8957000000000002,0.667213496992105,94.83,5,3,392.4670000000002,2,4,0.7272727272727273,28
CHEMBL633,AMIODARONE,CCCCc1oc2ccccc2c1C(=O)c1cc(I)c(OCCN(CC)CC)c(I)c1,6.936200000000007,0.1676472462674973,42.68,4,0,645.3190000000002,11,3,0.4,31
CHEMBL634,ALFENTANIL,CCC(=O)N(c1ccccc1)C1(COC)CCN(CCn2nnn(CC)c2=O)CC1,1.3838999999999997,0.6140453744926113,85.49000000000001,8,0,416.52600000000024,9,3,0.6190476190476191,30
CHEMBL635,PREDNISONE,C[C@]12C=CC(=O)C=C1CC[C@@H]1[C@@H]2C(=O)C[C@@]2(C)[C@H]1CC[C@]2(O)C(=O)CO,1.7658,0.7848332802556961,91.67,5,2,358.43400000000014,2,4,0.6666666666666666,26
CHEMBL636,RIVASTIGMINE,CCN(C)C(=O)Oc1cccc([C@H](C)N(C)C)c1,2.7597000000000014,0.8234224757170807,32.78,3,0,250.34199999999998,4,1,0.5,18
CHEMBL637,VENLAFAXINE,COc1ccc(C(CN(C)C)C2(O)CCCCC2)cc1,3.0356000000000014,0.8976823731418612,32.7,3,1,277.4079999999999,5,2,0.6470588235294118,20
CHEMBL129,ZIDOVUDINE,Cc1cn([C@H]2C[C@H](N=[N+]=[N-])[C@@H](CO)O2)c(=O)[nH]c1=O,-0.19628000000000012,0.4454004294146897,133.07999999999998,6,2,267.245,3,2,0.6,19
CHEMBL638,VORICONAZOLE,C[C@@H](c1ncncc1F)[C@](O)(Cn1cncn1)c1ccc(F)cc1F,2.1769,0.7639757614487599,76.72,6,1,349.31600000000003,5,3,0.25,25
CHEMBL639,AZELASTINE,CN1CCCC(n2nc(Cc3ccc(Cl)cc3)c3ccccc3c2=O)CC1,4.297500000000004,0.678552511607709,38.13,4,0,381.9070000000002,3,4,0.36363636363636365,27
CHEMBL130,CHLORAMPHENICOL,O=C(N[C@H](CO)[C@H](O)c1ccc([N+](=O)[O-])cc1)C(Cl)Cl,0.9089999999999998,0.4090709280478973,112.70000000000002,5,3,323.13199999999995,6,1,0.36363636363636365,20
CHEMBL640,PROCAINAMIDE,CCN(CC)CCNC(=O)c1ccc(N)cc1,1.3403999999999996,0.7315396930195435,58.36,3,2,235.33100000000002,6,1,0.46153846153846156,17
CHEMBL641,ATOMOXETINE,CNCC[C@@H](Oc1ccccc1C)c1ccccc1,3.7246200000000034,0.8489950317721323,21.259999999999998,2,1,255.361,6,2,0.29411764705882354,19
CHEMBL642,ACEBUTOLOL,CCCC(=O)Nc1ccc(OCC(O)CNC(C)C)c(C(C)=O)c1,2.3655,0.5710137425129463,87.66,5,3,336.4320000000001,10,1,0.5555555555555556,24
CHEMBL643,PROMETHAZINE,CC(CN1c2ccccc2Sc2ccccc21)N(C)C,4.239400000000003,0.8321538928687809,6.48,3,0,284.428,3,3,0.29411764705882354,20
CHEMBL131,PREDNISOLONE,C[C@]12C=CC(=O)C=C1CC[C@@H]1[C@@H]2[C@@H](O)C[C@@]2(C)[C@H]1CC[C@]2(O)C(=O)CO,1.5575999999999999,0.6946116752943168,94.83,5,3,360.4500000000002,2,4,0.7142857142857143,26
CHEMBL644,TRIMIPRAMINE,CC(CN(C)C)CN1c2ccccc2CCc2ccccc21,4.121000000000003,0.8366473557753505,6.48,2,0,294.442,4,3,0.4,22
CHEMBL645,BISOPROLOL,CC(C)NCC(O)COc1ccc(COCCOC(C)C)cc1,2.3659,0.5778484804828311,59.95,5,2,325.449,12,1,0.6666666666666666,23
CHEMBL646,TRIAZOLAM,Cc1nnc2n1-c1ccc(Cl)cc1C(c1ccccc1Cl)=NC2,4.233520000000002,0.6634881818264521,43.07,4,0,343.21700000000004,1,4,0.11764705882352941,23
CHEMBL647,APRACLONIDINE,Nc1cc(Cl)c(N=C2NCCN2)c(Cl)c1,1.7558999999999998,0.660359398694943,62.44,2,3,245.113,1,2,0.2222222222222222,15
CHEMBL648,CYCLIZINE,CN1CCN(C(c2ccccc2)c2ccccc2)CC1,3.0234000000000014,0.84234198198695,6.48,2,0,266.38800000000003,3,3,0.3333333333333333,20
CHEMBL434394,NEBIVOLOL,OC(CNCC(O)C1CCc2cc(F)ccc2O1)C1CCc2cc(F)ccc2O1,2.363600000000001,0.68846240126238,70.95,5,3,405.44100000000014,6,4,0.45454545454545453,29
CHEMBL650,METHYLPREDNISOLONE,C[C@H]1C[C@@H]2[C@H]([C@@H](O)C[C@@]3(C)[C@H]2CC[C@]3(O)C(=O)CO)[C@@]2(C)C=CC(=O)C=C12,1.8036,0.685142538776804,94.83000000000001,5,3,374.4770000000001,2,4,0.7272727272727273,27
CHEMBL651,METHADONE,CCC(=O)C(CC(C)N(C)C)(c1ccccc1)c1ccccc1,4.292000000000004,0.7601212787758543,20.310000000000002,2,0,309.45300000000003,7,2,0.38095238095238093,23
CHEMBL652,FLECAINIDE,O=C(NCC1CCCCN1)c1cc(OCC(F)(F)F)ccc1OCC(F)(F)F,3.4407000000000014,0.6715843719947417,59.59,4,2,414.34600000000006,7,2,0.5882352941176471,28
CHEMBL134,CLONIDINE,Clc1cccc(Cl)c1NC1=NCCN1,2.3644999999999996,0.7764264211073745,36.42,3,2,230.09799999999998,1,2,0.2222222222222222,14
CHEMBL654,MIRTAZAPINE,CN1CCN2c3ncccc3Cc3ccccc3C2C1,2.4789000000000003,0.7292796247091089,19.37,3,0,265.36,0,4,0.35294117647058826,20
CHEMBL655,MIDAZOLAM,Cc1ncc2n1-c1ccc(Cl)cc1C(c1ccccc1F)=NC2,4.324220000000002,0.654885085071007,30.18,3,0,325.77400000000006,1,4,0.1111111111111111,23
CHEMBL22242,REMOXIPRIDE,CCN1CCC[C@H]1CNC(=O)c1c(OC)ccc(Br)c1OC,2.6804000000000006,0.8356024039257242,50.80000000000001,4,1,371.2750000000001,6,2,0.5625,22
CHEMBL656,OXYCODONE,COc1ccc2c3c1O[C@H]1C(=O)CC[C@@]4(O)[C@@H](C2)N(C)CC[C@]314,1.0481999999999998,0.839282607029206,59.00000000000001,5,1,315.3690000000001,1,5,0.6111111111111112,23
CHEMBL135,ESTRADIOL,C[C@]12CC[C@@H]3c4ccc(O)cc4CC[C@H]3[C@@H]1CC[C@@H]2O,3.6092000000000026,0.757169743555686,40.46,2,2,272.3879999999999,0,4,0.6666666666666666,20
CHEMBL657,DIPHENHYDRAMINE,CN(C)CCOC(c1ccccc1)c1ccccc1,3.3542000000000023,0.7845504400951161,12.47,2,0,255.36100000000002,6,2,0.29411764705882354,19
CHEMBL658,SUFENTANIL,CCC(=O)N(c1ccccc1)C1(COC)CCN(CCc2cccs2)CC1,4.214800000000004,0.6810921785688575,32.78,4,0,386.56100000000015,8,3,0.5,27
CHEMBL659,GALANTAMINE,COc1ccc2c3c1O[C@H]1C[C@@H](O)C=C[C@@]31CCN(C)C2,1.8503,0.8005242690101381,41.93,4,1,287.35900000000004,1,4,0.5294117647058824,21
CHEMBL660,AMANTADINE,NC12CC3CC(CC(C3)C1)C2,1.9139,0.5620664127719119,26.02,1,1,151.253,0,4,1.0,11
CHEMBL661,ALPRAZOLAM,Cc1nnc2n1-c1ccc(Cl)cc1C(c1ccccc1)=NC2,3.5801200000000017,0.6893709827759431,43.07,4,0,308.77200000000005,1,4,0.11764705882352941,22
CHEMBL21731,MAPROTILINE,CNCCCC12CCC(c3ccccc31)c1ccccc12,4.211400000000004,0.8254375445230729,12.03,1,1,277.41100000000006,4,5,0.4,21
CHEMBL666,FOSCARNET,O=C(O)P(=O)(O)O,-0.1579000000000001,0.42409517227108345,94.83,2,3,126.00399999999998,1,0,0.0,7
CHEMBL667,ACETYLCHOLINE,CC(=O)OCC[N+](C)(C)C,0.25570000000000004,0.4213777873274688,26.3,2,0,146.21,3,0,0.8571428571428571,10
CHEMBL137,METRONIDAZOLE,Cc1ncc([N+](=O)[O-])n1CCO,0.09201999999999994,0.5158680082581498,81.19,5,1,171.15599999999998,3,1,0.5,12
CHEMBL668,PROTRIPTYLINE,CNCCCC1c2ccccc2C=Cc2ccccc21,4.301900000000003,0.8108521414626005,12.03,1,1,263.384,4,3,0.2631578947368421,20
CHEMBL669,CYCLOBENZAPRINE,CN(C)CCC=C1c2ccccc2C=Cc2ccccc21,4.553800000000004,0.6773504085567709,3.24,1,0,275.39500000000004,3,3,0.2,21
CHEMBL671,THIOTEPA,S=P(N1CC1)(N1CC1)N1CC1,0.15770000000000017,0.46137951425618995,9.03,1,0,189.22399999999996,3,3,1.0,11
CHEMBL672,FENOFIBRATE,CC(C)OC(=O)C(C)(C)Oc1ccc(C(=O)c2ccc(Cl)cc2)cc1,4.680000000000004,0.5540618915195044,52.6,4,0,360.837,6,2,0.3,25
CHEMBL673,PARGYLINE,C#CCN(C)Cc1ccccc1,1.7516,0.6072627909596671,3.24,1,0,159.232,3,1,0.2727272727272727,12
CHEMBL25105,HEXAMIDINE,N=C(N)c1ccc(OCCCCCCOc2ccc(C(=N)N)cc2)cc1,3.272940000000001,0.2811975425163641,118.2,4,4,354.454,11,2,0.3,26
CHEMBL675,ALENDRONATE SODIUM,NCCCC(O)(P(=O)([O-])O)P(=O)(O)O.[Na+],-4.901199999999997,0.2450123510057332,164.14,5,5,271.078,5,0,1.0,15
CHEMBL677,LEVONORDEFRIN,C[C@H](N)[C@H](O)c1ccc(O)c(O)c1,0.4784,0.5021061623437857,86.71000000000001,4,4,183.207,2,1,0.3333333333333333,13
CHEMBL679,EPINEPHRINE,CNC[C@H](O)c1ccc(O)c(O)c1,0.35060000000000013,0.5101568892419974,72.72,4,4,183.207,3,1,0.3333333333333333,13
CHEMBL680,CEFACLOR ANHYDROUS,N[C@@H](C(=O)N[C@@H]1C(=O)N2C(C(=O)O)=C(Cl)CS[C@H]12)c1ccccc1,0.6213000000000004,0.672381193775388,112.73,5,3,367.814,4,3,0.26666666666666666,24
CHEMBL681,ETOMIDATE,CCOC(=O)c1cncn1[C@H](C)c1ccccc1,2.669100000000001,0.776550261358108,44.12,4,0,244.294,4,2,0.2857142857142857,18
CHEMBL682,AMODIAQUINE,CCN(CC)Cc1cc(Nc2ccnc3cc(Cl)ccc23)ccc1O,5.179200000000004,0.5980257885078599,48.39,4,2,355.8690000000001,6,3,0.25,25
CHEMBL684,DIETHYLCARBAMAZINE,CCN(CC)C(=O)N1CCN(C)CC1,0.6956,0.6541651065181895,26.790000000000006,2,0,199.29799999999994,2,1,0.9,14
CHEMBL685,MEBENDAZOLE,COC(=O)Nc1nc2cc(C(=O)c3ccccc3)ccc2[nH]1,2.972200000000001,0.72749043527813,84.07999999999998,4,2,295.298,3,3,0.0625,22
CHEMBL23588,FLUFENAMIC ACID,O=C(O)c1ccccc1Nc1cccc(C(F)(F)F)c1,4.1472000000000016,0.8882248174804238,49.33,2,2,281.23299999999995,3,2,0.07142857142857142,20
CHEMBL139,DICLOFENAC,O=C(O)Cc1ccccc1Nc1c(Cl)cccc1Cl,4.364100000000001,0.8807285394160607,49.33,2,2,296.153,4,2,0.07142857142857142,19
CHEMBL686,MEFENAMIC ACID,Cc1cccc(Nc2ccccc2C(=O)O)c1C,3.7452400000000017,0.8600549198257493,49.33,2,2,241.29,3,2,0.13333333333333333,18
CHEMBL688,FENTANYL CITRATE,CCC(=O)N(c1ccccc1)C1CCN(CCc2ccccc2)CC1.O=C(O)CC(O)(CC(=O)O)C(=O)O,2.8882000000000003,0.3443603310104589,155.68,6,4,528.6020000000003,11,3,0.42857142857142855,38
CHEMBL278398,PHENINDAMINE,CN1CCC2=C(C1)C(c1ccccc1)c1ccccc12,3.9212000000000033,0.7517506781837711,3.24,1,0,261.36800000000005,1,4,0.2631578947368421,20
CHEMBL689,MANNITOL,OC[C@@H](O)[C@@H](O)[C@H](O)[C@H](O)CO,-3.5854000000000004,0.2612626527203185,121.38000000000001,6,6,182.172,5,0,1.0,12
CHEMBL690,PRAVASTATIN SODIUM,CC[C@H](C)C(=O)O[C@H]1C[C@H](O)C=C2C=C[C@H](C)[C@H](CC[C@@H](O)C[C@@H](O)CC(=O)[O-])[C@H]21.[Na+],-1.8902999999999948,0.2645140542313631,127.12,7,3,446.51600000000025,10,2,0.7391304347826086,31
CHEMBL24072,PRENYLAMINE,CC(Cc1ccccc1)NCCC(c1ccccc1)c1ccccc1,5.4294000000000056,0.5809007791885076,12.03,1,1,329.487,8,3,0.25,25
CHEMBL24171,BERGAPTEN,COc1c2ccoc2cc2oc(=O)ccc12,2.5478000000000005,0.5863590335117103,52.580000000000005,4,0,216.19199999999995,1,3,0.08333333333333333,16
CHEMBL691,ETHINYL ESTRADIOL,C#C[C@]1(O)CC[C@H]2[C@@H]3CCc4cc(O)ccc4[C@H]3CC[C@@]21C,3.6126000000000023,0.7180018360911579,40.46,2,2,296.4100000000001,0,4,0.6,22
CHEMBL284348,DALFAMPRIDINE,Nc1ccncc1,0.6638000000000001,0.5126510027980979,38.91,2,1,94.11699999999999,0,1,0.0,7
CHEMBL692,GLYCERIN,OCC(O)CO,-1.6681000000000001,0.3814944322102413,60.69,3,3,92.09400000000001,2,0,1.0,6
CHEMBL695,TRIMETHADIONE,CN1C(=O)OC(C)(C)C1=O,0.37359999999999993,0.4919347410358442,46.61,3,0,143.142,0,1,0.6666666666666666,10
CHEMBL696,ETHOSUXIMIDE,CCC1(C)CC(=O)NC1=O,0.4491999999999999,0.5387218646888615,46.17,2,1,141.17,1,1,0.7142857142857143,10
CHEMBL697,METHSUXIMIDE,CN1C(=O)CC(C)(c2ccccc2)C1=O,1.333,0.6456630004201521,37.38,2,0,203.241,1,2,0.3333333333333333,15
CHEMBL698,TETRACAINE,CCCCNc1ccc(C(=O)OCCN(C)C)cc1,2.617000000000001,0.5786881428918659,41.57,4,1,264.3689999999999,8,1,0.5333333333333333,19
CHEMBL24441,BETAHISTINE,CNCCc1ccccn1,0.8434999999999999,0.6658018289589027,24.92,2,1,136.19799999999995,3,1,0.375,10
CHEMBL700,SULFAPYRIDINE,Nc1ccc(S(=O)(=O)Nc2ccccn2)cc1,1.4646000000000001,0.8064259489968827,85.08,4,2,249.29500000000004,3,2,0.0,17
CHEMBL701,BACLOFEN,NCC(CC(=O)O)c1ccc(Cl)cc1,1.857,0.8026316327602356,63.32000000000001,2,2,213.664,4,1,0.3,14
CHEMBL24147,RESORCINOL,Oc1cccc(O)c1,1.0977999999999999,0.5245841402909771,40.46,2,2,110.11199999999998,0,1,0.0,8
CHEMBL702,PIPERACILLIN,CCN1CCN(C(=O)N[C@@H](C(=O)N[C@@H]2C(=O)N3[C@@H]2SC(C)(C)[C@@H]3C(=O)O)c2ccccc2)C(=O)C1=O,-0.24029999999999685,0.3448074018268864,156.43,7,3,517.5640000000003,6,4,0.4782608695652174,36
CHEMBL703,SUXAMETHONIUM,C[N+](C)(C)CCOC(=O)CCC(=O)OCC[N+](C)(C)C,0.2654000000000025,0.4515871613452488,52.60000000000001,4,0,290.404,9,0,0.8571428571428571,20
CHEMBL704,MESALAMINE,Nc1ccc(O)c(C(=O)O)c1,0.6726000000000001,0.4087158551274257,83.55,3,3,153.137,1,1,0.0,11
CHEMBL705,ALITRETINOIN,CC1=C(/C=C/C(C)=C\C=C\C(C)=C\C(=O)O)C(C)(C)CCC1,5.602600000000005,0.5295731957656133,37.3,1,1,300.44200000000006,5,1,0.45,22
CHEMBL706,CETYL ALCOHOL,CCCCCCCCCCCCCCCCO,5.460000000000006,0.4009684425805356,20.23,1,1,242.44699999999992,14,0,1.0,17
CHEMBL24778,SILODOSIN,C[C@H](Cc1cc2c(c(C(N)=O)c1)N(CCCO)CC2)NCCOc1ccccc1OCC(F)(F)F,3.0711000000000013,0.36983125998632094,97.05000000000001,6,3,495.5420000000002,13,3,0.48,35
CHEMBL282468,CHOLINE CHLORIDE,C[N+](C)(C)CCO.[Cl-],-3.3110999999999975,0.39759253054033583,20.23,1,1,139.62599999999998,2,0,1.0,8
CHEMBL707,DOXAZOSIN,COc1cc2nc(N3CCN(C(=O)C4COc5ccccc5O4)CC3)nc(N)c2cc1OC,1.7177999999999993,0.6334640734356928,112.27000000000001,9,1,451.4830000000003,4,5,0.34782608695652173,33
CHEMBL279516,INDORAMIN,O=C(NC1CCN(CCc2c[nH]c3ccccc23)CC1)c1ccccc1,3.604800000000002,0.7406983864015039,48.13,2,2,347.46200000000016,5,4,0.3181818181818182,26
CHEMBL24828,VANDETANIB,COc1cc2/c(=N/c3ccc(Br)cc3F)nc[nH]c2cc1OCC1CCN(C)CC1,4.426100000000003,0.593560925290803,62.74,5,1,475.3620000000003,5,4,0.36363636363636365,30
CHEMBL278819,MINAPRINE,Cc1cc(-c2ccccc2)nnc1NCCN1CCOCC1,2.1961199999999996,0.9168214991162381,50.28,5,1,298.39000000000004,5,3,0.4117647058823529,22
CHEMBL25202,TAMIBAROTENE,CC1(C)CCC(C)(C)c2cc(NC(=O)c3ccc(C(=O)O)cc3)ccc21,4.986100000000004,0.8188241818203106,66.4,2,2,351.4460000000001,3,3,0.36363636363636365,26
CHEMBL708,ZIPRASIDONE,O=C1Cc2cc(CCN3CCN(c4nsc5ccccc45)CC3)c(Cl)cc2N1,3.809000000000002,0.7074872979003035,48.470000000000006,5,1,412.9460000000002,4,5,0.3333333333333333,28
CHEMBL709,ALFUZOSIN,COc1cc2nc(N(C)CCCNC(=O)C3CCCO3)nc(N)c2cc1OC,1.3507000000000002,0.6509374244824966,111.83,8,2,389.4560000000002,8,3,0.5263157894736842,28
CHEMBL710,FINASTERIDE,CC(C)(C)NC(=O)[C@H]1CC[C@H]2[C@@H]3CC[C@H]4NC(=O)C=C[C@]4(C)[C@H]3CC[C@]12C,3.8145000000000024,0.7351466700288802,58.2,2,2,372.55300000000017,1,4,0.8260869565217391,27
CHEMBL711,PHENINDIONE,O=C1c2ccccc2C(=O)C1c1ccccc1,2.849400000000001,0.6951125798613664,34.14,2,0,222.243,1,3,0.06666666666666667,17
CHEMBL712,ANISINDIONE,COc1ccc(C2C(=O)c3ccccc3C2=O)cc1,2.8580000000000005,0.7717726415372386,43.370000000000005,3,0,252.269,2,3,0.125,19
CHEMBL24924,FLUINDIONE,O=C1c2ccccc2C(=O)C1c1ccc(F)cc1,2.988500000000002,0.7179310095669911,34.14,2,0,240.23299999999998,1,3,0.06666666666666667,18
CHEMBL713,ENTECAVIR ANHYDROUS,C=C1[C@H](CO)[C@@H](O)C[C@@H]1n1cnc2c(=O)[nH]c(N)nc21,-0.8278000000000001,0.5301148369563783,130.04999999999998,7,4,277.284,2,3,0.4166666666666667,20
CHEMBL141,LAMIVUDINE,Nc1ccn([C@@H]2CS[C@H](CO)O2)c(=O)n1,-0.5941000000000001,0.7038615838122526,90.36999999999999,7,2,229.261,2,2,0.5,15
CHEMBL714,ALBUTEROL,CC(C)(C)NCC(O)c1ccc(O)c(CO)c1,1.3059999999999998,0.6389509580864461,72.72,4,4,239.315,4,1,0.5384615384615384,17
CHEMBL715,OLANZAPINE,Cc1cc2c(s1)Nc1ccccc1N=C2N1CCN(C)CC1,3.4392200000000033,0.8082561901210404,30.870000000000005,5,1,312.4420000000001,0,4,0.35294117647058826,22
CHEMBL716,QUETIAPINE,OCCOCCN1CCN(C2=Nc3ccccc3Sc3ccccc32)CC1,2.8560000000000016,0.8048695029648197,48.300000000000004,6,1,383.51700000000017,5,4,0.38095238095238093,27
CHEMBL285802,ZOTEPINE,CN(C)CCOC1=Cc2ccccc2Sc2ccc(Cl)cc21,4.880900000000004,0.7918165012526931,12.47,3,0,331.8680000000001,4,3,0.2222222222222222,22
CHEMBL28333,MEDAZEPAM,CN1CCN=C(c2ccccc2)c2cc(Cl)ccc21,3.627200000000003,0.7726586313728765,15.6,2,0,270.76300000000003,1,3,0.1875,19
CHEMBL717,MEDROXYPROGESTERONE ACETATE,CC(=O)O[C@]1(C(C)=O)CC[C@H]2[C@@H]3C[C@H](C)C4=CC(=O)CC[C@]4(C)[C@H]3CC[C@@]21C,4.655200000000004,0.6479725905950843,60.440000000000005,4,0,386.53200000000027,2,4,0.7916666666666666,28
CHEMBL28218,BROMPERIDOL,O=C(CCCN1CCC(O)(c2ccc(Br)cc2)CC1)c1ccc(F)cc1,4.5347000000000035,0.6983745555932223,40.540000000000006,3,1,420.3220000000002,6,3,0.38095238095238093,26
CHEMBL719,MUPIROCIN,C/C(=C\C(=O)OCCCCCCCCC(=O)O)C[C@@H]1OC[C@H](C[C@@H]2O[C@H]2[C@@H](C)[C@H](C)O)[C@@H](O)[C@H]1O,2.5925000000000016,0.10865568580106565,146.05,8,4,500.62900000000013,16,2,0.8461538461538461,35
CHEMBL720,BENZYL ALCOHOL,OCc1ccccc1,1.1789,0.5723436119287516,20.23,1,1,108.13999999999997,1,1,0.14285714285714285,8
CHEMBL27810,CELIPROLOL,CCN(CC)C(=O)Nc1ccc(OCC(O)CNC(C)(C)C)c(C(C)=O)c1,2.8907000000000007,0.5740604449563793,90.9,5,3,379.5010000000002,9,1,0.6,27
CHEMBL434200,TERTATOLOL,CC(C)(C)NCC(O)COc1cccc2c1SCCC2,2.8527000000000013,0.8762942071165184,41.489999999999995,4,2,295.4480000000001,5,2,0.625,20
CHEMBL723,CARVEDILOL,COc1ccccc1OCCNCC(O)COc1cccc2[nH]c3ccccc3c12,3.738000000000002,0.3499607634429391,75.74000000000001,5,3,406.482,10,4,0.25,30
CHEMBL726,FLUPHENAZINE,OCCN1CCN(CCCN2c3ccccc3Sc3ccc(C(F)(F)F)cc32)CC1,4.308100000000003,0.7278115473639667,29.950000000000003,5,1,437.5310000000002,6,4,0.45454545454545453,30
CHEMBL727,THIOGUANINE,Nc1nc2[nH]cnc2c(=S)[nH]1,0.59769,0.5014913838271434,83.38,4,3,167.197,0,2,0.0,11
CHEMBL27193,DILEVALOL,C[C@H](CCc1ccccc1)NC[C@H](O)c1ccc(O)c(C(N)=O)c1,2.1353999999999997,0.5968389616111595,95.57999999999998,4,4,328.4120000000001,8,2,0.3157894736842105,24
CHEMBL728,PROCHLORPERAZINE,CN1CCN(CCCN2c3ccccc3Sc3ccc(Cl)cc32)CC1,4.580200000000004,0.775124662295156,9.72,4,0,373.95300000000015,4,4,0.4,25
CHEMBL729,LOPINAVIR,Cc1cccc(C)c1OCC(=O)N[C@@H](Cc1ccccc1)[C@@H](O)C[C@H](Cc1ccccc1)NC(=O)[C@H](C(C)C)N1CCCNC1=O,4.328140000000003,0.199874123748593,120.0,5,4,628.8139999999999,15,4,0.43243243243243246,46
CHEMBL730,NITROGLYCERIN,O=[N+]([O-])OCC(CO[N+](=O)[O-])O[N+](=O)[O-],-1.0200999999999996,0.373165924670519,157.11,9,0,227.08499999999998,8,0,1.0,15
CHEMBL30116,PIPEMIDIC ACID,CCn1cc(C(=O)O)c(=O)c2cnc(N3CCNCC3)nc21,-0.08079999999999998,0.8175614911237252,100.35,7,2,303.32200000000006,3,3,0.42857142857142855,22
CHEMBL734,ACETOHYDROXAMIC ACID,CC(=O)NO,-0.4882999999999999,0.3013330093828796,49.33,2,2,75.067,0,0,0.5,5
CHEMBL284906,NICORANDIL,O=C(NCCO[N+](=O)[O-])c1cccnc1,0.01969999999999983,0.4205636945214959,94.36,5,1,211.17700000000002,5,1,0.25,15
CHEMBL282121,MEBEVERINE,CCN(CCCCOC(=O)c1ccc(OC)c(OC)c1)C(C)Cc1ccc(OC)cc1,4.6025000000000045,0.3425485431401951,57.230000000000004,6,0,429.5570000000002,13,2,0.48,31
CHEMBL738,THIOPENTAL SODIUM,CCCC(C)C1(CC)C(=O)[N-]C(=S)NC1=O.[Na+],-0.8619999999999983,0.4081602059208447,60.27,3,1,264.326,4,1,0.7272727272727273,17
CHEMBL29411,THYMOL,Cc1ccc(C(C)C)c(O)c1,2.824020000000001,0.6522740358347691,20.23,1,1,150.221,1,1,0.4,11
CHEMBL30219,METHOHEXITAL SODIUM,C=CCC1(C(C)C#CCC)C(=O)N=C([O-])N(C)C1=O.[Na+],-2.682699999999996,0.24526786676228493,72.8,3,0,284.291,3,1,0.5,20
CHEMBL741,LAMOTRIGINE,Nc1nnc(-c2cccc(Cl)c2Cl)c(N)n1,2.0098,0.8138095128696987,90.71,5,2,256.09599999999995,1,2,0.0,16
CHEMBL30008,FLUNARIZINE,Fc1ccc(C(c2ccc(F)cc2)N2CCN(C/C=C/c3ccccc3)CC2)cc1,5.3852000000000055,0.5438612576373347,6.48,2,0,404.5040000000001,6,4,0.23076923076923078,30
CHEMBL742,KETAMINE,CNC1(c2ccccc2Cl)CCCCC1=O,2.897800000000001,0.8571565291687987,29.1,2,1,237.7299999999999,2,2,0.46153846153846156,16
CHEMBL744,RILUZOLE,Nc1nc2ccc(OC(F)(F)F)cc2s1,2.7771,0.8248286060077297,48.14,4,1,234.20199999999994,1,2,0.125,15
CHEMBL746,NEDOCROMIL,CCCc1c2oc(C(=O)O)cc(=O)c2cc2c(=O)cc(C(=O)O)n(CC)c12,2.476700000000001,0.6596073160141976,126.80999999999997,6,2,371.34500000000014,5,3,0.2631578947368421,27
CHEMBL748,PRALIDOXIME CHLORIDE,C[n+]1ccccc1/C=N/O.[Cl-],-2.6767999999999983,0.21331255223089682,36.47,2,1,172.615,1,1,0.14285714285714285,11
CHEMBL282575,ESTRADIOL BENZOATE,C[C@]12CC[C@@H]3c4ccc(OC(=O)c5ccccc5)cc4CC[C@H]3[C@@H]1CC[C@@H]2O,5.122800000000005,0.5842361578235642,46.53,3,1,376.4960000000002,2,5,0.48,28
CHEMBL750,ZONISAMIDE,NS(=O)(=O)Cc1noc2ccccc12,0.6163,0.7899579227288236,86.19000000000001,4,1,212.23000000000002,2,2,0.125,14
CHEMBL752,ADENOSINE PHOSPHATE,Nc1ncnc2c1ncn2[C@@H]1O[C@H](COP(=O)(O)O)[C@@H](O)[C@H]1O,-1.8630000000000009,0.39017854457244017,186.07,10,5,347.224,4,3,0.5,23
CHEMBL753,PHENOXYBENZAMINE,CC(COc1ccccc1)N(CCCl)Cc1ccccc1,4.194900000000003,0.6778826115024819,12.47,2,0,303.83299999999997,8,2,0.3333333333333333,21
CHEMBL754,FOSCARNET SODIUM,O=C([O-])P(=O)([O-])[O-].[Na+].[Na+].[Na+],-11.7446,0.302737676365404,103.32,5,0,191.95000000000002,1,0,0.0,10
CHEMBL760,ANAGRELIDE,O=C1CN2Cc3c(ccc(Cl)c3Cl)N=C2N1,1.9263000000000001,0.7703086660163128,44.7,3,1,256.092,0,3,0.2,16
CHEMBL761,NAPHAZOLINE,c1ccc2c(CC3=NCCN3)cccc2c1,2.3840000000000003,0.8082645116844471,24.39,2,1,210.28000000000003,2,3,0.21428571428571427,16
CHEMBL762,OXYMETAZOLINE,Cc1cc(C(C)(C)C)c(O)c(C)c1CC1=NCCN1,2.850740000000001,0.8585249056143486,44.620000000000005,3,2,260.3809999999999,2,2,0.5625,19
CHEMBL765,GUANETHIDINE,N=C(N)NCCN1CCCCCCC1,0.7355699999999996,0.46263696093343076,65.14,2,3,198.31399999999994,3,1,0.9,14
CHEMBL766,CILASTATIN,CC1(C)C[C@@H]1C(=O)N/C(=C\CCCCSC[C@H](N)C(=O)O)C(=O)O,1.4326000000000003,0.3245927294750397,129.72,5,4,358.46000000000004,11,1,0.6875,24
CHEMBL768,ESMOLOL,COC(=O)CCc1ccc(OCC(O)CNC(C)C)cc1,1.5298999999999996,0.6762987306145708,67.79,5,2,295.379,9,1,0.5625,21
CHEMBL770,TOLAZOLINE,c1ccc(CC2=NCCN2)cc1,1.2308,0.6910509635760047,24.39,2,1,160.22000000000003,2,2,0.3,12
CHEMBL771,CYCLOSERINE,N[C@@H]1CONC1=O,-1.6249000000000007,0.38589285607070656,64.35,3,2,102.09299999999999,0,1,0.6666666666666666,7
CHEMBL148,IMIPENEM,C[C@@H](O)[C@H]1C(=O)N2C(C(=O)O)=C(SCCNC=N)C[C@H]12,-0.17602999999999924,0.22445186205245782,113.72,5,4,299.35200000000003,7,2,0.5833333333333334,20
CHEMBL772,RESERPINE,COC(=O)[C@H]1[C@H]2C[C@@H]3c4[nH]c5cc(OC)ccc5c4CCN3C[C@H]2C[C@@H](OC(=O)c2cc(OC)c(OC)c(OC)c2)[C@@H]1OC,4.171100000000004,0.3735666920618681,117.78000000000003,10,1,608.6880000000004,8,6,0.5151515151515151,44
CHEMBL773,GLYCINE,NCC(=O)O,-0.9702999999999999,0.42117088793654706,63.32000000000001,2,2,75.067,1,0,0.5,5
CHEMBL776,METAPROTERENOL,CC(C)NCC(O)c1cc(O)cc(O)c1,1.1291999999999998,0.6021334012552946,72.72,4,4,211.261,4,1,0.45454545454545453,15
CHEMBL777,CLAVULANIC ACID,O=C(O)[C@H]1/C(=C/CO)O[C@@H]2CC(=O)N21,-1.0956,0.5513115228370621,87.07000000000001,4,2,199.16199999999998,2,2,0.5,14
CHEMBL778,DEXMEDETOMIDINE,Cc1cccc([C@H](C)c2c[nH]cn2)c1C,3.1783400000000013,0.7920749783499234,28.68,1,1,200.28500000000003,2,2,0.3076923076923077,15
CHEMBL779,TADALAFIL,CN1CC(=O)N2[C@H](c3ccc4c(c3)OCO4)c3[nH]c4ccccc4c3C[C@@H]2C1=O,2.2112999999999996,0.6925587527204075,74.87,4,1,389.4110000000002,1,6,0.2727272727272727,29
CHEMBL33986,BUTORPHANOL,Oc1ccc2c(c1)[C@@]13CCCC[C@@]1(O)[C@@H](C2)N(CC1CCC1)CC3,3.3656000000000015,0.875191488403328,43.7,3,2,327.46800000000013,2,5,0.7142857142857143,24
CHEMBL780,PENTETIC ACID,O=C(O)CN(CCN(CC(=O)O)CC(=O)O)CCN(CC(=O)O)CC(=O)O,-2.6845999999999934,0.18191710880196524,196.21999999999997,8,5,393.3490000000002,16,0,0.6428571428571429,27
CHEMBL781,MAZINDOL,OC1(c2ccc(Cl)cc2)c2ccccc2C2=NCCN21,2.6092000000000004,0.8737077174467992,35.830000000000005,3,1,284.74600000000004,1,4,0.1875,20
CHEMBL290106,BITHIONOL,Oc1c(Cl)cc(Cl)cc1Sc1cc(Cl)cc(Cl)c1O,5.862600000000001,0.7079213197705984,40.46,3,2,356.057,2,2,0.0,19
CHEMBL782,TOLBUTAMIDE,CCCCNC(=O)NS(=O)(=O)c1ccc(C)cc1,1.78302,0.8008194430489943,75.27000000000001,3,2,270.354,5,1,0.4166666666666667,18
CHEMBL783,NATEGLINIDE,CC(C)[C@H]1CC[C@H](C(=O)N[C@H](Cc2ccccc2)C(=O)O)CC1,3.2609000000000012,0.8460610896604897,66.4,2,2,317.42900000000014,6,2,0.5789473684210527,23
CHEMBL33864,"LIPOIC ACID, ALPHA",O=C(O)CCCCC1CCSS1,2.7851000000000017,0.5541818739705442,37.3,3,1,206.332,5,1,0.875,12
CHEMBL786,TAMOXIFEN CITRATE,CC/C(=C(\c1ccccc1)c1ccc(OCCN(C)C)cc1)c1ccccc1.O=C(O)CC(O)(CC(=O)O)C(=O)O,4.747600000000002,0.2165909283482016,144.6,6,4,563.6470000000003,13,3,0.28125,41
CHEMBL787,MONTELUKAST,CC(C)(O)c1ccccc1CC[C@@H](SCC1(CC(=O)O)CC1)c1cccc(/C=C/c2ccc3ccc(Cl)cc3n2)c1,8.948000000000002,0.1735643864602374,70.42,4,2,586.1970000000001,12,5,0.3142857142857143,41
CHEMBL788,IDOXURIDINE,O=c1[nH]c(=O)n([C@H]2C[C@H](O)[C@@H](CO)O2)cc1I,-1.2181000000000002,0.578029884636738,104.55000000000001,6,3,354.1,2,2,0.5555555555555556,17
CHEMBL36506,NOVOBIOCIN,CO[C@@H]1[C@@H](OC(N)=O)[C@@H](O)[C@H](Oc2ccc3c(O)c(NC(=O)c4ccc(O)c(CC=C(C)C)c4)c(=O)oc3c2C)OC1(C)C,3.6271200000000023,0.18374628974710105,200.00999999999996,11,5,612.6320000000002,8,4,0.3870967741935484,44
CHEMBL152,CIDOFOVIR ANHYDROUS,Nc1ccn(C[C@@H](CO)OCP(=O)(O)O)c(=O)n1,-1.6618000000000002,0.45197128428898714,147.89999999999998,7,4,279.18899999999996,6,1,0.5,18
CHEMBL790,CHLORHEXIDINE,N=C(NCCCCCCNC(=N)NC(=N)Nc1ccc(Cl)cc1)NC(=N)Nc1ccc(Cl)cc1,4.175280000000002,0.13939807377178318,167.58,4,10,505.4580000000002,9,2,0.2727272727272727,34
CHEMBL32800,FENOTEROL,CC(Cc1ccc(O)cc1)NCC(O)c1cc(O)cc(O)c1,2.0576,0.5631106475775396,92.95,5,5,303.358,6,2,0.29411764705882354,22
CHEMBL796,METHYLPHENIDATE,COC(=O)C(c1ccccc1)C1CCCCN1,2.0852999999999997,0.8123400616112664,38.33,3,1,233.31099999999995,3,2,0.5,17
CHEMBL285674,ESTAZOLAM,Clc1ccc2c(c1)C(c1ccccc1)=NCc1nncn1-2,3.2717000000000027,0.691129049070368,43.07,4,0,294.745,1,4,0.0625,21
CHEMBL797,PHENSUXIMIDE,CN1C(=O)CC(c2ccccc2)C1=O,1.1588999999999998,0.621507214134734,37.38,2,0,189.214,1,2,0.2727272727272727,14
CHEMBL34259,METHOTREXATE,CN(Cc1cnc2nc(N)nc(N)c2n1)c1ccc(C(=O)N[C@@H](CCC(=O)O)C(=O)O)cc1,0.2684000000000012,0.29472034504927447,210.53999999999996,10,5,454.44700000000023,9,3,0.25,33
CHEMBL284092,GEPIRONE,CC1(C)CC(=O)N(CCCCN2CCN(c3ncccn3)CC2)C(=O)C1,1.5539999999999996,0.5670068538462075,69.64000000000001,6,0,359.47400000000016,6,3,0.6842105263157895,26
CHEMBL799,CILOSTAZOL,O=C1CCc2cc(OCCCCc3nnnn3C3CCCCC3)ccc2N1,3.4647000000000014,0.755913406639335,81.93,6,1,369.4690000000002,7,4,0.6,27
CHEMBL802,MINOXIDIL,Nc1cc(N2CCCCC2)nc(N)[n+]1[O-],-0.13029999999999975,0.49592964212759716,95.11,5,2,209.25300000000001,1,2,0.5555555555555556,15
CHEMBL154,NAPROXEN,COc1ccc2cc([C@H](C)C(=O)O)ccc2c1,3.036500000000001,0.8810778082204156,46.53,2,1,230.26299999999998,3,2,0.21428571428571427,17
CHEMBL416956,MEFLOQUINE,OC(c1cc(C(F)(F)F)nc2c(C(F)(F)F)cccc12)C1CCCCN1,4.447900000000003,0.7594432549357207,45.150000000000006,3,2,378.31600000000014,2,3,0.47058823529411764,26
CHEMBL803,CYTARABINE,Nc1ccn([C@@H]2O[C@H](CO)[C@@H](O)[C@@H]2O)c(=O)n1,-2.563,0.4489304892314893,130.82999999999998,8,4,243.21900000000002,2,2,0.5555555555555556,17
CHEMBL806,FLUTAMIDE,CC(C)C(=O)Nc1ccc([N+](=O)[O-])c(C(F)(F)F)c1,3.2081000000000017,0.6801783581027343,72.24,3,1,276.21399999999994,3,1,0.36363636363636365,19
CHEMBL807,MEMANTINE,CC12CC3CC(C)(C1)CC(N)(C3)C2,2.6941000000000006,0.6076471131693595,26.02,1,1,179.307,0,4,1.0,13
CHEMBL808,ECONAZOLE,Clc1ccc(COC(Cn2ccnc2)c2ccc(Cl)cc2Cl)cc1,5.801400000000003,0.5391871956552778,27.05,3,0,381.69000000000005,6,3,0.16666666666666666,24
CHEMBL809,SERTRALINE,CN[C@H]1CC[C@@H](c2ccc(Cl)c(Cl)c2)c2ccccc21,5.179600000000004,0.8058613927728192,12.03,1,1,306.236,2,3,0.29411764705882354,20
CHEMBL36715,PIRACETAM,NC(=O)CN1CCCC1=O,-0.9059000000000004,0.5423834786401206,63.400000000000006,2,1,142.158,2,1,0.6666666666666666,10
CHEMBL810,TEMOZOLOMIDE,Cn1nnc2c(C(N)=O)ncn2c1=O,-2.078099999999999,0.5601191738811692,108.17000000000002,7,1,194.154,1,2,0.16666666666666666,14
CHEMBL37390,PROXYPHYLLINE,CC(O)Cn1cnc2c1c(=O)n(C)c(=O)n2C,-1.1855,0.7132465100276424,82.05000000000001,7,1,238.24699999999999,2,2,0.5,17
CHEMBL811,BROMPHENIRAMINE,CN(C)CCC(c1ccc(Br)cc1)c1ccccn1,3.9277000000000024,0.8300542359520316,16.130000000000003,2,0,319.246,5,2,0.3125,19
CHEMBL37744,ZIMELDINE,CN(C)C/C=C(/c1ccc(Br)cc1)c1cccnc1,3.8374000000000024,0.8516726555149139,16.130000000000003,2,0,317.22999999999996,4,2,0.1875,19
CHEMBL812,PYRIDOSTIGMINE BROMIDE,CN(C)C(=O)Oc1ccc[n+](C)c1.[Br-],-2.4244999999999974,0.5269729547998269,33.42,2,0,261.11899999999997,1,1,0.3333333333333333,14
CHEMBL813,EPROSARTAN,CCCCc1ncc(/C=C(\Cc2cccs2)C(=O)O)n1Cc1ccc(C(=O)O)cc1,4.744400000000003,0.458535897261046,92.42,5,2,424.52200000000016,10,3,0.2608695652173913,30
CHEMBL289469,GRANISETRON,CN1C2CCCC1CC(NC(=O)c1nn(C)c3ccccc13)C2,2.3183999999999996,0.9256729590726124,50.160000000000004,4,1,312.4170000000001,2,4,0.5555555555555556,23
CHEMBL814,FLUVOXAMINE,COCCCC/C(=N\OCCN)c1ccc(C(F)(F)F)cc1,3.201500000000001,0.432027738820179,56.84,4,1,318.339,9,1,0.5333333333333333,22
CHEMBL441738,AFAMELANOTIDE,CCCC[C@H](NC(=O)[C@H](CO)NC(=O)[C@H](Cc1ccc(O)cc1)NC(=O)[C@H](CO)NC(C)=O)C(=O)N[C@@H](CCC(=O)O)C(=O)N[C@@H](Cc1c[nH]cn1)C(=O)N[C@H](Cc1ccccc1)C(=O)N[C@@H](CCCNC(=N)N)C(=O)N[C@@H](Cc1c[nH]c2ccccc12)C(=O)NCC(=O)N[C@@H](CCCCN)C(=O)N1CCC[C@H]1C(=O)N[C@H](C(N)=O)C(C)C,-4.099729999999994,0.009995668027430179,642.9799999999999,21,23,1646.8740000000005,50,6,0.5,118
CHEMBL815,DINOPROST,CCCCC[C@H](O)/C=C/[C@@H]1[C@@H](C/C=C\CCCC(=O)O)[C@@H](O)C[C@H]1O,3.042900000000001,0.3189173783556326,97.99000000000001,4,4,354.487,12,1,0.75,25
CHEMBL39736,BUFORMIN,CCCCNC(=N)NC(=N)N,-0.20605999999999913,0.22266397301987412,97.78,2,5,157.22099999999998,3,0,0.6666666666666666,11
CHEMBL38827,LUMEFANTRINE,CCCCN(CCCC)CC(O)c1cc(Cl)cc2c1-c1ccc(Cl)cc1/C2=C/c1ccc(Cl)cc1,9.151699999999998,0.22168669383907116,23.47,2,1,528.9510000000001,10,4,0.3333333333333333,35
CHEMBL817,TOLAZAMIDE,Cc1ccc(S(=O)(=O)NC(=O)NN2CCCCCC2)cc1,1.7739199999999995,0.8915880432277354,78.50999999999999,4,2,311.4070000000001,3,2,0.5,21
CHEMBL818,IOBENGUANE,N=C(N)NCc1cccc(I)c1,1.27427,0.43224958777888783,61.900000000000006,1,3,275.09299999999996,2,1,0.125,12
CHEMBL819,OXACILLIN,Cc1onc(-c2ccccc2)c1C(=O)N[C@@H]1C(=O)N2[C@@H]1SC(C)(C)[C@@H]2C(=O)O,1.89532,0.7524509230706136,112.74,6,2,401.44400000000013,4,4,0.3684210526315789,28
CHEMBL290960,NIFURTIMOX,CC1CS(=O)(=O)CCN1/N=C/c1ccc([N+](=O)[O-])o1,0.6406000000000001,0.45856823532939023,106.02,7,0,287.297,3,2,0.5,19
CHEMBL820,BUSULFAN,CS(=O)(=O)OCCCCOS(C)(=O)=O,-0.2809999999999997,0.453312740145793,86.74000000000001,6,0,246.30599999999998,7,0,1.0,14
CHEMBL821,GUANIDINE,N=C(N)N,-1.1614300000000002,0.2429555006684892,75.89,1,3,59.071999999999996,0,0,0.0,4
CHEMBL822,TERBINAFINE,CN(C/C=C/C#CC(C)(C)C)Cc1cccc2ccccc12,4.877300000000004,0.7258618266744273,3.24,1,0,291.438,4,2,0.3333333333333333,22
CHEMBL826,ENOXACIN,CCn1cc(C(=O)O)c(=O)c2cc(F)c(N3CCNCC3)nc21,0.6633000000000002,0.863919065170168,87.46000000000001,6,2,320.324,3,3,0.4,23
CHEMBL827,DEXMETHYLPHENIDATE,COC(=O)[C@H](c1ccccc1)[C@H]1CCCCN1,2.0852999999999997,0.8123400616112664,38.33,3,1,233.31099999999995,3,2,0.5,17
CHEMBL264374,BEZAFIBRATE,CC(C)(Oc1ccc(CCNC(=O)c2ccc(Cl)cc2)cc1)C(=O)O,3.554500000000001,0.7902868665254312,75.63,3,2,361.82500000000005,7,2,0.2631578947368421,25
CHEMBL829,METHYLPROMAZINE,CC(CN(C)C)CN1c2ccccc2Sc2ccccc21,4.487000000000004,0.8210774052142695,6.48,3,0,298.45500000000004,4,3,0.3333333333333333,21
CHEMBL43128,PRIMAQUINE PHOSPHATE,COc1cc(NC(C)CCCN)c2ncccc2c1.O=P(O)(O)O.O=P(O)(O)O,0.9255000000000004,0.28541250759742975,215.68999999999997,6,8,455.341,6,2,0.4,29
CHEMBL830,EFLORNITHINE,NCCCC(N)(C(=O)O)C(F)F,-0.22749999999999942,0.5476125873309401,89.34,3,3,182.17,5,0,0.8333333333333334,12
CHEMBL831,LOXAPINE,CN1CCN(C2=Nc3ccccc3Oc3ccc(Cl)cc32)CC1,3.7714000000000025,0.736992877851952,28.07,4,0,327.8150000000001,0,4,0.2777777777777778,23
CHEMBL832,SULFINPYRAZONE,O=C1C(CC[S+]([O-])c2ccccc2)C(=O)N(c2ccccc2)N1c1ccccc1,3.795500000000003,0.4637535306291197,63.68,3,0,404.4910000000001,6,4,0.13043478260869565,29
CHEMBL288470,AMINOPYRINE,Cc1c(N(C)C)c(=O)n(-c2ccccc2)n1C,1.55042,0.7846896255721666,30.17,4,0,231.29900000000004,2,2,0.3076923076923077,17
CHEMBL833,TICLOPIDINE,Clc1ccccc1CN1CCc2sccc2C1,3.959800000000002,0.7928094140981296,3.24,2,0,263.793,2,3,0.2857142857142857,17
CHEMBL290916,EDARAVONE,CC1=NN(c2ccccc2)C(=O)C1,1.7992,0.6385441833835214,32.67,2,0,174.20299999999995,1,2,0.2,13
CHEMBL834,PAMIDRONIC ACID,NCCC(O)(P(=O)(O)O)P(=O)(O)O,-1.6633000000000002,0.3151248095305007,161.30999999999997,4,6,235.069,4,0,1.0,13
CHEMBL289480,RILMENIDINE,C1COC(NC(C2CC2)C2CC2)=N1,1.1507999999999994,0.7065401720135196,33.62,3,1,180.25099999999998,3,3,0.9,13
CHEMBL291157,ROSOXACIN,CCn1cc(C(=O)O)c(=O)c2ccc(-c3ccncc3)cc21,2.781600000000001,0.8058885246153226,72.19,4,1,294.31,3,3,0.11764705882352941,22
CHEMBL836,TAMSULOSIN,CCOc1ccccc1OCCN[C@H](C)Cc1ccc(OC)c(S(N)(=O)=O)c1,2.3409000000000004,0.55378695740702,99.88,6,2,408.5200000000001,11,2,0.4,28
CHEMBL158,AZTREONAM,C[C@H]1[C@H](NC(=O)/C(=N\OC(C)(C)C(=O)O)c2csc(N)n2)C(=O)N1S(=O)(=O)O,-1.1724999999999979,0.17478822451364606,201.57999999999998,10,4,435.44000000000017,7,2,0.46153846153846156,28
CHEMBL44354,CEFTAZIDIME,CC(C)(O/N=C(\C(=O)N[C@@H]1C(=O)N2C(C(=O)[O-])=C(C[n+]3ccccc3)CS[C@H]12)c1csc(N)n1)C(=O)O,-1.2991999999999946,0.14740150966845048,191.22,11,3,546.5870000000002,9,4,0.3181818181818182,37
CHEMBL838,BENAZEPRIL,CCOC(=O)[C@H](CCc1ccccc1)N[C@H]1CCc2ccccc2N(CC(=O)O)C1=O,2.5731,0.6009534602811888,95.94,5,2,424.49700000000024,9,3,0.375,31
CHEMBL41286,DIACEREIN,CC(=O)Oc1cccc2c1C(=O)c1c(OC(C)=O)cc(C(=O)O)cc1C2=O,2.0107999999999997,0.5498381537815612,124.04000000000002,7,1,368.2970000000001,3,3,0.10526315789473684,27
CHEMBL41355,EZOGABINE,CCOC(=O)Nc1ccc(NCc2ccc(F)cc2)cc1N,3.588400000000001,0.7377751534580852,76.38,4,3,303.33700000000005,5,2,0.1875,22
CHEMBL288441,BOSUTINIB,COc1cc(Nc2c(C#N)cnc3cc(OCCCN4CCN(C)CC4)c(OC)cc23)c(Cl)cc1Cl,5.190380000000005,0.3788289261994078,82.88,8,1,530.4560000000004,9,4,0.38461538461538464,36
CHEMBL839,CARTEOLOL,CC(C)(C)NCC(O)COc1cccc2c1CCC(=O)N2,1.6990999999999998,0.7723075202218123,70.58999999999999,4,3,292.37899999999996,5,2,0.5625,21
CHEMBL841,LOPERAMIDE,CN(C)C(=O)C(CCN1CCC(O)(c2ccc(Cl)cc2)CC1)(c1ccccc1)c1ccccc1,5.088000000000005,0.5163157587714763,43.78,3,1,477.0480000000002,7,4,0.3448275862068966,34
CHEMBL842,CHLOROTHIAZIDE,NS(=O)(=O)c1cc2c(cc1Cl)N=CNS2(=O)=O,-0.0608999999999999,0.7539227220961292,118.69,5,2,295.72900000000004,1,2,0.0,17
CHEMBL843,ROSIGLITAZONE MALEATE,CN(CCOc1ccc(CC2SC(=O)NC2=O)cc1)c1ccccn1.O=C(O)/C=C\C(=O)O,2.2027,0.4632393397151629,146.13,8,3,473.5070000000001,9,3,0.22727272727272727,33
CHEMBL844,BRIMONIDINE,Brc1c(NC2=NCCN2)ccc2nccnc12,1.7633999999999999,0.8405283183567286,62.2,5,2,292.14000000000004,1,3,0.18181818181818182,17
CHEMBL43452,POMALIDOMIDE,Nc1cccc2c1C(=O)N(C1CCC(=O)NC1=O)C2=O,-0.3299999999999998,0.5375391722332333,109.57,5,2,273.248,1,3,0.23076923076923078,20
CHEMBL846,CALCITRIOL,C=C1/C(=C\C=C2/CCC[C@]3(C)[C@@H]([C@H](C)CCCC(C)(C)O)CC[C@@H]23)C[C@@H](O)C[C@@H]1O,5.704700000000008,0.5199919050350968,60.69,3,3,416.6460000000002,6,3,0.7777777777777778,30
CHEMBL847,OXAMNIQUINE,CC(C)NCC1CCc2cc(CO)c([N+](=O)[O-])cc2N1,1.8117999999999996,0.5649653084192341,87.42999999999999,5,3,279.34,5,2,0.5714285714285714,20
CHEMBL848,LENALIDOMIDE,Nc1cccc2c1CN(C1CCC(=O)NC1=O)C2=O,0.029799999999999882,0.5494349129687401,92.5,4,2,259.265,1,3,0.3076923076923077,19
CHEMBL42336,METHIONINE,CSCC[C@H](N)C(=O)O,0.1513999999999998,0.596996208092774,63.32000000000001,3,2,149.215,4,0,0.8,9
CHEMBL42403,BORIC ACID,OB(O)O,-2.0518,0.2827937198183339,60.69,3,3,61.83300000000001,0,0,0.0,4
CHEMBL849,TRICLOSAN,Oc1cc(Cl)ccc1Oc1ccc(Cl)cc1Cl,5.144700000000002,0.8286850628089901,29.46,2,1,289.54499999999996,2,2,0.0,17
CHEMBL850,SPARFLOXACIN,C[C@@H]1CN(c2c(F)c(N)c3c(=O)c(C(=O)O)cn(C4CC4)c3c2F)C[C@H](C)N1,2.0816,0.6918289177745705,100.59,6,3,392.4060000000002,3,4,0.47368421052631576,28
CHEMBL852,MELPHALAN,N[C@@H](Cc1ccc(N(CCCl)CCCl)cc1)C(=O)O,1.925,0.720239222897486,66.56,3,2,305.205,8,1,0.46153846153846156,19
CHEMBL297302,BENPERIDOL,O=C(CCCN1CCC(n2c(=O)[nH]c3ccccc32)CC1)c1ccc(F)cc1,3.7687000000000026,0.6615100784619949,58.1,4,1,381.4510000000002,6,4,0.36363636363636365,28
CHEMBL853,ZALCITABINE,Nc1ccn([C@H]2CC[C@@H](CO)O2)c(=O)n1,-0.5046000000000002,0.6875458801290978,90.36999999999999,6,2,211.22099999999998,2,2,0.5555555555555556,15
CHEMBL855,TRIPROLIDINE,Cc1ccc(/C(=C\CN2CCCC2)c2ccccn2)cc1,3.917520000000003,0.8424584892829,16.130000000000003,2,0,278.399,4,3,0.3157894736842105,21
CHEMBL45029,MEPHOBARBITAL,CCC1(c2ccccc2)C(=O)NC(=O)N(C)C1=O,1.0426,0.7928342464339935,66.48,3,1,246.26599999999993,2,2,0.3076923076923077,18
CHEMBL46399,PHENAZOCINE,CC1C2Cc3ccc(O)cc3C1(C)CCN2CCc1ccccc1,4.159100000000004,0.9174127798087979,23.47,2,1,321.46399999999994,3,4,0.45454545454545453,24
CHEMBL296419,ASTEMIZOLE,COc1ccc(CCN2CCC(Nc3nc4ccccc4n3Cc3ccc(F)cc3)CC2)cc1,5.351300000000005,0.3864771407563315,42.32,5,1,458.58100000000024,8,5,0.32142857142857145,34
CHEMBL46740,BAZEDOXIFENE,Cc1c(-c2ccc(O)cc2)n(Cc2ccc(OCCN3CCCCCC3)cc2)c2ccc(O)cc12,6.331020000000006,0.33131053207224875,57.86,5,2,470.6130000000003,7,5,0.3333333333333333,35
CHEMBL856,PRIMIDONE,CCC1(c2ccccc2)C(=O)NCNC1=O,0.5378999999999999,0.7116448391760646,58.2,2,2,218.25599999999994,2,2,0.3333333333333333,16
CHEMBL857,BIOTIN,O=C(O)CCCC[C@@H]1SC[C@@H]2NC(=O)N[C@@H]21,0.7968000000000001,0.49347811519219625,78.43,3,3,244.31600000000003,5,2,0.8,16
CHEMBL859,OXYPURINOL,Oc1nc(O)c2cn[nH]c2n1,-0.23590000000000017,0.4840235873519778,94.92,5,3,152.113,0,2,0.0,11
CHEMBL861,MEPHENYTOIN,CCC1(c2ccccc2)NC(=O)N(C)C1=O,1.4735000000000003,0.764131318230403,49.410000000000004,2,1,218.25599999999994,2,2,0.3333333333333333,16
CHEMBL46917,CARBARIL,CNC(=O)Oc1cccc2ccccc12,2.5580000000000007,0.7695670306859667,38.33,2,1,201.225,1,2,0.08333333333333333,15
CHEMBL862,GUANFACINE,N=C(N)NC(=O)Cc1c(Cl)cccc1Cl,1.5455700000000003,0.5462961576523643,78.97,2,3,246.097,2,1,0.1111111111111111,15
CHEMBL863,CYSTEINE,N[C@@H](CS)C(=O)O,-0.6719000000000002,0.42438150224218973,63.32000000000001,3,3,121.16099999999997,2,0,0.6666666666666666,7
CHEMBL46516,FLUSPIRILENE,O=C1NCN(c2ccccc2)C12CCN(CCCC(c1ccc(F)cc1)c1ccc(F)cc1)CC2,5.305400000000005,0.5034442668970902,35.580000000000005,3,1,475.58300000000014,7,5,0.3448275862068966,35
CHEMBL864,CARBINOXAMINE,CN(C)CCOC(c1ccc(Cl)cc1)c1ccccn1,3.4026000000000023,0.8151739333124051,25.36,3,0,290.794,6,2,0.3125,20
CHEMBL43064,CINNARIZINE,C(=C/c1ccccc1)\CN1CCN(C(c2ccccc2)c2ccccc2)CC1,5.1070000000000055,0.5966660766331066,6.48,2,0,368.5240000000001,6,4,0.23076923076923078,28
CHEMBL46469,ANTHRALIN,O=C1c2c(O)cccc2Cc2cccc(O)c21,2.233000000000001,0.6176487107650026,57.53,3,2,226.23099999999997,0,3,0.07142857142857142,17
CHEMBL865,VALDECOXIB,Cc1onc(-c2ccccc2)c1-c1ccc(S(N)(=O)=O)cc1,2.9644200000000005,0.8049353387121051,86.19,4,1,314.36600000000004,3,3,0.0625,22
CHEMBL296913,PARECOXIB SODIUM,CCC(=O)[N-]S(=O)(=O)c1ccc(-c2c(-c3ccccc3)noc2C)cc1.[Na+],1.3200199999999997,0.6109827481756311,91.34,5,0,392.4120000000001,5,3,0.15789473684210525,27
CHEMBL44884,ETHAMBUTOL,CC[C@@H](CO)NCCN[C@@H](CC)CO,-0.292599999999999,0.3896708755641931,64.52,4,4,204.314,9,0,1.0,14
CHEMBL46058,ETHYL CHLORIDE,CCCl,1.2451,0.37198554725482313,0.0,0,0,64.515,0,0,1.0,3
CHEMBL44618,CHLOROFORM,ClC(Cl)Cl,1.9864,0.4278591758228658,0.0,0,0,119.37800000000001,0,0,1.0,4
CHEMBL866,MYCOPHENOLIC ACID,COc1c(C)c2c(c(O)c1C/C=C(\C)CCC(=O)O)C(=O)OC2,2.73322,0.6181996922805278,93.06000000000002,5,2,320.341,6,2,0.4117647058823529,23
CHEMBL44657,ETOPOSIDE,COc1cc([C@@H]2c3cc4c(cc3[C@@H](O[C@@H]3O[C@@H]5CO[C@@H](C)O[C@H]5[C@H](O)[C@H]3O)[C@H]3COC(=O)[C@H]23)OCO4)cc(OC)c1O,1.3385999999999993,0.4298292584463983,160.83,13,3,588.5620000000004,5,7,0.5517241379310345,42
CHEMBL867,IOPANOIC ACID,CCC(Cc1c(I)cc(I)c(N)c1I)C(=O)O,3.7359000000000018,0.42841731450030507,63.32000000000001,2,2,570.9340000000001,4,1,0.36363636363636365,17
CHEMBL46286,OMACETAXINE MEPESUCCINATE,COC(=O)C[C@](O)(CCCC(C)(C)O)C(=O)O[C@@H]1C(OC)=C[C@]23CCCN2CCc2cc4c(cc2[C@H]13)OCO4,2.5807,0.4476247910169288,123.99000000000002,10,2,545.6290000000004,9,5,0.6551724137931034,39
CHEMBL48449,CANTHARIDIN,C[C@@]12C(=O)OC(=O)[C@]1(C)[C@H]1CC[C@@H]2O1,0.6436,0.42124595946297344,52.60000000000001,4,0,196.20199999999997,0,3,0.8,14
CHEMBL262777,VANCOMYCIN,CN[C@H](CC(C)C)C(=O)N[C@H]1C(=O)N[C@@H](CC(N)=O)C(=O)N[C@H]2C(=O)N[C@H]3C(=O)N[C@H](C(=O)N[C@H](C(=O)O)c4cc(O)cc(O)c4-c4cc3ccc4O)[C@H](O)c3ccc(c(Cl)c3)Oc3cc2cc(c3O[C@@H]2O[C@H](CO)[C@@H](O)[C@H](O)[C@H]2O[C@H]2C[C@](C)(N)[C@H](O)[C@H](C)O2)Oc2ccc(cc2Cl)[C@H]1O,0.10620000000000512,0.07434800355531383,530.4900000000002,25,19,1449.2710000000004,13,12,0.42424242424242425,101
CHEMBL869,NITROFURAZONE,NC(=O)N/N=C/c1ccc([N+](=O)[O-])o1,0.19000000000000006,0.40818931541952863,123.76,5,2,198.13799999999998,3,1,0.0,14
CHEMBL870,ALENDRONIC ACID,NCCCC(O)(P(=O)(O)O)P(=O)(O)O,-1.2731999999999999,0.32829033524227796,161.30999999999997,4,6,249.096,5,0,1.0,14
CHEMBL871,ETIDRONIC ACID,CC(O)(P(=O)(O)O)P(=O)(O)O,-0.9922000000000002,0.36558296000069435,135.29000000000002,3,5,206.027,2,0,1.0,11
CHEMBL159,VINBLASTINE,CC[C@]1(O)C[C@@H]2CN(CCc3c([nH]c4ccccc34)[C@@](C(=O)OC)(c3cc4c(cc3OC)N(C)[C@H]3[C@@](O)(C(=O)OC)[C@H](OC(C)=O)[C@]5(CC)C=CCN6CC[C@]43[C@@H]65)C2)C1,3.9909000000000034,0.179801053533736,154.10000000000002,12,3,810.9889999999998,7,9,0.5869565217391305,59
CHEMBL45816,MIBEFRADIL,COCC(=O)O[C@]1(CCN(C)CCCc2nc3ccccc3[nH]2)CCc2cc(F)ccc2[C@@H]1C(C)C,5.270900000000005,0.3671828919918632,67.45,5,1,495.6390000000002,11,4,0.5172413793103449,36
CHEMBL295698,LEVOKETOCONAZOLE,CC(=O)N1CCN(c2ccc(OC[C@@H]3CO[C@@](Cn4ccnc4)(c4ccc(Cl)cc4Cl)O3)cc2)CC1,4.205800000000003,0.45541449702144693,69.06,7,0,531.4399999999999,7,5,0.38461538461538464,36
CHEMBL298470,TAFENOQUINE,COc1cc(C)c2c(Oc3cccc(C(F)(F)F)c3)c(OC)cc(NC(C)CCCN)c2n1,5.910820000000005,0.4107301234210515,78.63,6,2,463.5000000000003,9,3,0.375,33
CHEMBL160,CYCLOSPORINE,C/C=C/C[C@@H](C)[C@@H](O)[C@H]1C(=O)N[C@@H](CC)C(=O)N(C)CC(=O)N(C)[C@@H](CC(C)C)C(=O)N[C@@H](C(C)C)C(=O)N(C)[C@@H](CC(C)C)C(=O)N[C@@H](C)C(=O)N[C@H](C)C(=O)N(C)[C@@H](CC(C)C)C(=O)N(C)[C@@H](CC(C)C)C(=O)N(C)[C@@H](C(C)C)C(=O)N1C,3.2690000000000046,0.14792471467331686,278.8,12,5,1202.634999999999,15,1,0.7903225806451613,85
CHEMBL877,TRANEXAMIC ACID,NC[C@H]1CC[C@H](C(=O)O)CC1,0.8361000000000001,0.6238523859342106,63.32000000000001,2,2,157.21299999999997,2,1,0.875,11
CHEMBL878,METOLAZONE,Cc1ccccc1N1C(=O)c2cc(S(N)(=O)=O)c(Cl)cc2NC1C,2.714120000000001,0.8553020577996142,92.5,4,2,365.8420000000001,2,3,0.1875,24
CHEMBL880,FAMCICLOVIR,CC(=O)OCC(CCn1cnc2cnc(N)nc21)COC(C)=O,0.5409999999999998,0.733115342152729,122.22,9,1,321.33700000000016,7,2,0.5,23
CHEMBL49080,CLENBUTEROL,CC(C)(C)NCC(O)c1cc(Cl)c(N)c(Cl)c1,2.9971000000000005,0.7442931078481675,58.28,3,3,277.195,3,1,0.5,17
CHEMBL885,EMTRICITABINE,Nc1nc(=O)n([C@@H]2CS[C@H](CO)O2)cc1F,-0.4550000000000003,0.7349748054075844,90.37,7,2,247.25099999999998,2,2,0.5,16
CHEMBL887,RASAGILINE,C#CCN[C@@H]1CCc2ccccc21,1.8967,0.6700261204475028,12.03,1,1,171.243,2,2,0.3333333333333333,13
CHEMBL888,GEMCITABINE,Nc1ccn([C@@H]2O[C@H](CO)[C@@H](O)C2(F)F)c(=O)n1,-1.2886,0.6120873727300362,110.60000000000001,7,3,263.2,2,2,0.5555555555555556,18
CHEMBL296306,LACTULOSE,OC[C@H]1O[C@@H](O[C@@H]2[C@@H](CO)O[C@](O)(CO)[C@H]2O)[C@H](O)[C@@H](O)[C@H]1O,-5.395599999999993,0.23789143451934985,189.52999999999997,11,8,342.29699999999997,5,2,1.0,23
CHEMBL48582,SAFINAMIDE MESYLATE,CS(=O)(=O)O.C[C@H](NCc1ccc(OCc2cccc(F)c2)cc1)C(N)=O,1.8720999999999994,0.6128855183904028,118.72,5,3,398.4560000000001,7,2,0.2777777777777778,27
CHEMBL891,CLOXACILLIN,Cc1onc(-c2ccccc2Cl)c1C(=O)N[C@@H]1C(=O)N2[C@@H]1SC(C)(C)[C@@H]2C(=O)O,2.5487200000000003,0.7092649200190689,112.74,6,2,435.8890000000002,4,4,0.3684210526315789,29
CHEMBL299400,BUTORPHANOL TARTRATE,O=C(O)C(O)C(O)C(=O)O.Oc1ccc2c(c1)[C@@]13CCCC[C@@]1(O)[C@@H](C2)N(CC1CCC1)CC3,1.2429999999999992,0.3668158158693912,158.76000000000002,7,6,477.5540000000005,5,5,0.68,34
CHEMBL893,DICLOXACILLIN,Cc1onc(-c2c(Cl)cccc2Cl)c1C(=O)N[C@@H]1C(=O)N2[C@@H]1SC(C)(C)[C@@H]2C(=O)O,3.2021200000000007,0.660289548252613,112.74,6,2,470.3340000000002,4,4,0.3684210526315789,30
CHEMBL894,BUPROPION,CC(NC(C)(C)C)C(=O)c1cccc(Cl)c1,3.2993000000000023,0.8204937720146613,29.1,2,1,239.746,3,1,0.46153846153846156,16
CHEMBL895,NALBUPHINE,Oc1ccc2c3c1O[C@H]1[C@@H](O)CC[C@@]4(O)[C@@H](C2)N(CC2CCC2)CC[C@]314,1.7072999999999998,0.7514859268568042,73.16,5,3,357.4500000000003,2,6,0.7142857142857143,26
CHEMBL52440,DEXTROMETHORPHAN,COc1ccc2c(c1)[C@]13CCCC[C@@H]1[C@H](C2)N(C)CC3,3.3834000000000026,0.7761322150181272,12.47,2,0,271.404,1,4,0.6666666666666666,20
CHEMBL896,HYDROXYZINE,OCCOCCN1CCN(C(c2ccccc2)c2ccc(Cl)cc2)CC1,3.055900000000001,0.720292463198365,35.940000000000005,4,1,374.91200000000015,8,3,0.42857142857142855,26
CHEMBL897,PROBENECID,CCCN(CCC)S(=O)(=O)c1ccc(C(=O)O)cc1,2.1955,0.8330157421148819,74.68,3,1,285.36499999999995,7,1,0.46153846153846156,19
CHEMBL898,DIFLUNISAL,O=C(O)c1cc(-c2ccc(F)cc2F)ccc1O,3.035600000000001,0.860782458230497,57.53,2,2,250.19999999999996,2,2,0.0,18
CHEMBL900,ORPHENADRINE,Cc1ccccc1C(OCCN(C)C)c1ccccc1,3.662620000000003,0.7932087270574181,12.47,2,0,269.388,6,2,0.3333333333333333,20
CHEMBL902,FAMOTIDINE,NC(N)=Nc1nc(CSCC/C(N)=N/S(N)(=O)=O)cs1,-0.7679999999999998,0.28661243847385526,175.82999999999998,6,4,337.456,7,1,0.375,20
CHEMBL53292,ISOXICAM,Cc1cc(NC(=O)C2=C(O)c3ccccc3S(=O)(=O)N2C)no1,1.48242,0.8593888562486871,112.74,6,2,335.3410000000001,2,3,0.14285714285714285,23
CHEMBL53463,DOXORUBICIN,COc1cccc2c1C(=O)c1c(O)c3c(c(O)c1C2=O)C[C@@](O)(C(=O)CO)C[C@@H]3O[C@H]1C[C@H](N)[C@H](O)[C@H](C)O1,0.0012999999999993017,0.23526258168565614,206.07,12,6,543.5250000000003,5,5,0.4444444444444444,39
CHEMBL904,DEXMETHYLPHENIDATE HYDROCHLORIDE,COC(=O)[C@H](c1ccccc1)[C@H]1CCCCN1.Cl,2.5071000000000008,0.8572108764494875,38.33,3,1,269.77199999999993,3,2,0.5,18
CHEMBL905,RIZATRIPTAN,CN(C)CCc1c[nH]c2ccc(Cn3cncn3)cc12,1.9118000000000002,0.7695062288280017,49.74,4,1,269.35200000000003,5,3,0.3333333333333333,20
CHEMBL54126,NEOSTIGMINE BROMIDE,CN(C)C(=O)Oc1cccc([N+](C)(C)C)c1.[Br-],-1.052299999999998,0.6525653298590507,29.540000000000003,2,0,303.19999999999993,2,1,0.4166666666666667,17
CHEMBL908,CHLORPROTHIXENE,CN(C)CC/C=C1/c2ccccc2Sc2ccc(Cl)cc21,5.188000000000004,0.6542213588943052,3.24,2,0,315.869,3,3,0.2222222222222222,21
CHEMBL911,ZOLPIDEM,Cc1ccc(-c2nc3ccc(C)cn3c2CC(=O)N(C)C)cc1,3.2488400000000013,0.7446971593088008,37.61000000000001,3,0,307.39700000000005,3,3,0.2631578947368421,23
CHEMBL914,FEXOFENADINE,CC(C)(C(=O)O)c1ccc(C(O)CCCN2CCC(C(O)(c3ccccc3)c3ccccc3)CC2)cc1,5.510500000000006,0.3413059210334571,81.0,4,3,501.66700000000014,10,4,0.40625,37
CHEMBL915,NEDOCROMIL SODIUM,CCCc1c2oc(C(=O)[O-])cc(=O)c2cc2c(=O)cc(C(=O)[O-])n(CC)c12.[Na+].[Na+],-6.184699999999997,0.29917029401573947,132.47,8,0,415.30900000000014,5,3,0.2631578947368421,29
CHEMBL916,TIROFIBAN,CCCCS(=O)(=O)N[C@@H](Cc1ccc(OCCCCC2CCNCC2)cc1)C(=O)O,2.9505,0.3843022048921749,104.73,5,3,440.6060000000003,14,2,0.6818181818181818,30
CHEMBL53418,DANTHRON,O=C1c2cccc(O)c2C(=O)c2c(O)cccc21,1.873199999999999,0.628686275140444,74.6,4,2,240.21399999999997,0,3,0.0,18
CHEMBL917,FLOXURIDINE,O=c1[nH]c(=O)n([C@H]2C[C@H](O)[C@@H](CO)O2)cc1F,-1.6836,0.5776171321259124,104.55000000000001,6,3,246.194,2,2,0.5555555555555556,17
CHEMBL918,PHENACEMIDE,NC(=O)NC(=O)Cc1ccccc1,0.42399999999999954,0.6885995439708613,72.19,2,2,178.191,2,1,0.1111111111111111,13
CHEMBL919,FOSPHENYTOIN SODIUM,O=C1NC(c2ccccc2)(c2ccccc2)C(=O)N1COP(=O)([O-])[O-].[Na+].[Na+],-5.7071999999999985,0.3001844245544337,121.83000000000001,6,1,406.24200000000013,5,3,0.125,27
CHEMBL54349,ALPIDEM,CCCN(CCC)C(=O)Cc1c(-c2ccc(Cl)cc2)nc2ccc(Cl)cn12,5.4992000000000045,0.5216260598644259,37.61,3,0,404.34100000000007,7,3,0.3333333333333333,27
CHEMBL922,ADEFOVIR DIPIVOXIL,CC(C)(C)C(=O)OCOP(=O)(COCCn1cnc2c(N)ncnc21)OCOC(=O)C(C)(C)C,2.7025000000000006,0.2071524581096599,166.97999999999996,13,1,501.47700000000026,11,2,0.65,34
CHEMBL161,CEFTRIAXONE,CO/N=C(\C(=O)N[C@@H]1C(=O)N2C(C(=O)O)=C(CSc3nc(=O)c(O)nn3C)CS[C@H]12)c1csc(N)n1,-1.198999999999999,0.13068027340154376,215.22000000000003,15,4,554.592,8,4,0.3333333333333333,36
CHEMBL923,RISEDRONIC ACID,O=P(O)(O)C(O)(Cc1cccnc1)P(=O)(O)O,-0.3744000000000002,0.4696303686981007,148.18,4,5,283.113,4,1,0.2857142857142857,17
CHEMBL924,ZOLEDRONIC ACID ANHYDROUS,O=P(O)(O)C(O)(Cn1ccnc1)P(=O)(O)O,-1.1154000000000002,0.4319639935251941,153.10999999999999,5,5,272.09,4,1,0.4,16
CHEMBL264241,ANIDULAFUNGIN,CCCCCOc1ccc(-c2ccc(-c3ccc(C(=O)N[C@H]4C[C@@H](O)[C@@H](O)NC(=O)[C@@H]5[C@@H](O)[C@@H](C)CN5C(=O)[C@H]([C@@H](C)O)NC(=O)[C@H]([C@H](O)[C@@H](O)c5ccc(O)cc5)NC(=O)[C@@H]5C[C@@H](O)CN5C(=O)[C@H]([C@@H](C)O)NC4=O)cc3)cc2)cc1,-0.927099999999986,0.06786862062184118,377.41999999999996,17,14,1140.2540000000004,14,7,0.46551724137931033,82
CHEMBL925,TYROSINE,N[C@@H](Cc1ccc(O)cc1)C(=O)O,0.3466,0.6277204469356521,83.55,3,3,181.19099999999997,3,1,0.2222222222222222,13
CHEMBL926,DOBUTAMINE,CC(CCc1ccc(O)cc1)NCCc1ccc(O)c(O)c1,2.956800000000002,0.593334886982252,72.72,4,4,301.386,7,2,0.3333333333333333,22
CHEMBL927,CEFDINIR,C=CC1=C(C(=O)O)N2C(=O)[C@@H](NC(=O)/C(=N\O)c3csc(N)n3)[C@H]2SC1,-0.17179999999999884,0.23141750586057275,158.21000000000004,9,4,395.4220000000001,5,3,0.21428571428571427,26
CHEMBL54976,TRYPTOPHAN,N[C@@H](Cc1c[nH]c2ccccc12)C(=O)O,1.1223000000000003,0.7005840997557369,79.11,2,3,204.22899999999998,3,2,0.18181818181818182,15
CHEMBL928,DANTROLENE SODIUM,O=C1CN(/N=C/c2ccc(-c3ccc([N+](=O)[O-])cc3)o2)C(=O)[N-]1.[Na+],-0.47140000000000026,0.24564557617186797,120.12,6,0,336.23900000000003,4,3,0.07142857142857142,24
CHEMBL298734,LONAFARNIB,NC(=O)N1CCC(CC(=O)N2CCC([C@H]3c4ncc(Br)cc4CCc4cc(Cl)cc(Br)c43)CC2)CC1,5.909900000000006,0.45430057299885523,79.53,3,1,638.8319999999999,3,5,0.5185185185185185,36
CHEMBL929,DELAVIRDINE MESYLATE,CC(C)Nc1cccnc1N1CCN(C(=O)c2cc3cc(NS(C)(=O)=O)ccc3[nH]2)CC1.CS(=O)(=O)O,2.2211,0.3355766391159357,164.79999999999998,8,4,552.6790000000003,6,4,0.391304347826087,37
CHEMBL930,GLUTAMINE,NC(=O)CC[C@H](N)C(=O)O,-1.3361999999999998,0.4560917735982506,106.41000000000001,3,3,146.14600000000002,4,0,0.6,10
CHEMBL56367,NIMESULIDE,CS(=O)(=O)Nc1ccc([N+](=O)[O-])cc1Oc1ccccc1,2.7586000000000013,0.6760870934103842,98.54,5,1,308.315,5,2,0.07692307692307693,21
CHEMBL931,HALOTHANE,FC(F)(F)C(Cl)Br,2.5084999999999997,0.523506439863351,0.0,0,0,197.381,0,0,1.0,7
CHEMBL932,DIPYRIDAMOLE,OCCN(CCO)c1nc(N2CCCCC2)c2nc(N(CCO)CCO)nc(N3CCCCC3)c2n1,-0.017599999999997396,0.3081454686289042,145.44,12,4,504.6360000000004,12,4,0.75,36
CHEMBL934,METYRAPONE,CC(C)(C(=O)c1cccnc1)c1cccnc1,2.637100000000001,0.755476256361758,42.85,3,0,226.279,3,2,0.21428571428571427,17
CHEMBL936,DIPHENIDOL,OC(CCCN1CCCCC1)(c1ccccc1)c1ccccc1,4.188600000000004,0.8646915663127632,23.47,2,1,309.45300000000003,6,3,0.42857142857142855,23
CHEMBL937,DIETHYLCARBAMAZINE CITRATE,CCN(CC)C(=O)N1CCN(C)CC1.O=C(O)CC(O)(CC(=O)O)C(=O)O,-0.552899999999996,0.4462874122736616,158.92000000000002,6,4,391.42100000000016,7,1,0.75,27
CHEMBL938,SARALASIN,CNCC(=O)N[C@@H](CCCNC(=N)N)C(=O)N[C@H](C(=O)N[C@@H](Cc1ccc(O)cc1)C(=O)N[C@H](C(=O)N[C@@H](Cc1cnc[nH]1)C(=O)N1CCC[C@H]1C(=O)N[C@@H](C)C(=O)O)C(C)C)C(C)C,-2.3005299999999984,0.028329305688197186,355.04999999999995,12,13,912.0629999999998,25,3,0.5714285714285714,65
CHEMBL163,RITONAVIR,CC(C)c1nc(CN(C)C(=O)N[C@H](C(=O)N[C@@H](Cc2ccccc2)C[C@H](O)[C@H](Cc2ccccc2)NC(=O)OCc2cncs2)C(C)C)cs1,5.905200000000005,0.10624046585910327,145.77999999999997,9,4,720.9620000000001,17,4,0.43243243243243246,50
CHEMBL939,GEFITINIB,COc1cc2ncnc(Nc3ccc(F)c(Cl)c3)c2cc1OCCCN1CCOCC1,4.275600000000003,0.517854527865434,68.74000000000001,7,1,446.9100000000004,8,4,0.36363636363636365,31
CHEMBL55400,PROFLAVINE,Nc1ccc2cc3ccc(N)cc3nc2c1,2.5524000000000004,0.4414472626928828,64.93,3,2,209.25199999999998,0,3,0.0,16
CHEMBL940,GABAPENTIN,NCC1(CC(=O)O)CCCCC1,1.3702999999999994,0.6737273296978754,63.32000000000001,2,2,171.23999999999992,3,1,0.8888888888888888,12
CHEMBL301267,ARTEMOTIL,CCO[C@H]1O[C@@H]2O[C@@]3(C)CC[C@H]4[C@H](C)CC[C@@H]([C@H]1C)[C@@]24OO3,3.230900000000002,0.7326143216067356,46.150000000000006,5,0,312.406,2,5,1.0,22
CHEMBL291338,"3,3',4',5-TETRACHLOROSALICYLANILIDE",O=C(Nc1ccc(Cl)c(Cl)c1)c1cc(Cl)cc(Cl)c1O,5.258100000000002,0.7757257779528131,49.33,2,2,351.0160000000001,2,2,0.0,20
CHEMBL58323,LACOSAMIDE,COC[C@@H](NC(C)=O)C(=O)NCc1ccccc1,0.4539000000000007,0.7701920576724235,67.42999999999999,3,2,250.298,6,1,0.38461538461538464,18
CHEMBL941,IMATINIB,Cc1ccc(NC(=O)c2ccc(CN3CCN(C)CC3)cc2)cc1Nc1nccc(-c2cccnc2)n1,4.590320000000004,0.38941616262964607,86.28000000000002,7,2,493.6150000000002,7,5,0.2413793103448276,37
CHEMBL56564,TROPISETRON,CN1[C@@H]2CC[C@H]1C[C@@H](OC(=O)c1c[nH]c3ccccc13)C2,2.9499000000000013,0.8623995997288066,45.33,3,1,284.3590000000001,2,4,0.47058823529411764,21
CHEMBL301265,PRAMIPEXOLE,CCCN[C@H]1CCc2nc(N)sc2C1,1.5822,0.7978726845629878,50.94,4,2,211.33399999999997,3,2,0.7,14
CHEMBL942,BISACODYL,CC(=O)Oc1ccc(C(c2ccc(OC(C)=O)cc2)c2ccccn2)cc1,4.112400000000003,0.5053017377899989,65.49000000000001,5,0,361.39700000000005,5,3,0.13636363636363635,27
CHEMBL56337,EPALRESTAT,CC(/C=C1\SC(=S)N(CC(=O)O)C1=O)=C\c1ccccc1,2.918700000000001,0.6829097001636526,57.61000000000001,4,1,319.407,4,2,0.13333333333333333,21
CHEMBL944,CHLOROPROCAINE HYDROCHLORIDE,CCN(CC)CCOC(=O)c1ccc(N)cc1Cl.Cl,2.8426000000000005,0.6484077097820897,55.56,4,1,307.22099999999995,6,1,0.46153846153846156,19
CHEMBL945,AMILORIDE,N=C(N)NC(=O)c1nc(Cl)c(N)nc1N,-1.0823299999999998,0.3043612043102547,156.79,6,5,229.63099999999997,1,1,0.0,15
CHEMBL946,AZATADINE,CN1CCC(=C2c3ccccc3CCc3cccnc32)CC1,3.7077000000000027,0.7351080643084177,16.130000000000003,2,0,290.4100000000001,0,4,0.35,22
CHEMBL58510,CHLOROQUINE PHOSPHATE,CCN(CC)CCCC(C)Nc1ccnc2cc(Cl)ccc12.O=P(O)(O)O.O=P(O)(O)O,2.9534000000000047,0.25632779305876197,183.67999999999998,5,7,515.8680000000002,8,2,0.5,32
CHEMBL951,IOPHENDYLATE,CCOC(=O)CCCCCCCCC(C)c1ccc(I)cc1,6.078600000000006,0.24835980854388554,26.3,2,0,416.34299999999996,11,1,0.631578947368421,22
CHEMBL294199,CAPSAICIN,COc1cc(CNC(=O)CCCC/C=C/C(C)C)ccc1O,3.789600000000003,0.5388605597174689,58.56,3,2,305.418,9,1,0.5,22
CHEMBL953,ENTACAPONE,CCN(CC)C(=O)/C(C#N)=C/c1cc(O)c(O)c([N+](=O)[O-])c1,1.7813800000000002,0.28041853664893823,127.70000000000002,6,2,305.29,5,1,0.2857142857142857,22
CHEMBL61593,CYCLOTHIAZIDE,NS(=O)(=O)c1cc2c(cc1Cl)NC(C1CC3C=CC1C3)NS2(=O)=O,1.2295000000000003,0.6571692284800612,118.35999999999999,5,3,389.8860000000001,2,4,0.42857142857142855,24
CHEMBL956,SUPROFEN,CC(C(=O)O)c1ccc(C(=O)c2cccs2)cc1,3.167200000000001,0.8589607719574609,54.37,3,1,260.31399999999996,4,2,0.14285714285714285,18
CHEMBL957,BOSENTAN,COc1ccccc1Oc1c(NS(=O)(=O)c2ccc(C(C)(C)C)cc2)nc(-c2ncccn2)nc1OCCO,4.203900000000004,0.29391506545829377,145.65,10,2,551.6250000000002,10,4,0.25925925925925924,39
CHEMBL959,RIMANTADINE,CC(N)C12CC3CC(CC(C3)C1)C2,2.5500000000000007,0.657471607480536,26.02,1,1,179.30699999999996,1,4,1.0,13
CHEMBL960,LEFLUNOMIDE,Cc1oncc1C(=O)Nc1ccc(C(F)(F)F)cc1,3.2541200000000012,0.9108229912132475,55.13,3,1,270.21,2,2,0.16666666666666666,19
CHEMBL62193,SULFADIMETHOXINE,COc1cc(NS(=O)(=O)c2ccc(N)cc2)nc(OC)n1,0.8768,0.7870878791639985,116.43,7,2,310.3350000000001,5,2,0.16666666666666666,21
CHEMBL61006,PHENYLPROPANOLAMINE,CC(N)C(O)c1ccccc1,1.0672000000000001,0.6637111557988822,46.25,2,2,151.20899999999997,2,1,0.3333333333333333,11
CHEMBL962,EPOPROSTENOL SODIUM,CCCCC[C@H](O)/C=C/[C@@H]1[C@H]2C/C(=C/CCCC(=O)[O-])O[C@H]2C[C@H]1O.[Na+],-0.9221999999999968,0.29322558843097324,89.82000000000001,5,2,374.45300000000003,10,2,0.75,26
CHEMBL963,OXYMORPHONE,CN1CC[C@]23c4c5ccc(O)c4O[C@H]2C(=O)CC[C@@]3(O)[C@H]1C5,0.7451999999999999,0.7396980124727146,70.0,5,2,301.342,0,5,0.5882352941176471,22
CHEMBL964,DISULFIRAM,CCN(CC)C(=S)SSC(=S)N(CC)CC,3.6212000000000026,0.5731348904238733,6.48,4,0,296.5520000000001,4,0,0.8,16
CHEMBL965,CARBAMOYLCHOLINE,C[N+](C)(C)CCOC(N)=O,-0.2121000000000003,0.5613640399929508,52.32,2,1,147.19799999999998,3,0,0.8333333333333334,10
CHEMBL967,TEMAZEPAM,CN1C(=O)C(O)N=C(c2ccccc2)c2cc(Cl)ccc21,2.4722,0.879421465403288,52.900000000000006,3,1,300.74500000000006,1,3,0.125,21
CHEMBL968,FLURAZEPAM,CCN(CC)CCN1C(=O)CN=C(c2ccccc2F)c2cc(Cl)ccc21,4.004900000000003,0.7505075074463576,35.91,3,0,387.88600000000014,6,3,0.3333333333333333,27
CHEMBL969,PRAZEPAM,O=C1CN=C(c2ccccc2)c2cc(Cl)ccc2N1CC1CC1,3.934000000000003,0.8415175711014194,32.67,2,0,324.8110000000001,3,4,0.2631578947368421,23
CHEMBL970,HALAZEPAM,O=C1CN=C(c2ccccc2)c2cc(Cl)ccc2N1CC(F)(F)F,4.086300000000002,0.8010325134858473,32.67,2,0,352.743,2,3,0.17647058823529413,24
CHEMBL971,PENTOBARBITAL SODIUM,CCCC(C)C1(CC)C(=O)N=C([O-])NC1=O.[Na+],-2.804299999999997,0.43069874156418575,81.59,3,1,248.258,4,1,0.7272727272727273,17
CHEMBL972,SELEGILINE,C#CCN(C)[C@H](C)Cc1ccccc1,2.1826,0.6530251998867979,3.24,1,0,187.286,4,1,0.38461538461538464,14
CHEMBL973,TERIFLUNOMIDE,C/C(O)=C(\C#N)C(=O)Nc1ccc(C(F)(F)F)cc1,2.99948,0.49260333864428985,73.11999999999999,3,2,270.21,2,1,0.16666666666666666,19
CHEMBL975,MESNA,O=S(=O)([O-])CCS.[Na+],-3.534599999999999,0.26121920867962173,57.2,4,1,164.18300000000002,2,0,1.0,8
CHEMBL64391,ITRACONAZOLE,CCC(C)n1ncn(-c2ccc(N3CCN(c4ccc(OCC5COC(Cn6cncn6)(c6ccc(Cl)cc6Cl)O5)cc4)CC3)cc2)c1=O,5.5773000000000055,0.17439428838158272,104.70000000000002,12,0,705.6470000000002,11,7,0.37142857142857144,49
CHEMBL64894,GENTIAN VIOLET,CN(C)c1ccc(C(=C2C=CC(=[N+](C)C)C=C2)c2ccc(N(C)C)cc2)cc1.[Cl-],1.4636000000000002,0.7097759763658067,9.49,2,0,407.98900000000003,4,3,0.24,29
CHEMBL976,PRAZIQUANTEL,O=C(C1CCCCC1)N1CC(=O)N2CCc3ccccc3C2C1,2.5349000000000004,0.7993674496203519,40.620000000000005,2,0,312.41300000000007,1,4,0.5789473684210527,23
CHEMBL977,HYDROCORTISONE HEMISUCCINATE ANHYDROUS,C[C@]12CCC(=O)C=C1CC[C@@H]1[C@@H]2[C@@H](O)C[C@@]2(C)[C@H]1CC[C@]2(O)C(=O)COC(=O)CCC(=O)O,2.1973,0.5108373230056191,138.2,7,3,462.5390000000004,6,4,0.76,33
CHEMBL978,METHACHOLINE,CC(=O)OC(C)C[N+](C)(C)C,0.6441999999999999,0.4472483918669033,26.3,2,0,160.237,3,0,0.875,11
CHEMBL435966,NIMORAZOLE,O=[N+]([O-])c1cncn1CCN1CCOCC1,0.12349999999999994,0.538371448042555,73.43,6,0,226.23599999999993,4,2,0.6666666666666666,16
CHEMBL979,MEPROBAMATE,CCCC(C)(COC(N)=O)COC(N)=O,0.9834000000000005,0.6928160102714501,104.63999999999999,4,2,218.25299999999996,6,0,0.7777777777777778,15
CHEMBL64195,BECLAMIDE,O=C(CCCl)NCc1ccccc1,1.9317,0.734809007214607,29.1,1,1,197.66500000000002,4,1,0.3,13
CHEMBL980,GUAIFENESIN,COc1ccccc1OCC(O)CO,0.4272000000000001,0.7198499687675642,58.92,4,2,198.21799999999996,5,1,0.4,14
CHEMBL981,FENOFIBRIC ACID,CC(C)(Oc1ccc(C(=O)c2ccc(Cl)cc2)cc1)C(=O)O,3.8130000000000033,0.8513366731464941,63.60000000000001,3,1,318.75600000000003,5,2,0.17647058823529413,22
CHEMBL982,NALMEFENE,C=C1CC[C@@]2(O)[C@H]3Cc4ccc(O)c5c4[C@@]2(CCN3CC2CC2)[C@H]1O5,2.512500000000001,0.813193738638947,52.93000000000001,4,2,339.4350000000001,2,6,0.6190476190476191,25
CHEMBL983,SUCCINYLCHOLINE CHLORIDE,C[N+](C)(C)CCOC(=O)CCC(=O)OCC[N+](C)(C)C.[Cl-].[Cl-],-5.726600000000004,0.3035224740762928,52.60000000000001,4,0,361.30999999999995,9,0,0.8571428571428571,22
CHEMBL984,MIVACURIUM CHLORIDE,COc1cc2c(cc1OC)[C@@H](Cc1cc(OC)c(OC)c(OC)c1)[N+](C)(CCCOC(=O)CC/C=C/CCC(=O)OCCC[N+]1(C)CCc3cc(OC)c(OC)cc3[C@H]1Cc1cc(OC)c(OC)c(OC)c1)CC2.[Cl-].[Cl-],3.0370000000000097,0.035598163790192296,144.9,14,0,1100.1839999999995,28,6,0.5172413793103449,76
CHEMBL985,UREA,NC(N)=O,-0.9762000000000002,0.3705073514035382,69.11,1,2,60.056,0,0,0.0,4
CHEMBL65375,TIPIRACIL HYDROCHLORIDE,Cl.N=C1CCCN1Cc1[nH]c(=O)[nH]c(=O)c1Cl,0.7114700000000002,0.7439918837047076,92.81,3,3,279.127,2,2,0.4444444444444444,17
CHEMBL304902,CLOTHIAPINE,CN1CCN(C2=Nc3ccccc3Sc3ccc(Cl)cc32)CC1,4.1303000000000045,0.7163896237621907,18.84,4,0,343.8830000000001,0,4,0.2777777777777778,23
CHEMBL63857,PHENOLPHTHALEIN,O=C1OC(c2ccc(O)cc2)(c2ccc(O)cc2)c2ccccc21,3.560100000000002,0.709067432457466,66.76,4,2,318.32800000000003,2,4,0.05,24
CHEMBL305187,IFENPRODIL,CC(C(O)c1ccc(O)cc1)N1CCC(Cc2ccccc2)CC1,3.7688000000000033,0.8793321565506861,43.7,3,2,325.45200000000006,5,3,0.42857142857142855,24
CHEMBL986,RETINOL,CC1=C(/C=C/C(C)=C/C=C/C(C)=C/CO)C(C)(C)CCC1,5.510300000000006,0.6605933879271789,20.23,1,1,286.45900000000006,5,1,0.5,21
CHEMBL65794,CEFPIROME,CO/N=C(\C(=O)N[C@@H]1C(=O)N2C(C(=O)[O-])=C(C[n+]3cccc4c3CCC4)CS[C@H]12)c1csc(N)n1,-1.0438999999999956,0.20550364550788564,153.92000000000002,10,2,514.5890000000003,7,5,0.36363636363636365,35
CHEMBL989,FLUOCINOLONE ACETONIDE,CC1(C)O[C@@H]2C[C@H]3[C@@H]4C[C@H](F)C5=CC(=O)C=C[C@]5(C)[C@@]4(F)[C@@H](O)C[C@]3(C)[C@]2(C(=O)CO)O1,2.366800000000001,0.6684104451867194,93.06,6,2,452.49400000000026,2,5,0.75,32
CHEMBL990,BUTENAFINE,CN(Cc1ccc(C(C)(C)C)cc1)Cc1cccc2ccccc12,5.769300000000006,0.5902547919222657,3.24,1,0,317.476,4,3,0.30434782608695654,24
CHEMBL70246,ACEFYLLINE,Cn1c(=O)c2c(ncn2CC(=O)O)n(C)c1=O,-1.4816999999999998,0.6873471058074696,99.12,7,1,238.20299999999997,2,2,0.3333333333333333,17
CHEMBL991,STAVUDINE,Cc1cn([C@H]2C=C[C@@H](CO)O2)c(=O)[nH]c1=O,-0.7090799999999999,0.6498890462135971,84.32,5,2,224.21599999999998,2,2,0.4,16
CHEMBL995,LOSARTAN POTASSIUM,CCCCc1nc(Cl)c(CO)n1Cc1ccc(-c2ccccc2-c2nnn[n-]2)cc1.[K+],0.8998999999999999,0.39276073661886024,90.82,6,1,461.0100000000001,8,4,0.2727272727272727,31
CHEMBL996,CEFOXITIN,CO[C@@]1(NC(=O)Cc2cccs2)C(=O)N2C(C(=O)O)=C(COC(N)=O)CS[C@@H]21,0.09859999999999991,0.4097813290259421,148.26000000000002,8,3,427.4600000000002,7,3,0.375,28
CHEMBL70046,SORIVUDINE,O=c1[nH]c(=O)n([C@@H]2O[C@H](CO)[C@@H](O)[C@@H]2O)cc1/C=C/Br,-1.4862999999999988,0.5272701509469332,124.78000000000002,7,4,349.137,3,2,0.45454545454545453,20
CHEMBL997,IBANDRONIC ACID,CCCCCN(C)CCC(O)(P(=O)(O)O)P(=O)(O)O,0.4999999999999996,0.30575681014458816,138.53,4,5,319.23100000000005,9,0,1.0,19
CHEMBL998,LORATADINE,CCOC(=O)N1CCC(=C2c3ccc(Cl)cc3CCc3cccnc32)CC1,4.887800000000005,0.7048857984659846,42.43,3,0,382.89100000000025,1,4,0.36363636363636365,27
CHEMBL71752,VINPOCETINE,CCOC(=O)C1=C[C@]2(CC)CCCN3CCc4c(n1c1ccccc41)[C@@H]32,4.148300000000003,0.7801598920383878,34.47,4,0,350.462,3,5,0.5,26
CHEMBL305660,EBASTINE,CC(C)(C)c1ccc(C(=O)CCCN2CCC(OC(c3ccccc3)c3ccccc3)CC2)cc1,7.217600000000008,0.30994100504194527,29.540000000000003,3,0,469.6690000000001,9,4,0.40625,35
CHEMBL1000,CETIRIZINE,O=C(O)COCCN1CCN(C(c2ccccc2)c2ccc(Cl)cc2)CC1,3.148200000000002,0.7038936958101741,53.010000000000005,4,1,388.8950000000002,8,3,0.38095238095238093,27
CHEMBL70418,CLOBAZAM,CN1C(=O)CC(=O)N(c2ccccc2)c2cc(Cl)ccc21,3.3712000000000018,0.7576569223589451,40.620000000000005,2,0,300.74500000000006,1,3,0.125,21
CHEMBL1002,LEVOSALBUTAMOL,CC(C)(C)NC[C@H](O)c1ccc(O)c(CO)c1,1.3059999999999998,0.6389509580864461,72.72,4,4,239.315,4,1,0.5384615384615384,17
CHEMBL1003,CLAVULANATE POTASSIUM,O=C([O-])[C@H]1/C(=C/CO)O[C@@H]2CC(=O)N21.[K+],-5.426299999999999,0.38224524266602666,89.89999999999999,5,1,237.25199999999995,2,2,0.5,15
CHEMBL1004,DOXYLAMINE,CN(C)CCOC(C)(c1ccccc1)c1ccccn1,2.923300000000001,0.8067475103694609,25.36,3,0,270.37600000000003,6,2,0.35294117647058826,20
CHEMBL70972,SERATRODAST,CC1=C(C)C(=O)C(C(CCCCCC(=O)O)c2ccccc2)=C(C)C1=O,4.610000000000003,0.546478032086406,71.44,3,1,354.446,8,2,0.4090909090909091,26
CHEMBL1005,REMIFENTANIL,CCC(=O)N(c1ccccc1)C1(C(=O)OC)CCN(CCC(=O)OC)CC1,2.0002999999999997,0.677733039239407,76.15,6,0,376.4530000000002,7,2,0.55,27
CHEMBL70927,DEFERIPRONE,Cc1c(O)c(=O)ccn1C,0.39931999999999984,0.5649178764789872,42.23,3,1,139.154,0,1,0.2857142857142857,10
CHEMBL302795,TENOXICAM,CN1C(C(=O)Nc2ccccn2)=C(O)c2sccc2S1(=O)=O,1.6425,0.8677133347559903,99.6,6,2,337.38200000000006,2,3,0.07692307692307693,22
CHEMBL73451,MEQUITAZINE,c1ccc2c(c1)Sc1ccccc1N2CC1CN2CCC1CC2,4.631100000000005,0.7956818657710316,6.48,3,0,322.47700000000015,2,6,0.4,23
CHEMBL1006,AMIFOSTINE,NCCCNCCSP(=O)(O)O,-0.2492999999999997,0.3446247204426618,95.58,4,4,214.22699999999998,7,0,1.0,12
CHEMBL1007,GONADORELIN,CC(C)C[C@H](NC(=O)CNC(=O)[C@H](Cc1ccc(O)cc1)NC(=O)[C@H](CO)NC(=O)[C@H](Cc1c[nH]c2ccccc12)NC(=O)[C@H](Cc1cnc[nH]1)NC(=O)[C@@H]1CCC(=O)N1)C(=O)N[C@@H](CCCNC(=N)N)C(=O)N1CCC[C@H]1C(=O)NCC(N)=O,-4.177730000000016,0.012914390129514907,472.1299999999998,15,17,1182.311,31,6,0.4727272727272727,85
CHEMBL1008,BEPRIDIL,CC(C)COCC(CN(Cc1ccccc1)c1ccccc1)N1CCCC1,4.830200000000005,0.5988605961954666,15.71,3,0,366.5490000000002,10,3,0.5,27
CHEMBL1009,LEVODOPA,N[C@@H](Cc1ccc(O)c(O)c1)C(=O)O,0.052200000000000135,0.5125069246930146,103.78000000000002,4,4,197.18999999999997,3,1,0.2222222222222222,14
CHEMBL1010,CEFOTAXIME SODIUM,CO/N=C(\C(=O)N[C@@H]1C(=O)N2C(C(=O)[O-])=C(COC(C)=O)CS[C@H]12)c1csc(N)n1.[Na+],-4.953199999999996,0.127146261533096,176.34000000000003,12,2,477.45600000000013,7,3,0.375,31
CHEMBL308954,ETRAVIRINE,Cc1cc(C#N)cc(C)c1Oc1nc(Nc2ccc(C#N)cc2)nc(N)c1Br,4.717400000000002,0.6084537970432329,120.63999999999999,7,2,435.2850000000001,4,3,0.1,28
CHEMBL305906,CETYLPYRIDINIUM,CCCCCCCCCCCCCCCC[n+]1ccccc1,6.455400000000006,0.2586149443943418,3.88,0,0,304.5419999999999,15,1,0.7619047619047619,22
CHEMBL306700,VILOXAZINE,CCOc1ccccc1OCC1CNCCO1,1.4525,0.8411561496817552,39.72,4,1,237.29899999999992,5,2,0.5384615384615384,17
CHEMBL1013,LORACARBEF ANHYDROUS,N[C@@H](C(=O)N[C@@H]1C(=O)N2C(C(=O)O)=C(Cl)CC[C@H]12)c1ccccc1,0.7108000000000003,0.6928658548844621,112.73,4,3,349.77400000000006,4,3,0.3125,24
CHEMBL74632,MOXALACTAM,CO[C@@]1(NC(=O)C(C(=O)O)c2ccc(O)cc2)C(=O)N2C(C(=O)O)=C(CSc3nnnn3C)CO[C@@H]21,-1.127699999999999,0.13379526381178464,206.29999999999998,12,4,520.4800000000004,9,4,0.35,36
CHEMBL312448,XYLOMETAZOLINE,Cc1cc(C(C)(C)C)cc(C)c1CC1=NCCN1,3.1451400000000014,0.8488884472652752,24.39,2,1,244.38199999999995,2,2,0.5625,18
CHEMBL306823,SODIUM DICHLOROACETATE,O=C([O-])C(Cl)Cl.[Na+],-3.4560000000000004,0.2884295556195685,40.129999999999995,2,0,150.924,1,0,0.5,7
CHEMBL1014,CANDESARTAN CILEXETIL,CCOc1nc2cccc(C(=O)OC(C)OC(=O)OC3CCCCC3)c2n1Cc1ccc(-c2ccccc2-c2nn[nH]n2)cc1,6.319100000000007,0.14091024962797447,143.33999999999997,11,1,610.6710000000002,10,6,0.3333333333333333,45
CHEMBL1015,EVANS BLUE FREE ACID,Cc1cc(-c2ccc(/N=N/c3ccc4c(S(=O)(=O)O)cc(S(=O)(=O)O)c(N)c4c3O)c(C)c2)ccc1/N=N/c1ccc2c(S(=O)(=O)O)cc(S(=O)(=O)O)c(N)c2c1O,6.670040000000006,0.04268171932269672,359.42,16,8,872.8940000000001,9,6,0.058823529411764705,58
CHEMBL1017,TELMISARTAN,CCCc1nc2c(C)cc(-c3nc4ccccc4n3C)cc2n1Cc1ccc(-c2ccccc2C(=O)O)cc1,7.2644200000000065,0.243238592025165,72.94,5,1,514.6290000000004,7,6,0.18181818181818182,39
CHEMBL1018,DIENESTROL,C/C=C(C(=C/C)/c1ccc(O)cc1)\c1ccc(O)cc1,4.604600000000004,0.7966718656376947,40.46,2,2,266.34,3,2,0.1111111111111111,20
CHEMBL75435,DEXKETOPROFEN,C[C@H](C(=O)O)c1cccc(C(=O)c2ccccc2)c1,3.1057000000000015,0.8528036890699656,54.37,2,1,254.285,4,2,0.125,19
CHEMBL73234,CARBETAPENTANE,CCN(CC)CCOCCOC(=O)C1(c2ccccc2)CCCC1,3.400000000000002,0.48582883339698324,38.77,4,0,333.47200000000015,10,2,0.65,24
CHEMBL1020,TOLMETIN,Cc1ccc(C(=O)c2ccc(CC(=O)O)n2C)cc1,2.1916200000000003,0.8540302270880286,59.300000000000004,3,1,257.289,4,2,0.2,19
CHEMBL1021,NEPAFENAC,NC(=O)Cc1cccc(C(=O)c2ccccc2)c1N,1.5276,0.6404218695353087,86.18,3,2,254.289,4,2,0.06666666666666667,19
CHEMBL75880,PERHEXILINE,C1CCC(C(CC2CCCCN2)C2CCCCC2)CC1,5.295400000000005,0.7354070672581984,12.03,1,1,277.496,4,3,1.0,20
CHEMBL1023,BEXAROTENE,C=C(c1ccc(C(=O)O)cc1)c1cc2c(cc1C)C(C)(C)CCC2(C)C,6.103720000000005,0.7270145310201616,37.3,1,1,348.48600000000016,3,3,0.375,26
CHEMBL1024,IFOSFAMIDE,O=P1(NCCCl)OCCCN1CCCl,1.884,0.605720669080109,41.57,2,1,261.08899999999994,5,1,1.0,14
CHEMBL1025,ISOFLUROPHATE,CC(C)OP(=O)(F)OC(C)C,2.9140000000000015,0.6298693189390489,35.53,3,0,184.147,4,0,1.0,11
CHEMBL307145,PYROGALLOL,Oc1cccc(O)c1O,0.8033999999999997,0.45046629553451434,60.69,3,3,126.11099999999998,0,1,0.0,9
CHEMBL1026,FENOLDOPAM MESYLATE,CS(=O)(=O)O.Oc1ccc(C2CNCCc3c2cc(O)c(O)c3Cl)cc1,2.2384000000000013,0.36598327743427067,127.09000000000002,6,5,401.86800000000005,1,3,0.29411764705882354,26
CHEMBL1027,TIAGABINE,Cc1ccsc1C(=CCCN1CCC[C@@H](C(=O)O)C1)c1sccc1C,5.044840000000004,0.7683688060325686,40.540000000000006,4,1,375.5590000000001,6,3,0.45,25
CHEMBL76370,TEGASEROD,CCCCCNC(=N)N/N=C/c1c[nH]c2ccc(OC)cc12,2.8145700000000007,0.27445764234511183,85.29,3,4,301.3940000000001,7,2,0.375,22
CHEMBL431770,ISTRADEFYLLINE,CCn1c(=O)c2c(nc(/C=C/c3ccc(OC)c(OC)c3)n2C)n(CC)c1=O,2.1241000000000003,0.6503791123748318,80.28,8,0,384.4360000000002,6,3,0.35,28
CHEMBL75753,XAMOTEROL,O=C(NCCNCC(O)COc1ccc(O)cc1)N1CCOCC1,-0.23669999999999924,0.48774191921086135,103.29,6,4,339.3920000000002,8,2,0.5625,24
CHEMBL1029,MIGLUSTAT,CCCCN1C[C@H](O)[C@@H](O)[C@H](O)[C@H]1CO,-1.4542999999999995,0.4645740538240355,84.16000000000001,5,4,219.28099999999998,4,1,1.0,15
CHEMBL77622,DOPEXAMINE,Oc1ccc(CCNCCCCCCNCCc2ccccc2)cc1O,3.6226000000000025,0.3269052352648248,64.52,4,4,356.51,13,2,0.45454545454545453,26
CHEMBL1034,DICLOFENAC SODIUM,O=C([O-])Cc1ccccc1Nc1c(Cl)cccc1Cl.[Na+],0.03339999999999904,0.8097576266403491,52.16,3,1,318.135,4,2,0.07142857142857142,20
CHEMBL1037,GUANADREL,N=C(N)NCC1COC2(CCCCC2)O1,0.5452699999999997,0.46190306091295014,80.36000000000001,3,3,213.28099999999992,2,2,0.9,15
CHEMBL1040,CALCIFEDIOL ANHYDROUS,C=C1CC[C@H](O)C/C1=C/C=C1\CCC[C@]2(C)[C@@H]([C@H](C)CCCC(C)(C)O)CC[C@@H]12,6.733900000000008,0.5184686039927527,40.46,2,2,400.6470000000002,6,3,0.7777777777777778,29
CHEMBL1042,CHOLECALCIFEROL,C=C1CC[C@H](O)C/C1=C/C=C1\CCC[C@]2(C)[C@@H]([C@H](C)CCCC(C)C)CC[C@@H]12,7.619000000000008,0.49910402699484807,20.23,1,1,384.6480000000002,6,3,0.7777777777777778,28
CHEMBL1043,DAPSONE,Nc1ccc(S(=O)(=O)c2ccc(N)cc2)cc1,1.6838000000000002,0.7916266736810947,86.18,4,2,248.30700000000002,2,2,0.0,17
CHEMBL1046,AMINOCAPROIC ACID,NCCCCCC(=O)O,0.5901000000000001,0.5365844185944308,63.32000000000001,2,2,131.175,5,0,0.8333333333333334,9
CHEMBL421701,DITHIAZANINE IODIDE,CCN1/C(=C/C=C/C=C/c2sc3ccccc3[n+]2CC)Sc2ccccc21.[I-],3.2557000000000027,0.29106487798098435,7.12,3,0,518.489,5,4,0.17391304347826086,28
CHEMBL311498,CIANIDANOL,Oc1cc(O)c2c(c1)O[C@H](c1ccc(O)c(O)c1)[C@@H](O)C2,1.5460999999999998,0.5095927314649248,110.38000000000001,6,5,290.271,1,3,0.2,21
CHEMBL420762,MOZAVAPTAN,Cc1ccccc1C(=O)Nc1ccc(C(=O)N2CCCC(N(C)C)c3ccccc32)cc1,5.290620000000005,0.6154590476014534,52.650000000000006,3,1,427.5480000000001,4,4,0.25925925925925924,32
CHEMBL1051,LATANOPROST,CC(C)OC(=O)CCC/C=C\C[C@@H]1[C@@H](CC[C@@H](O)CCc2ccccc2)[C@H](O)C[C@@H]1O,4.186400000000005,0.2471860765188796,86.99000000000001,5,3,432.60100000000017,13,2,0.6538461538461539,31
CHEMBL83668,TOLNAFTATE,Cc1cccc(N(C)C(=S)Oc2ccc3ccccc3c2)c1,4.948320000000003,0.6216585639540908,12.47,2,0,307.41800000000006,2,3,0.10526315789473684,22
CHEMBL1054,TRICHLORMETHIAZIDE,NS(=O)(=O)c1cc2c(cc1Cl)NC(C(Cl)Cl)NS2(=O)=O,0.8210000000000004,0.6564465021990212,118.35999999999999,5,3,380.66200000000003,2,2,0.25,20
CHEMBL1055,CHLORTHALIDONE,NS(=O)(=O)c1cc(C2(O)NC(=O)c3ccccc32)ccc1Cl,0.9242000000000001,0.7560395435859316,109.49000000000001,4,3,338.77200000000005,2,3,0.07142857142857142,22
CHEMBL1059,PREGABALIN,CC(C)C[C@H](CN)CC(=O)O,1.0821,0.6306196110552211,63.32000000000001,2,2,159.229,5,0,0.875,11
CHEMBL1060,SODIUM PHOSPHATE,O=P([O-])([O-])O.[Na+].[Na+],-8.1846,0.268640334829501,83.42,3,1,141.958,0,0,0.0,7
CHEMBL1064,SIMVASTATIN,CCC(C)(C)C(=O)O[C@H]1C[C@@H](C)C=C2C=C[C@H](C)[C@H](CC[C@@H]3C[C@@H](O)CC(=O)O3)[C@H]21,4.585600000000005,0.6390622750209786,72.83,5,1,418.57400000000024,6,3,0.76,30
CHEMBL83063,RITODRINE,CC(NCCc1ccc(O)cc1)C(O)c1ccc(O)cc1,2.3520000000000003,0.6579030127323875,72.72,4,4,287.35900000000004,6,2,0.29411764705882354,21
CHEMBL1068,OXCARBAZEPINE,NC(=O)N1c2ccccc2CC(=O)c2ccccc21,2.6422000000000008,0.7829578147216556,63.400000000000006,2,1,252.27299999999997,0,3,0.06666666666666667,19
CHEMBL1069,VALSARTAN,CCCCC(=O)N(Cc1ccc(-c2ccccc2-c2nnn[nH]2)cc1)[C@H](C(=O)O)C(C)C,4.161700000000002,0.49443162692459075,112.07000000000001,5,2,435.52800000000013,10,3,0.375,32
CHEMBL315838,ENCAINIDE,COc1ccc(C(=O)Nc2ccccc2CCC2CCCCN2C)cc1,4.364400000000003,0.8395106422145703,41.57,3,1,352.4780000000001,6,3,0.4090909090909091,26
CHEMBL86882,ETILEFRINE,CCNCC(O)c1cccc(O)c1,1.0351,0.6500790582218501,52.489999999999995,3,3,181.23499999999999,4,1,0.4,13
CHEMBL86304,MOCLOBEMIDE,O=C(NCCN1CCOCC1)c1ccc(Cl)cc1,1.4020000000000006,0.8976306233197457,41.57000000000001,3,1,268.74399999999997,4,2,0.46153846153846156,18
CHEMBL85231,MEDIFOXAMINE,CN(C)CC(Oc1ccccc1)Oc1ccccc1,3.0321000000000016,0.7424381824141622,21.700000000000003,3,0,257.33299999999997,6,2,0.25,19
CHEMBL1070,NABUMETONE,COc1ccc2cc(CCC(C)=O)ccc2c1,3.370000000000002,0.8015823313615688,26.3,2,0,228.29099999999997,4,2,0.26666666666666666,17
CHEMBL1071,OXAPROZIN,O=C(O)CCc1nc(-c2ccccc2)c(-c2ccccc2)o1,4.025800000000003,0.7711850955719793,63.33,3,1,293.32200000000006,5,3,0.1111111111111111,22
CHEMBL314437,MEPTAZINOL,CCC1(c2cccc(O)c2)CCCCN(C)C1,3.1557000000000013,0.8478904413597521,23.47,2,1,233.3549999999999,2,2,0.6,17
CHEMBL86715,PROCYCLIDINE,OC(CCN1CCCC1)(c1ccccc1)C1CCCCC1,3.940400000000003,0.8863958351409401,23.47,2,1,287.4470000000001,5,3,0.6842105263157895,21
CHEMBL1072,BUMETANIDE,CCCCNc1cc(C(=O)O)cc(S(N)(=O)=O)c1Oc1ccccc1,3.036500000000001,0.6195581690411603,118.71999999999998,5,3,364.42300000000006,8,2,0.23529411764705882,25
CHEMBL1073,GLIPIZIDE,Cc1cnc(C(=O)NCCc2ccc(S(=O)(=O)NC(=O)NC3CCCCC3)cc2)cn1,2.0781199999999993,0.5981616815314104,130.14999999999998,6,3,445.54500000000024,7,3,0.42857142857142855,31
CHEMBL87708,LOFEPRAMINE,CN(CCCN1c2ccccc2CCc2ccccc21)CC(=O)c1ccc(Cl)cc1,5.7815000000000065,0.45406396462781595,23.55,3,0,418.9680000000002,7,4,0.2692307692307692,30
CHEMBL87493,FENFLURAMINE,CCNC(C)Cc1cccc(C(F)(F)F)c1,3.2459000000000024,0.8383597745599246,12.03,1,1,231.26099999999997,4,1,0.5,16
CHEMBL315795,CLOMETHIAZOLE,Cc1ncsc1CCCl,2.2328200000000002,0.6066937916541333,12.89,2,0,161.65699999999998,2,1,0.5,9
CHEMBL315985,ESLICARBAZEPINE,NC(=O)N1c2ccccc2C[C@H](O)c2ccccc21,2.4929000000000006,0.7581194848865717,66.56,2,2,254.289,0,3,0.13333333333333333,19
CHEMBL1075,MORICIZINE,CCOC(=O)Nc1ccc2c(c1)N(C(=O)CCN1CCOCC1)c1ccccc1S2,4.106600000000004,0.7745106536439257,71.11,6,1,427.52600000000024,5,4,0.36363636363636365,30
CHEMBL87992,ESLICARBAZEPINE ACETATE,CC(=O)O[C@H]1Cc2ccccc2N(C(N)=O)c2ccccc21,3.0637000000000008,0.8219137462216773,72.63,3,1,296.326,1,3,0.17647058823529413,22
CHEMBL88055,RIMITEROL,Oc1ccc(C(O)C2CCCCN2)cc1O,1.2732999999999999,0.5697472536667831,72.72,4,4,223.27199999999996,2,2,0.5,16
CHEMBL1077,BROMFENAC,Nc1c(CC(=O)O)cccc1C(=O)c1ccc(Br)cc1,2.889400000000001,0.6654785528464892,80.39000000000001,3,2,334.169,4,2,0.06666666666666667,20
CHEMBL1079,TIZANIDINE,Clc1ccc2nsnc2c1NC1=NCCN1,1.7157999999999993,0.8124044266873097,62.2,6,2,253.718,1,3,0.2222222222222222,16
CHEMBL89598,VIGABATRIN,C=CC(N)CCC(=O)O,0.36450000000000005,0.5386736295032681,63.32000000000001,2,2,129.159,4,0,0.5,9
CHEMBL90555,VINCRISTINE,CC[C@]1(O)C[C@H]2CN(CCc3c([nH]c4ccccc34)[C@@](C(=O)OC)(c3cc4c(cc3OC)N(C=O)[C@H]3[C@@](O)(C(=O)OC)[C@H](OC(C)=O)[C@]5(CC)C=CCN6CC[C@]43[C@@H]65)C2)C1,3.5175000000000027,0.1310247762677446,171.17,12,3,824.9719999999999,8,9,0.5652173913043478,60
CHEMBL1082,AMOXICILLIN,CC1(C)S[C@@H]2[C@H](NC(=O)[C@H](N)c3ccc(O)cc3)C(=O)N2[C@H]1C(=O)O,0.023700000000000443,0.5530315284690744,132.96,6,4,365.4110000000001,4,3,0.4375,25
CHEMBL313972,MASOPROCOL,C[C@H](Cc1ccc(O)c(O)c1)[C@@H](C)Cc1ccc(O)c(O)c1,3.5664000000000033,0.636536149264244,80.92,4,4,302.37,5,2,0.3333333333333333,22
CHEMBL314854,FINGOLIMOD,CCCCCCCCc1ccc(CCC(N)(CO)CO)cc1,3.204300000000001,0.5194936783733953,66.48,3,3,307.478,12,1,0.6842105263157895,22
CHEMBL91397,RUPATADINE,Cc1cncc(CN2CCC(=C3c4ccc(Cl)cc4CCc4cccnc43)CC2)c1,5.6349200000000055,0.5423100667192595,29.020000000000003,3,0,415.96800000000025,2,5,0.3076923076923077,30
CHEMBL1085,ACETOPHENAZINE,CC(=O)c1ccc2c(c1)N(CCCN1CCN(CCO)CC1)c1ccccc1S2,3.491900000000002,0.7040504664729514,47.02000000000001,6,1,411.5710000000001,7,4,0.43478260869565216,29
CHEMBL1086,DIBUCAINE,CCCCOc1cc(C(=O)NCCN(CC)CC)c2ccccc2n1,3.4853000000000023,0.6711145343894273,54.46,4,1,343.471,10,2,0.5,25
CHEMBL1087,MEPIVACAINE,Cc1cccc(C)c1NC(=O)C1CCCCN1C,2.7262400000000007,0.8699043213708457,32.34,2,1,246.35399999999996,2,2,0.5333333333333333,18
CHEMBL1088,MESORIDAZINE,CN1CCCCC1CCN1c2ccccc2Sc2ccc([S+](C)[O-])cc21,4.901100000000005,0.6990736026363058,29.54,4,0,386.5860000000001,4,4,0.42857142857142855,26
CHEMBL1089,PHENELZINE,NNCCc1ccccc1,0.6923999999999992,0.4737324261638871,38.05,2,2,136.19799999999998,3,1,0.25,10
CHEMBL1090,VIDARABINE,Nc1ncnc2c1ncn2[C@@H]1O[C@H](CO)[C@@H](O)[C@@H]1O,-1.9800000000000006,0.49051986767922323,139.54000000000002,9,4,267.245,2,3,0.5,19
CHEMBL90593,PRASTERONE,C[C@]12CC[C@H](O)CC1=CC[C@@H]1[C@@H]2CC[C@]2(C)C(=O)CC[C@@H]12,3.8792000000000035,0.6868426969908572,37.3,2,1,288.43100000000004,0,4,0.8421052631578947,21
CHEMBL1091,HYDROCORTISONE ACETATE,CC(=O)OCC(=O)[C@@]1(O)CC[C@H]2[C@@H]3CCC4=CC(=O)CC[C@]4(C)[C@H]3[C@@H](O)C[C@@]21C,2.3524000000000003,0.7005234282178955,100.90000000000002,6,2,404.5030000000002,3,4,0.782608695652174,29
CHEMBL1092,TRIHEXYPHENIDYL HYDROCHLORIDE,Cl.OC(CCN1CCCCC1)(c1ccccc1)C1CCCCC1,4.752300000000004,0.8374760160202667,23.47,2,1,337.93500000000023,5,3,0.7,23
CHEMBL1093,ARTICAINE,CCCNC(C)C(=O)Nc1c(C)csc1C(=O)OC,2.16972,0.7856511740400417,67.43,5,2,284.38100000000003,6,1,0.5384615384615384,19
CHEMBL1094,FELBAMATE,NC(=O)OCC(COC(N)=O)c1ccccc1,0.9607999999999993,0.796471019540729,104.64000000000001,4,2,238.24300000000002,5,1,0.2727272727272727,17
CHEMBL1095,ETHOTOIN,CCN1C(=O)NC(c2ccccc2)C1=O,1.2993999999999999,0.7380128478007799,49.410000000000004,2,1,204.22899999999998,2,2,0.2727272727272727,15
CHEMBL1096,AMLEXANOX,CC(C)c1ccc2oc3nc(N)c(C(=O)O)cc3c(=O)c2c1,2.745,0.7044218634482015,106.42000000000002,5,2,298.298,2,3,0.1875,22
CHEMBL93645,ACECLOFENAC,O=C(O)COC(=O)Cc1ccccc1Nc1c(Cl)cccc1Cl,3.907300000000002,0.7696621138235622,75.63,4,2,354.1890000000001,6,2,0.125,23
CHEMBL94081,ALCLOFENAC,C=CCOc1ccc(CC(=O)O)cc1Cl,2.5319000000000003,0.7852220850465939,46.53,2,1,226.659,5,1,0.18181818181818182,15
CHEMBL92401,IPRONIAZID,CC(C)NNC(=O)c1ccncc1,0.7243999999999996,0.6722652900688486,54.019999999999996,3,2,179.223,3,1,0.3333333333333333,13
CHEMBL92870,LIDOFLAZINE,Cc1cccc(C)c1NC(=O)CN1CCN(CCCC(c2ccc(F)cc2)c2ccc(F)cc2)CC1,5.750040000000006,0.41405591572280864,35.580000000000005,3,1,491.6260000000002,9,4,0.36666666666666664,36
CHEMBL1098,BUPIVACAINE,CCCCN1CCCCC1C(=O)Nc1c(C)cccc1C,3.8965400000000026,0.891012713024742,32.34,2,1,288.43500000000006,5,2,0.6111111111111112,21
CHEMBL93268,SODIUM NITRITE,O=N[O-].[Na+],-2.7454,0.17581073256196417,52.489999999999995,3,0,68.995,0,0,0.0,4
CHEMBL1100,PARAMETHADIONE,CCC1(C)OC(=O)N(C)C1=O,0.7637,0.5642459247185074,46.61,3,0,157.16899999999995,1,1,0.7142857142857143,11
CHEMBL1101,BIPERIDEN,OC(CCN1CCCCC1)(c1ccccc1)C1CC2C=CC1C2,3.9624000000000033,0.8320193452810374,23.47,2,1,311.46900000000005,5,4,0.6190476190476191,23
CHEMBL328560,SULTHIAME,NS(=O)(=O)c1ccc(N2CCCCS2(=O)=O)cc1,0.2639999999999998,0.8446185744476145,97.53999999999999,4,1,290.36599999999993,2,2,0.4,18
CHEMBL1102,GLUTETHIMIDE,CCC1(c2ccccc2)CCC(=O)NC1=O,1.771,0.7672998421844797,46.17,2,1,217.26799999999992,2,2,0.38461538461538464,16
CHEMBL1103,FURAZOLIDONE,O=C1OCCN1/N=C/c1ccc([N+](=O)[O-])o1,0.9739,0.4333097720182961,98.17999999999999,6,0,225.16,3,2,0.25,16
CHEMBL1104,EDROPHONIUM,CC[N+](C)(C)c1cccc(O)c1,1.9790000000000003,0.6659702056085907,20.23,1,1,166.24399999999997,2,1,0.4,12
CHEMBL413965,FELBINAC,O=C(O)Cc1ccc(-c2ccccc2)cc1,2.9807000000000015,0.8487600767385667,37.3,1,1,212.24800000000002,3,2,0.07142857142857142,16
CHEMBL1106,EPINASTINE,NC1=NCC2c3ccccc3Cc3ccccc3N12,2.4668,0.7789519520165338,41.62,3,1,249.31699999999998,0,4,0.1875,19
CHEMBL1107,HALOFANTRINE,CCCCN(CCCC)CCC(O)c1cc2c(Cl)cc(Cl)cc2c2cc(C(F)(F)F)ccc12,8.644300000000001,0.2817693045006755,23.47,2,1,500.43200000000013,10,3,0.46153846153846156,33
CHEMBL1108,DROPERIDOL,O=C(CCCN1CC=C(n2c(=O)[nH]c3ccccc32)CC1)c1ccc(F)cc1,3.6784000000000026,0.6649515564043438,58.1,4,1,379.4350000000002,6,4,0.2727272727272727,28
CHEMBL94454,MIZOLASTINE,CN(c1nccc(=O)[nH]1)C1CCN(c2nc3ccccc3n2Cc2ccc(F)cc2)CC1,3.412200000000002,0.5234372068442692,70.05000000000001,6,1,432.5030000000002,5,5,0.2916666666666667,32
CHEMBL1109,SULFAPHENAZOLE,Nc1ccc(S(=O)(=O)Nc2ccnn2-c2ccccc2)cc1,2.2553,0.7227517735358318,90.00999999999999,5,2,314.37000000000006,4,3,0.0,22
CHEMBL1110,ALOSETRON,Cc1[nH]cnc1CN1CCc2c(c3ccccc3n2C)C1=O,2.4083200000000007,0.7888476665596758,53.92,3,1,294.35800000000006,2,4,0.29411764705882354,22
CHEMBL94394,BUFEXAMAC,CCCCOc1ccc(CC(=O)NO)cc1,1.9134,0.4397844589807558,58.56,3,2,223.272,6,1,0.4166666666666667,16
CHEMBL316561,PROGLUMIDE,CCCN(CCC)C(=O)C(CCC(=O)O)NC(=O)c1ccccc1,2.2984,0.6872080861142701,86.71000000000001,3,2,334.41600000000005,10,1,0.5,24
CHEMBL1111,AMBRISENTAN,COC(c1ccccc1)(c1ccccc1)[C@H](Oc1nc(C)cc(C)n1)C(=O)O,3.515640000000001,0.6774712956679046,81.54,5,1,378.4280000000001,7,3,0.22727272727272727,28
CHEMBL98123,PAPAVERINE HYDROCHLORIDE,COc1ccc(Cc2nccc3cc(OC)c(OC)cc23)cc1OC.Cl,4.281800000000005,0.64315495045755,49.81,5,0,375.85200000000003,6,3,0.25,26
CHEMBL1112,ARIPIPRAZOLE,O=C1CCc2ccc(OCCCCN3CCN(c4cccc(Cl)c4Cl)CC3)cc2N1,4.859300000000005,0.6149801508040519,44.81,4,1,448.39400000000006,7,4,0.43478260869565216,30
CHEMBL1113,AMOXAPINE,Clc1ccc2c(c1)C(N1CCNCC1)=Nc1ccccc1O2,3.4292000000000025,0.8093498766353519,36.86,4,1,313.788,0,4,0.23529411764705882,22
CHEMBL1115,PYRIDOSTIGMINE,CN(C)C(=O)Oc1ccc[n+](C)c1,0.5714999999999999,0.5934152756520555,33.42,2,0,181.21499999999997,1,1,0.3333333333333333,13
CHEMBL1116,RALOXIFENE HYDROCHLORIDE,Cl.O=C(c1ccc(OCCN2CCCCC2)cc1)c1c(-c2ccc(O)cc2)sc2cc(O)ccc12,6.497000000000006,0.27828333569692765,70.0,6,2,510.0550000000001,7,5,0.25,35
CHEMBL1117,IDARUBICIN,CC(=O)[C@]1(O)Cc2c(O)c3c(c(O)c2[C@@H](O[C@H]2C[C@H](N)[C@H](O)[C@H](C)O2)C1)C(=O)c1ccccc1C3=O,1.0202999999999998,0.32834650610487814,176.60999999999999,10,5,497.5000000000002,3,5,0.4230769230769231,36
CHEMBL95889,BETAINE,C[N+](C)(C)CC(=O)O,-0.22280000000000016,0.5087419812269736,37.3,1,1,118.15599999999998,2,0,0.8,8
CHEMBL1118,DESVENLAFAXINE,CN(C)CC(c1ccc(O)cc1)C1(O)CCCCC1,2.7326000000000006,0.8775816874821688,43.7,3,2,263.381,4,2,0.625,19
CHEMBL319144,MINODRONIC ACID,O=P(O)(O)C(O)(Cc1cnc2ccccn12)P(=O)(O)O,-0.12170000000000009,0.4882930867229444,152.58999999999997,5,5,322.15000000000003,4,2,0.2222222222222222,20
CHEMBL328190,LASOFOXIFENE,Oc1ccc2c(c1)CC[C@H](c1ccccc1)[C@@H]2c1ccc(OCCN2CCCC2)cc1,5.728700000000006,0.5602116243394663,32.7,3,1,413.5610000000004,6,5,0.35714285714285715,31
CHEMBL317052,REGADENOSON ANHYDROUS,CNC(=O)c1cnn(-c2nc(N)c3ncn([C@@H]4O[C@H](CO)[C@@H](O)[C@H]4O)c3n2)c1,-2.4346999999999985,0.32033113268604546,186.45999999999998,12,5,390.36000000000007,4,4,0.4,28
CHEMBL329522,EXIFONE,O=C(c1cc(O)c(O)c(O)c1)c1ccc(O)c(O)c1O,1.1511999999999996,0.357575955658407,138.45000000000002,7,6,278.216,2,2,0.0,20
CHEMBL99946,LEVOMILNACIPRAN,CCN(CC)C(=O)[C@@]1(c2ccccc2)C[C@H]1CN,1.7713999999999999,0.8603942445298217,46.33,2,1,246.35399999999998,5,2,0.5333333333333333,18
CHEMBL1121,SINCALIDE,CSCC[C@H](NC(=O)[C@H](Cc1ccc(OS(=O)(=O)O)cc1)NC(=O)[C@@H](N)CC(=O)O)C(=O)NCC(=O)N[C@@H](Cc1c[nH]c2ccccc12)C(=O)N[C@@H](CCSC)C(=O)N[C@@H](CC(=O)O)C(=O)N[C@@H](Cc1ccccc1)C(N)=O,-1.3294000000000055,0.024584862326602314,426.7999999999999,16,13,1143.29,33,4,0.3877551020408163,78
CHEMBL317094,IMIDAPRIL,CCOC(=O)[C@H](CCc1ccccc1)N[C@@H](C)C(=O)N1C(=O)N(C)C[C@H]1C(=O)O,0.8762000000000008,0.5858608536730584,116.25000000000001,6,2,405.45100000000025,9,2,0.5,29
CHEMBL100116,PENTAZOCINE,CC(C)=CCN1CCC2(C)c3cc(O)ccc3CC1C2C,3.8826000000000027,0.8335259245753123,23.47,2,1,285.43100000000004,2,3,0.5789473684210527,21
CHEMBL1123,DICYCLOMINE,CCN(CC)CCOC(=O)C1(C2CCCCC2)CCCCC1,4.402200000000004,0.6527189222048309,29.54,3,0,309.4940000000001,7,2,0.9473684210526315,22
CHEMBL1126,PENICILLIN G SODIUM,CC1(C)S[C@@H]2[C@H](NC(=O)Cc3ccccc3)C(=O)N2[C@H]1C(=O)[O-].[Na+],-3.4698999999999973,0.4473293851588856,89.54,5,1,356.3790000000001,4,3,0.4375,24
CHEMBL1128,EDROPHONIUM CHLORIDE,CC[N+](C)(C)c1cccc(O)c1.[Cl-],-1.0169999999999997,0.6081123273217008,20.23,1,1,201.69699999999997,2,1,0.4,13
CHEMBL1129,TRIFLURIDINE,O=c1[nH]c(=O)n([C@H]2C[C@H](O)[C@@H](CO)O2)cc1C(F)(F)F,-0.8039000000000001,0.6622919739385444,104.55000000000001,6,3,296.20099999999996,2,2,0.6,20
CHEMBL1131,ACITRETIN,COc1cc(C)c(/C=C/C(C)=C/C=C/C(C)=C/C(=O)O)c(C)c1C,5.167060000000005,0.5794537711852106,46.53,2,1,326.4360000000001,6,1,0.2857142857142857,24
CHEMBL1133,OXYBUTYNIN CHLORIDE,CCN(CC)CC#CCOC(=O)C(O)(c1ccccc1)C1CCCCC1.Cl,3.7647000000000035,0.5656000457391903,49.769999999999996,4,1,393.9550000000002,7,2,0.5909090909090909,27
CHEMBL1134,DECAMETHONIUM BROMIDE,C[N+](C)(C)CCCCCCCCCC[N+](C)(C)C.[Br-].[Br-],-2.4723999999999915,0.257907717294543,0.0,0,0,418.3019999999999,11,0,1.0,20
CHEMBL1136,TELITHROMYCIN,CC[C@H]1OC(=O)[C@H](C)C(=O)[C@H](C)[C@@H](O[C@@H]2O[C@H](C)C[C@H](N(C)C)[C@H]2O)[C@](C)(OC)C[C@@H](C)C(=O)[C@H](C)[C@H]2N(CCCCn3cnc(-c4cccnc4)c3)C(=O)O[C@]12C,4.929200000000005,0.18428343482926154,171.85,14,1,812.0179999999997,11,5,0.7209302325581395,58
CHEMBL1138,EZETIMIBE,O=C1[C@H](CC[C@H](O)c2ccc(F)cc2)[C@@H](c2ccc(O)cc2)N1c1ccc(F)cc1,4.888300000000004,0.5702138618789355,60.77,3,2,409.4320000000001,6,4,0.20833333333333334,30
CHEMBL1139,EPOPROSTENOL,CCCCC[C@H](O)/C=C/[C@@H]1[C@H]2C/C(=C/CCCC(=O)O)O[C@H]2C[C@H]1O,3.4085000000000023,0.41421085445954503,86.99000000000001,4,3,352.471,10,2,0.75,25
CHEMBL1140,NIACINAMIDE,NC(=O)c1cccnc1,0.18050000000000016,0.5772627921564857,55.980000000000004,2,1,122.12699999999997,1,1,0.0,9
CHEMBL418995,AMINEPTINE,O=C(O)CCCCCCNC1c2ccccc2CCc2ccccc21,4.499300000000004,0.6973898862604911,49.33,2,2,337.46300000000014,8,3,0.4090909090909091,25
CHEMBL110458,MIGALASTAT,OC[C@H]1NC[C@H](O)[C@@H](O)[C@H]1O,-2.9667999999999988,0.28455326707727985,92.95,5,5,163.173,1,1,1.0,11
CHEMBL108545,METHYL SALICYLATE,COC(=O)c1ccccc1O,1.1787999999999998,0.6143884490200855,46.53,3,1,152.14899999999997,1,1,0.125,11
CHEMBL1141,POTASSIUM IODIDE,[I-].[K+],-5.992,0.24806899046579,0.0,0,0,166.002,0,0,0.0,2
CHEMBL1144,PRAVASTATIN,CC[C@H](C)C(=O)O[C@H]1C[C@H](O)C=C2C=C[C@H](C)[C@H](CC[C@@H](O)C[C@@H](O)CC(=O)O)[C@H]21,2.4404000000000003,0.39708378626335494,124.29,6,4,424.5340000000002,10,2,0.7391304347826086,30
CHEMBL1146,CEFAMANDOLE,Cn1nnnc1SCC1=C(C(=O)O)N2C(=O)[C@@H](NC(=O)[C@H](O)c3ccccc3)[C@H]2SC1,-0.2255999999999989,0.3718879665023989,150.54,10,3,462.5130000000001,7,4,0.3333333333333333,31
CHEMBL1148,TORSEMIDE,Cc1cccc(Nc2ccncc2S(=O)(=O)NC(=O)NC(C)C)c1,2.5299199999999997,0.7708144759661694,100.19,5,3,348.4280000000001,5,2,0.25,24
CHEMBL1149,LEVOCARNITINE,C[N+](C)(C)C[C@H](O)CC(=O)[O-],-1.8064999999999984,0.4944861326467559,60.36,3,1,161.20099999999996,4,0,0.8571428571428571,11
CHEMBL1152,PREDNISOLONE ACETATE,CC(=O)OCC(=O)[C@@]1(O)CC[C@H]2[C@@H]3CCC4=CC(=O)C=C[C@]4(C)[C@H]3[C@@H](O)C[C@@]21C,2.1284,0.7016123362777874,100.90000000000002,6,2,402.48700000000014,3,4,0.6956521739130435,29
CHEMBL325109,CLEBOPRIDE,COc1cc(N)c(Cl)cc1C(=O)NC1CCN(Cc2ccccc2)CC1,3.3252000000000024,0.78874496828116,67.58999999999999,4,2,373.8840000000002,5,3,0.35,26
CHEMBL112570,CHOLESTEROL,CC(C)CCC[C@@H](C)[C@H]1CC[C@H]2[C@@H]3CC=C4C[C@@H](O)CC[C@]4(C)[C@H]3CC[C@]12C,7.388700000000009,0.4883117604002477,20.23,1,1,386.6640000000002,5,4,0.9259259259259259,28
CHEMBL110691,CHLORMADINONE ACETATE,CC(=O)O[C@]1(C(C)=O)CC[C@H]2[C@@H]3C=C(Cl)C4=CC(=O)CC[C@]4(C)[C@H]3CC[C@@]21C,4.751700000000005,0.6227651876315359,60.440000000000005,4,0,404.9340000000003,2,4,0.6956521739130435,28
CHEMBL113178,SELENOMETHIONINE,C[Se]CC[C@H](N)C(=O)O,-0.040999999999999925,0.6198316903228035,63.32000000000001,2,2,196.108,4,0,0.8,9
CHEMBL325041,BORTEZOMIB,CC(C)C[C@H](NC(=O)[C@H](Cc1ccccc1)NC(=O)c1cnccn1)B(O)O,0.36059999999999964,0.46304615262258836,124.44000000000001,6,4,384.24500000000006,9,2,0.3684210526315789,28
CHEMBL1159,PINACIDIL ANHYDROUS,CC(N/C(=N\C#N)Nc1ccncc1)C(C)(C)C,2.3547800000000008,0.4763426335858048,73.1,3,2,245.33,2,1,0.46153846153846156,18
CHEMBL1161,MOMETASONE FUROATE,C[C@@H]1C[C@H]2[C@@H]3CCC4=CC(=O)C=C[C@]4(C)[C@@]3(Cl)[C@@H](O)C[C@]2(C)[C@@]1(OC(=O)c1ccco1)C(=O)CCl,4.869200000000005,0.44910184900220873,93.81,6,1,521.4370000000004,4,5,0.5925925925925926,35
CHEMBL1162,NORETHINDRONE,C#C[C@]1(O)CC[C@H]2[C@@H]3CCC4=CC(=O)CC[C@@H]4[C@H]3CC[C@@]21C,3.4925000000000024,0.6950885218084817,37.3,2,1,298.42600000000004,0,4,0.75,22
CHEMBL1163,ATAZANAVIR,COC(=O)N[C@H](C(=O)N[C@@H](Cc1ccccc1)[C@@H](O)CN(Cc1ccc(-c2ccccn2)cc1)NC(=O)[C@@H](NC(=O)OC)C(C)(C)C)C(C)(C)C,4.2116000000000025,0.15431195958816882,171.21999999999997,9,5,704.869,14,3,0.4473684210526316,51
CHEMBL1165,MOEXIPRIL,CCOC(=O)[C@H](CCc1ccccc1)N[C@@H](C)C(=O)N1Cc2cc(OC)c(OC)cc2C[C@H]1C(=O)O,2.5843,0.45463968613709077,114.40000000000002,7,2,498.5760000000004,11,3,0.4444444444444444,36
CHEMBL1166,ARGATROBAN,CC1CNc2c(cccc2S(=O)(=O)N[C@@H](CCCNC(=N)N)C(=O)N2CC[C@@H](C)C[C@@H]2C(=O)O)C1,0.9125700000000025,0.1618553539085383,177.71,6,6,508.6450000000003,9,3,0.6086956521739131,35
CHEMBL1167,SPECTINOMYCIN,CN[C@@H]1[C@H](O)[C@H](NC)[C@H]2O[C@@]3(O)C(=O)C[C@@H](C)O[C@H]3O[C@@H]2[C@H]1O,-2.9255999999999953,0.3608202823251693,129.51,9,5,332.353,2,3,0.9285714285714286,23
CHEMBL1168,RAMIPRIL,CCOC(=O)[C@H](CCc1ccccc1)N[C@@H](C)C(=O)N1[C@H](C(=O)O)C[C@@H]2CCC[C@@H]21,2.3831999999999995,0.6003163359035135,95.94000000000001,5,2,416.5180000000003,9,3,0.6086956521739131,30
CHEMBL419213,LISINOPRIL,NCCCC[C@H](N[C@@H](CCc1ccccc1)C(=O)O)C(=O)N1CCC[C@H]1C(=O)O.O.O,-0.41419999999999835,0.31592633374153917,195.95999999999998,5,4,441.5250000000003,12,2,0.5714285714285714,31
CHEMBL1169,AMINOSALICYLIC ACID,Nc1ccc(C(=O)O)c(O)c1,0.6726000000000001,0.5176060263674482,83.55000000000001,3,3,153.137,1,1,0.0,11
CHEMBL1170,TESTOSTERONE PROPIONATE,CCC(=O)O[C@H]1CC[C@H]2[C@@H]3CCC4=CC(=O)CC[C@]4(C)[C@H]3CC[C@]12C,4.840100000000005,0.6732503232022307,43.370000000000005,3,0,344.4950000000001,2,4,0.8181818181818182,25
CHEMBL117287,PRUCALOPRIDE,COCCCN1CCC(NC(=O)c2cc(Cl)c(N)c3c2OCC3)CC1,2.0877999999999997,0.5943769539353737,76.82000000000001,5,2,367.8770000000003,6,3,0.6111111111111112,25
CHEMBL1172,DESLORATADINE,Clc1ccc2c(c1)CCc1cccnc1C2=C1CCNCC1,4.018900000000002,0.7947531162646359,24.92,2,1,310.8280000000001,0,4,0.3157894736842105,22
CHEMBL1174,EPTIFIBATIDE,N=C(N)NCCCC[C@@H]1NC(=O)CCSSC[C@@H](C(N)=O)NC(=O)[C@@H]2CCCN2C(=O)[C@H](Cc2c[nH]c3ccccc23)NC(=O)[C@H](CC(=O)O)NC(=O)CNC1=O,-1.8447299999999895,0.05434101914517895,323.88999999999993,11,11,831.9790000000002,10,4,0.5142857142857142,57
CHEMBL333826,DEQUALINIUM,Cc1cc(N)c2ccccc2[n+]1CCCCCCCCCC[n+]1c(C)cc(N)c2ccccc21,6.170240000000007,0.20936732950759257,59.8,2,2,456.6780000000002,11,4,0.4,34
CHEMBL1175,DULOXETINE,CNCC[C@H](Oc1cccc2ccccc12)c1cccs1,4.630900000000003,0.7159243797705694,21.259999999999998,3,1,297.423,6,3,0.2222222222222222,21
CHEMBL1177,PEMOLINE,NC1=NC(=O)C(c2ccccc2)O1,0.5992000000000001,0.6809458251088377,64.67999999999999,3,1,176.17499999999998,1,2,0.1111111111111111,13
CHEMBL119423,TISOPURINE,Sc1ncnc2[nH]ncc12,0.6416,0.43001493268881763,54.46,4,2,152.18200000000002,0,2,0.0,10
CHEMBL117785,TETRABENAZINE,COc1cc2c(cc1OC)C1CC(=O)C(CC(C)C)CN1CC2,3.238100000000002,0.8544146112857971,38.77,4,0,317.4290000000001,4,3,0.631578947368421,23
CHEMBL71595,HYDROGEN PEROXIDE,OO,0.01739999999999997,0.292487473410359,40.46,2,2,34.014,0,0,0.0,2
CHEMBL1184,ACETYLCHOLINE CHLORIDE,CC(=O)OCC[N+](C)(C)C.[Cl-],-2.740299999999996,0.3490522751770155,26.3,2,0,181.663,3,0,0.8571428571428571,11
CHEMBL1185,ZOLMITRIPTAN,CN(C)CCc1c[nH]c2ccc(C[C@H]3COC(=O)N3)cc12,1.9229,0.8831305051919813,57.36,3,2,287.36299999999994,5,3,0.4375,21
CHEMBL119443,ERGONOVINE,C[C@@H](CO)NC(=O)[C@@H]1C=C2c3cccc4[nH]cc(c34)C[C@H]2N(C)C1,1.5346000000000002,0.8016505820392625,68.36,3,3,325.4120000000001,3,4,0.42105263157894735,24
CHEMBL1187,PHOSPHORIC ACID,O=P(O)(O)O,-0.9286000000000001,0.34189065943069985,77.76,1,3,97.99399999999999,0,0,0.0,5
CHEMBL121626,TOLFENAMIC ACID,Cc1c(Cl)cccc1Nc1ccccc1C(=O)O,4.090220000000002,0.8748545232166112,49.33,2,2,261.70799999999997,3,2,0.07142857142857142,18
CHEMBL338975,PHYSOSTIGMINE SALICYLATE,CNC(=O)Oc1ccc2c(c1)[C@]1(C)CCN(C)[C@@H]1N2C.O=C(O)c1ccccc1O,2.8643000000000014,0.6956933095843276,102.34,6,3,413.4740000000001,2,4,0.36363636363636365,30
CHEMBL121663,DEQUALINIUM CHLORIDE,Cc1cc(N)c2ccccc2[n+]1CCCCCCCCCC[n+]1c(C)cc(N)c2ccccc21.[Cl-].[Cl-],0.17824000000000445,0.2161055645765072,59.8,2,2,527.5840000000002,11,4,0.4,36
CHEMBL1190,DECAMETHONIUM,C[N+](C)(C)CCCCCCCCCC[N+](C)(C)C,3.5196000000000023,0.39283811960871146,0.0,0,0,258.4939999999999,11,0,1.0,18
CHEMBL339427,TUBOCURARINE,COc1cc2c3cc1Oc1cc(ccc1O)C[C@@H]1c4c(cc(OC)c(O)c4Oc4ccc(cc4)C[C@@H]3N(C)CC2)CC[N+]1(C)C,6.701000000000008,0.2449408495712499,80.62,7,2,609.7429999999999,2,8,0.35135135135135137,45
CHEMBL338802,SULFAGUANIDINE,N=C(N)NS(=O)(=O)c1ccc(N)cc1,-0.5594299999999999,0.2992027059784887,122.05999999999999,4,4,214.25,2,1,0.0,14
CHEMBL1191,SULFAMETHIZOLE,Cc1nnc(NS(=O)(=O)c2ccc(N)cc2)s1,1.2295199999999997,0.8173307365183631,97.97,6,2,270.339,3,2,0.1111111111111111,17
CHEMBL1193,PHENIRAMINE,CN(C)CCC(c1ccccc1)c1ccccn1,3.1652000000000013,0.7977462845021502,16.130000000000003,2,0,240.35000000000002,5,2,0.3125,18
CHEMBL1194,PRILOCAINE,CCCNC(C)C(=O)Nc1ccccc1C,2.3216200000000002,0.7992484445643814,41.13,2,2,220.316,5,1,0.46153846153846156,16
CHEMBL1195,PROPOXYCAINE,CCCOc1cc(N)ccc1C(=O)OCCN(CC)CC,2.5562000000000005,0.5599065078286075,64.78999999999999,5,1,294.39500000000004,9,1,0.5625,21
CHEMBL1196,PROPARACAINE,CCCOc1ccc(C(=O)OCCN(CC)CC)cc1N,2.5562000000000005,0.5599065078286075,64.79,5,1,294.3949999999999,9,1,0.5625,21
CHEMBL1197,HEXYLCAINE,CC(CNC1CCCCC1)OC(=O)c1ccccc1,3.154200000000002,0.8274314065508214,38.33,3,1,261.365,5,2,0.5625,19
CHEMBL1198,PRAMOXINE,CCCCOc1ccc(OCCCN2CCOCC2)cc1,2.9666000000000015,0.6550248398751946,30.930000000000003,4,0,293.4069999999999,9,2,0.6470588235294118,21
CHEMBL1200,BENOXINATE,CCCCOc1cc(C(=O)OCCN(CC)CC)ccc1N,2.946300000000001,0.4088470851438764,64.79,5,1,308.42199999999997,10,1,0.5882352941176471,22
CHEMBL1201,THIOTHIXENE,CN1CCN(CC/C=C2/c3ccccc3Sc3ccc(S(=O)(=O)N(C)C)cc32)CC1,3.4707000000000026,0.6041780809786208,43.86000000000001,5,0,443.63800000000026,5,4,0.391304347826087,30
CHEMBL126224,IPRINDOLE,CN(C)CCCn1c2c(c3ccccc31)CCCCCC2,4.252000000000004,0.8144974975591827,8.17,2,0,284.44700000000006,4,3,0.5789473684210527,21
CHEMBL127516,BUTAMBEN,CCCCOC(=O)c1ccc(N)cc1,2.2257,0.45292134802512557,52.32,3,1,193.24599999999998,4,1,0.36363636363636365,14
CHEMBL1202,CIPROFLOXACIN HYDROCHLORIDE,Cl.O=C(O)c1cn(C2CC2)c2cc(N3CCNCC3)c(F)cc2c1=O,2.0050999999999997,0.867635664008525,74.57,5,2,367.8080000000001,3,4,0.4117647058823529,25
CHEMBL1205,NELFINAVIR MESYLATE,CS(=O)(=O)O.Cc1c(O)cccc1C(=O)N[C@@H](CSc1ccccc1)[C@H](O)CN1C[C@H]2CCCC[C@H]2C[C@H]1C(=O)NC(C)(C)C,4.251620000000003,0.1955641894933154,156.27,8,5,663.9030000000001,9,4,0.5757575757575758,45
CHEMBL1206,ETHOPROPAZINE,CCN(CC)C(C)CN1c2ccccc2Sc2ccccc21,5.019600000000005,0.7651953187356423,6.48,3,0,312.482,5,3,0.3684210526315789,22
CHEMBL1208,CINOXACIN,CCn1nc(C(=O)O)c(=O)c2cc3c(cc21)OCO3,0.8432999999999997,0.8620783249551718,90.65,6,1,262.22099999999995,2,3,0.25,19
CHEMBL132530,FORMESTANE,C[C@]12CCC(=O)C(O)=C1CC[C@@H]1[C@@H]2CC[C@]2(C)C(=O)CC[C@@H]12,3.973100000000003,0.7362676475612525,54.37,3,1,302.41400000000004,0,4,0.7894736842105263,22
CHEMBL334966,CANGRELOR,CSCCNc1nc(SCCC(F)(F)F)nc2c1ncn2[C@@H]1O[C@H](COP(=O)(O)OP(=O)(O)C(Cl)(Cl)P(=O)(O)O)[C@@H](O)[C@H]1O,2.8505000000000034,0.04511663699478753,255.90999999999994,15,7,776.3660000000006,15,3,0.7058823529411765,44
CHEMBL1214,CARBENICILLIN,CC1(C)S[C@@H]2[C@H](NC(=O)C(C(=O)O)c3ccccc3)C(=O)N2[C@H]1C(=O)O,0.4864999999999999,0.5029511300621745,124.01,5,3,378.4060000000001,5,3,0.4117647058823529,26
CHEMBL340978,BENOXAPROFEN,CC(C(=O)O)c1ccc2oc(-c3ccc(Cl)cc3)nc2c1,4.336300000000002,0.7814855895675997,63.33,3,1,301.729,3,3,0.125,21
CHEMBL1215,PHENYLEPHRINE,CNC[C@H](O)c1cccc(O)c1,0.645,0.6190573678793356,52.489999999999995,3,3,167.20799999999997,3,1,0.3333333333333333,12
CHEMBL1218,RAMELTEON,CCC(=O)NCC[C@@H]1CCc2ccc3c(c21)CCO3,2.5676000000000005,0.9021804790562545,38.33,2,1,259.34899999999993,4,3,0.5625,19
CHEMBL1219,RABEPRAZOLE,COCCCOc1ccnc(C[S+]([O-])c2nc3ccccc3[nH]2)c1C,2.989420000000001,0.49371304213492695,83.09,5,1,359.451,8,3,0.3333333333333333,25
CHEMBL1220,TINIDAZOLE,CCS(=O)(=O)CCn1c([N+](=O)[O-])cnc1C,0.5344200000000001,0.5584635043283493,95.1,6,0,247.27599999999998,5,1,0.625,16
CHEMBL1221,SULCONAZOLE,Clc1ccc(CSC(Cn2ccnc2)c2ccc(Cl)cc2Cl)cc1,6.518000000000003,0.4710605975806781,17.82,3,0,397.75800000000015,6,3,0.16666666666666666,24
CHEMBL135400,ZOPICLONE,CN1CCN(C(=O)OC2c3nccnc3C(=O)N2c2ccc(Cl)cn2)CC1,1.5679999999999998,0.7705081180627319,91.75999999999999,7,0,388.8150000000001,2,4,0.35294117647058826,27
CHEMBL1223,PENICILLIN G POTASSIUM,CC1(C)S[C@@H]2[C@H](NC(=O)Cc3ccccc3)C(=O)N2[C@H]1C(=O)[O-].[K+],-3.4698999999999973,0.43822715903167175,89.54,5,1,372.4870000000001,4,3,0.4375,24
CHEMBL1224,ACRIVASTINE,Cc1ccc(/C(=C\CN2CCCC2)c2cccc(/C=C/C(=O)O)n2)cc1,4.015320000000003,0.8014151467111451,53.43000000000001,3,1,348.446,6,3,0.2727272727272727,26
CHEMBL344159,TOLVAPTAN,Cc1ccccc1C(=O)Nc1ccc(C(=O)N2CCCC(O)c3cc(Cl)ccc32)c(C)c1,5.683140000000005,0.540891219756549,69.64,3,2,448.9500000000001,3,4,0.23076923076923078,32
CHEMBL1228,OXYPHENBUTAZONE ANHYDROUS,CCCCC1C(=O)N(c2ccccc2)N(c2ccc(O)cc2)C1=O,3.493400000000002,0.8564589107930237,60.85,3,1,324.38000000000005,5,3,0.2631578947368421,24
CHEMBL1229,OSELTAMIVIR,CCOC(=O)C1=C[C@@H](OC(CC)CC)[C@H](NC(C)=O)[C@@H](N)C1,1.2853999999999997,0.6912235198580302,90.64999999999999,5,2,312.41,7,1,0.75,22
CHEMBL139367,PERAMIVIR ANHYDROUS,CCC(CC)[C@H](NC(C)=O)[C@@H]1[C@H](O)[C@@H](C(=O)O)C[C@H]1NC(=N)N,-0.1394299999999976,0.2829016771506782,148.53000000000003,4,6,328.413,7,1,0.8,23
CHEMBL341812,IBUFENAC,CC(C)Cc1ccc(CC(=O)O)cc1,2.5122,0.795449500750072,37.3,1,1,192.25799999999998,4,1,0.4166666666666667,14
CHEMBL1231,OXYBUTYNIN,CCN(CC)CC#CCOC(=O)C(O)(c1ccccc1)C1CCCCC1,3.342900000000002,0.6005702926906202,49.769999999999996,4,1,357.4940000000002,7,2,0.5909090909090909,26
CHEMBL1233,CARISOPRODOL,CCCC(C)(COC(N)=O)COC(=O)NC(C)C,2.0227,0.7323095649562918,90.65,4,2,260.334,7,0,0.8333333333333334,18
CHEMBL1234,DEFEROXAMINE MESYLATE,CC(=O)N(O)CCCCCNC(=O)CCC(=O)N(O)CCCCCNC(=O)CCC(=O)N(O)CCCCCN.CS(=O)(=O)O,0.42610000000000686,0.03417063312808434,260.21,11,7,656.8000000000003,23,0,0.8076923076923077,44
CHEMBL1237,LISINOPRIL ANHYDROUS,NCCCC[C@H](N[C@@H](CCc1ccccc1)C(=O)O)C(=O)N1CCC[C@H]1C(=O)O,1.2352000000000007,0.3844882105003128,132.95999999999998,5,4,405.49500000000023,12,2,0.5714285714285714,29
CHEMBL1238,AZELAIC ACID,O=C(O)CCCCCCCC(=O)O,1.8863,0.5701815945486013,74.6,2,2,188.22299999999998,8,0,0.7777777777777778,13
CHEMBL1239,BENZYL BENZOATE,O=C(OCc1ccccc1)c1ccccc1,3.0436000000000014,0.7307975714616393,26.3,2,0,212.248,3,2,0.07142857142857142,16
CHEMBL1240,PROPANTHELINE BROMIDE,CC(C)[N+](C)(CCOC(=O)C1c2ccccc2Oc2ccccc21)C(C)C.[Br-],1.7348,0.4991408871253257,35.53,3,0,448.4010000000001,6,3,0.43478260869565216,28
CHEMBL1241,TRIPELENNAMINE,CN(C)CCN(Cc1ccccc1)c1ccccn1,2.649800000000001,0.7908033413514379,19.37,3,0,255.36500000000004,6,2,0.3125,19
CHEMBL1242,PHENAZOPYRIDINE,Nc1ccc(/N=N/c2ccccc2)c(N)n1,2.6613999999999995,0.7511676712570863,89.64999999999999,5,2,213.24400000000003,2,2,0.0,16
CHEMBL141305,CYCLOFENIL,CC(=O)Oc1ccc(C(=C2CCCCC2)c2ccc(OC(C)=O)cc2)cc1,5.303200000000005,0.5453331404055363,52.6,4,0,364.44100000000003,4,3,0.30434782608695654,27
CHEMBL139877,SULFACARBAMIDE,NC(=O)NS(=O)(=O)c1ccc(N)cc1,-0.3742000000000003,0.583236471898846,115.27999999999999,4,3,215.234,2,1,0.0,14
CHEMBL1243,SULFABENZAMIDE,Nc1ccc(S(=O)(=O)NC(=O)c2ccccc2)cc1,1.3875,0.828903233575629,89.25999999999999,4,2,276.317,3,2,0.0,19
CHEMBL142703,VILDAGLIPTIN,N#C[C@@H]1CCCN1C(=O)CNC12CC3CC(CC(O)(C3)C1)C2,1.1742799999999989,0.8205033024916379,76.36,4,2,303.4060000000001,3,5,0.8823529411764706,22
CHEMBL1245,TRIMETHAPHAN CAMSYLATE,CC1(C)C2CCC1(CS(=O)(=O)[O-])C(=O)C2.O=C1N(Cc2ccccc2)C2C[S+]3CCCC3C2N1Cc1ccccc1,4.582900000000004,0.2762676696230148,97.82,5,0,596.8150000000003,6,7,0.5625,41
CHEMBL139835,CYPROTERONE ACETATE,CC(=O)O[C@]1(C(C)=O)CC[C@H]2[C@@H]3C=C(Cl)C4=CC(=O)[C@@H]5C[C@@H]5[C@]4(C)[C@H]3CC[C@@]21C,4.607600000000004,0.6166116116190477,60.440000000000005,4,0,416.9450000000003,2,5,0.7083333333333334,29
CHEMBL1251,GANIRELIX,CC/N=C(\NCC)NCCCC[C@H](NC(=O)[C@H](CC(C)C)NC(=O)[C@@H](CCCCN/C(=N/CC)NCC)NC(=O)[C@H](Cc1ccc(O)cc1)NC(=O)[C@H](CO)NC(=O)[C@@H](Cc1cccnc1)NC(=O)[C@@H](Cc1ccc(Cl)cc1)NC(=O)[C@@H](Cc1ccc2ccccc2c1)NC(C)=O)C(=O)N1CCC[C@H]1C(=O)N[C@H](C)C(N)=O,2.2726999999999804,0.015104774890056896,451.4899999999998,16,16,1570.3500000000004,44,6,0.5,112
CHEMBL142635,NAFTOPIDIL,COc1ccccc1N1CCN(CC(O)COc2cccc3ccccc23)CC1,3.410300000000002,0.6676511215871564,45.17,5,1,392.4990000000001,7,4,0.3333333333333333,29
CHEMBL415606,DEGARELIX,CC(=O)N[C@H](Cc1ccc2ccccc2c1)C(=O)N[C@H](Cc1ccc(Cl)cc1)C(=O)N[C@H](Cc1cccnc1)C(=O)N[C@@H](CO)C(=O)N[C@@H](Cc1ccc(NC(=O)[C@@H]2CC(=O)NC(=O)N2)cc1)C(=O)N[C@H](Cc1ccc(NC(N)=O)cc1)C(=O)N[C@@H](CC(C)C)C(=O)N[C@@H](CCCCNC(C)C)C(=O)N1CCC[C@H]1C(=O)N[C@H](C)C(N)=O,1.514699999999991,0.02419392062520446,512.8699999999998,18,17,1632.2890000000002,41,8,0.4146341463414634,117
CHEMBL1252,ABARELIX,CC(=O)N[C@H](Cc1ccc2ccccc2c1)C(=O)N[C@H](Cc1ccc(Cl)cc1)C(=O)N[C@H](Cc1cccnc1)C(=O)N[C@@H](CO)C(=O)N(C)[C@@H](Cc1ccc(O)cc1)C(=O)N[C@H](CC(N)=O)C(=O)N[C@@H](CC(C)C)C(=O)N[C@@H](CCCCNC(C)C)C(=O)N1CCC[C@H]1C(=O)N[C@H](C)C(N)=O,1.1679999999999986,0.024674501231940985,424.97999999999985,16,13,1416.089,38,6,0.4583333333333333,101
CHEMBL1255,FORMALDEHYDE,C=O,-0.1849,0.36062445834190227,17.07,1,0,30.026,0,0,0.0,2
CHEMBL1256,ISOFLURANE,FC(F)OC(Cl)C(F)(F)F,2.3528000000000002,0.47287129526793736,9.23,1,0,184.49099999999996,2,0,1.0,10
CHEMBL142438,NITROGEN,N#N,0.03016,0.3515827913468266,47.58,2,0,28.014,0,0,0.0,2
CHEMBL1257,ENFLURANE,FC(F)OC(F)(F)C(F)Cl,2.3528000000000002,0.48329409286155045,9.23,1,0,184.491,3,0,1.0,10
CHEMBL1259,METOCURINE,COc1ccc2cc1Oc1cc3c(cc1OC)CC[N+](C)(C)[C@H]3Cc1ccc(cc1)Oc1c(OC)c(OC)cc3c1[C@@H](C2)[N+](C)(C)CC3,7.451600000000009,0.21366035293199462,55.38000000000001,6,0,652.8319999999999,4,8,0.4,48
CHEMBL1261,CITRIC ACID,O=C(O)CC(O)(CC(=O)O)C(=O)O,-1.2484999999999995,0.4274213512497734,132.13,4,4,192.123,5,0,0.5,13
CHEMBL144673,HEXETIDINE,CCCCC(CC)CN1CN(CC(CC)CCCC)CC(C)(N)C1,4.711700000000004,0.5586112708639186,32.5,3,1,339.6120000000001,12,1,1.0,24
CHEMBL1262,OXICONAZOLE,Clc1ccc(CO/N=C(\Cn2ccnc2)c2ccc(Cl)cc2Cl)c(Cl)c1,6.117800000000003,0.35014840715594203,39.41,4,0,429.1340000000001,6,3,0.1111111111111111,26
CHEMBL1263,SALMETEROL,OCc1cc(C(O)CNCCCCCCOCCCCc2ccccc2)ccc1O,4.107400000000005,0.3103203848328889,81.95,5,4,415.57400000000007,16,2,0.52,30
CHEMBL1265,ADAPALENE,COc1ccc(-c2ccc3cc(C(=O)O)ccc3c2)cc1C12CC3CC(CC(C3)C1)C2,6.681400000000005,0.5197041292773107,46.53,2,1,412.5290000000003,4,7,0.39285714285714285,31
CHEMBL146095,GLAFENINE,O=C(OCC(O)CO)c1ccccc1Nc1ccnc2cc(Cl)ccc12,3.141800000000001,0.575646202626094,91.68,6,3,372.80800000000005,6,3,0.15789473684210525,26
CHEMBL1266,TETRAHYDROZOLINE,c1ccc2c(c1)CCCC2C1=NCCN1,2.1082,0.7373798417697964,24.39,2,1,200.285,1,3,0.46153846153846156,15
CHEMBL343448,ROMIDEPSIN,C/C=C1\NC(=O)[C@H]2CSSCC/C=C/[C@H](CC(=O)N[C@H](C(C)C)C(=O)N2)OC(=O)[C@H](C(C)C)NC1=O,1.4296000000000009,0.17833858604326225,142.70000000000002,8,4,540.7080000000002,2,2,0.625,36
CHEMBL1271,PENTOLINIUM,C[N+]1(CCCCC[N+]2(C)CCCC2)CCCC1,2.637500000000001,0.49447922099971825,0.0,0,0,240.4349999999999,6,2,1.0,17
CHEMBL1272,REPAGLINIDE,CCOc1cc(CC(=O)N[C@@H](CC(C)C)c2ccccc2N2CCCCC2)ccc1C(=O)O,5.219900000000005,0.5166893132340431,78.87,4,2,452.5950000000003,10,3,0.48148148148148145,33
CHEMBL1274,NILUTAMIDE,CC1(C)NC(=O)N(c2ccc([N+](=O)[O-])c(C(F)(F)F)c2)C1=O,2.4484000000000004,0.5149371381813627,92.55000000000001,4,1,317.223,2,2,0.3333333333333333,22
CHEMBL1275,PERGOLIDE MESYLATE,CCCN1C[C@H](CSC)C[C@@H]2c3cccc4[nH]cc(c34)C[C@H]21.CS(=O)(=O)O,3.775100000000002,0.750715872884489,73.4,4,2,410.6050000000002,4,4,0.6,27
CHEMBL1278,NARATRIPTAN,CNS(=O)(=O)CCc1ccc2[nH]cc(C3CCN(C)CC3)c2c1,2.0687999999999995,0.8790140987575411,65.2,3,2,335.4730000000001,5,3,0.5294117647058824,23
CHEMBL1279,FROVATRIPTAN,CN[C@@H]1CCc2[nH]c3ccc(C(N)=O)cc3c2C1,1.3435,0.7446286892388262,70.91,2,3,243.30999999999997,2,3,0.35714285714285715,18
CHEMBL1280,VERAPAMIL HYDROCHLORIDE,COc1ccc(CCN(C)CCCC(C#N)(c2ccc(OC)c(OC)c2)C(C)C)cc1OC.Cl,5.514880000000007,0.36835170963355346,63.95,6,0,491.0720000000002,13,2,0.5185185185185185,34
CHEMBL149972,PHENOBARBITAL SODIUM,CCC1(c2ccccc2)C(=O)N=C([O-])NC1=O.[Na+],-3.288899999999998,0.44347104422688927,81.59,3,1,254.22099999999995,2,2,0.25,18
CHEMBL1282,IMIQUIMOD,CC(C)Cn1cnc2c(N)nc3ccccc3c21,2.8227,0.7489707109733231,56.730000000000004,4,1,240.30999999999997,2,3,0.2857142857142857,18
CHEMBL1286,LEVETIRACETAM,CC[C@@H](C(N)=O)N1CCCC1=O,-0.12729999999999997,0.6410492145588488,63.400000000000006,2,1,170.212,3,1,0.75,12
CHEMBL1289,HALOPROGIN,Clc1cc(Cl)c(OCC#CI)cc1Cl,4.421500000000001,0.43041976642477936,9.23,1,0,361.39300000000003,2,1,0.1111111111111111,14
CHEMBL1290,PENBUTOLOL,CC(C)(C)NC[C@H](O)COc1ccccc1C1CCCC1,3.472000000000002,0.8429853880163447,41.489999999999995,3,2,291.4350000000001,6,2,0.6666666666666666,21
CHEMBL345524,ANTRAFENINE,O=C(OCCN1CCN(c2cccc(C(F)(F)F)c2)CC1)c1ccccc1Nc1ccnc2cc(C(F)(F)F)ccc12,6.9950000000000045,0.18553227303162553,57.7,6,1,588.5520000000004,7,5,0.26666666666666666,42
CHEMBL1291,METIPRANOLOL,CC(=O)Oc1c(C)cc(OCC(O)CNC(C)C)c(C)c1C,2.2748600000000003,0.5972565891756851,67.79,5,2,309.40600000000006,7,1,0.5882352941176471,22
CHEMBL1292,CLOFAZIMINE,CC(C)/N=c1\cc2n(-c3ccc(Cl)cc3)c3ccccc3nc-2cc1Nc1ccc(Cl)cc1,7.489800000000005,0.2749298454816666,42.21,4,1,473.40700000000015,4,5,0.1111111111111111,33
CHEMBL1293,BETA CAROTENE,CC1=C(/C=C/C(C)=C/C=C/C(C)=C/C=C/C=C(C)/C=C/C=C(C)/C=C/C2=C(C)CCCC2(C)C)C(C)(C)CCC1,12.605799999999977,0.24351270202197942,0.0,0,0,536.8880000000004,10,2,0.45,40
CHEMBL1294,QUINIDINE,C=C[C@H]1CN2CC[C@H]1C[C@@H]2[C@@H](O)c1ccnc2ccc(OC)cc12,3.1732000000000014,0.8776016184783941,45.59,4,1,324.4240000000001,4,5,0.45,24
CHEMBL1295,BUTOCONAZOLE,Clc1ccc(CCC(Cn2ccnc2)Sc2c(Cl)cccc2Cl)cc1,6.637000000000003,0.40560533429498863,17.82,3,0,411.7850000000001,7,3,0.21052631578947367,25
CHEMBL1296,CEFOTIAM,CN(C)CCn1nnnc1SCC1=C(C(=O)O)N2C(=O)[C@@H](NC(=O)Cc3csc(N)n3)[C@H]2SC1,-0.653199999999996,0.26456113507512835,172.45999999999998,13,3,525.6420000000002,10,4,0.5,34
CHEMBL154111,SALSALATE,O=C(Oc1ccccc1C(=O)O)c1ccccc1O,2.309600000000001,0.6515507183057149,83.83000000000001,4,2,258.229,3,2,0.0,19
CHEMBL1297,FENOPROFEN,CC(C(=O)O)c1cccc(Oc2ccccc2)c1,3.6670000000000016,0.8893527006971172,46.53,2,1,242.274,4,2,0.13333333333333333,18
CHEMBL345714,ACIPIMOX,Cc1cnc(C(=O)O)c[n+]1[O-],-0.2783799999999999,0.4454944230878123,77.13,3,1,154.12499999999997,1,1,0.16666666666666666,11
CHEMBL157101,KETOCONAZOLE,CC(=O)N1CCN(c2ccc(OCC3COC(Cn4ccnc4)(c4ccc(Cl)cc4Cl)O3)cc2)CC1,4.205800000000003,0.45541449702144693,69.06,7,0,531.4399999999999,7,5,0.38461538461538464,36
CHEMBL170,QUININE,C=C[C@H]1CN2CC[C@H]1C[C@H]2[C@H](O)c1ccnc2ccc(OC)cc12,3.1732000000000014,0.8776016184783941,45.59,4,1,324.4240000000001,4,5,0.45,24
CHEMBL346235,DIAMTHAZOLE DIHYDROCHLORIDE,CCN(CC)CCOc1ccc2nc(N(C)C)sc2c1.Cl.Cl,3.9265000000000048,0.7425476924992122,28.6,5,0,366.358,7,2,0.5333333333333333,22
CHEMBL1301,HYDROXYSTILBAMIDINE,N=C(N)c1ccc(/C=C/c2ccc(C(=N)N)cc2O)cc1,2.1307400000000003,0.3349438148628667,119.97,3,5,280.33099999999996,4,2,0.0,21
CHEMBL1303,ROTIGOTINE,CCCN(CCc1cccs1)[C@H]1CCc2c(O)cccc2C1,4.265700000000003,0.8604750415603676,23.47,3,1,315.482,6,3,0.47368421052631576,22
CHEMBL349803,PIRETANIDE,NS(=O)(=O)c1cc(C(=O)O)cc(N2CCCC2)c1Oc1ccccc1,2.4247000000000005,0.8451550160132962,109.93,5,2,362.40700000000004,5,3,0.23529411764705882,25
CHEMBL1305,ANTAZOLINE,c1ccc(CN(CC2=NCCN2)c2ccccc2)cc1,2.6949000000000014,0.8998200956985529,27.63,3,1,265.36,5,3,0.23529411764705882,20
CHEMBL1306,TERCONAZOLE,CC(C)N1CCN(c2ccc(OC[C@H]3CO[C@](Cn4cncn4)(c4ccc(Cl)cc4Cl)O3)cc2)CC1,4.462700000000003,0.4245793739951387,64.88000000000001,8,0,532.472,8,5,0.46153846153846156,36
CHEMBL1308,FOMEPIZOLE,Cc1cn[nH]c1,0.7181199999999999,0.49044689078380066,28.68,1,1,82.106,0,1,0.25,6
CHEMBL350221,OXITRIPTAN,N[C@@H](Cc1c[nH]c2ccc(O)cc12)C(=O)O,0.8279000000000003,0.61514071449147,99.34000000000002,3,4,220.22799999999998,3,2,0.18181818181818182,16
CHEMBL1311,ISOSORBIDE MONONITRATE,O=[N+]([O-])O[C@@H]1CO[C@H]2[C@@H]1OC[C@@H]2O,-1.2782000000000004,0.4315569256356931,91.06000000000002,6,1,191.13899999999998,2,2,1.0,13
CHEMBL157138,LISURIDE,CCN(CC)C(=O)N[C@H]1C=C2c3cccc4[nH]cc(c34)C[C@H]2N(C)C1,2.841400000000001,0.9040890002345446,51.370000000000005,2,2,338.45500000000015,3,4,0.45,25
CHEMBL1314,TIOPRONIN,CC(S)C(=O)NCC(=O)O,-0.49450000000000044,0.4915427134370948,66.4,3,3,163.198,3,0,0.6,10
CHEMBL1316,CARPROFEN,CC(C(=O)O)c1ccc2c(c1)[nH]c1ccc(Cl)cc12,4.162600000000002,0.7364039910992084,53.089999999999996,1,2,273.719,2,3,0.13333333333333333,19
CHEMBL346977,FONAZINE,CC(CN1c2ccccc2Sc2ccc(S(=O)(=O)N(C)C)cc21)N(C)C,3.4897000000000027,0.780604834614268,43.86000000000001,5,0,391.5620000000001,5,3,0.3684210526315789,26
CHEMBL159226,MOXISYLYTE,CC(=O)Oc1cc(C(C)C)c(OCCN(C)C)cc1C,2.9841200000000017,0.5925570707970831,38.77,4,0,279.38,6,1,0.5625,20
CHEMBL1321,PROCARBAZINE,CNNCc1ccc(C(=O)NC(C)C)cc1,1.0487999999999995,0.6513892787333422,53.16,3,3,221.304,5,1,0.4166666666666667,16
CHEMBL1323,DARUNAVIR,CC(C)CN(C[C@@H](O)[C@H](Cc1ccccc1)NC(=O)O[C@H]1CO[C@H]2OCC[C@H]21)S(=O)(=O)c1ccc(N)cc1,2.3753,0.36442311667248134,140.42000000000002,8,3,547.6740000000003,11,4,0.5185185185185185,38
CHEMBL1324,TOLCAPONE,Cc1ccc(C(=O)c2cc(O)c(O)c([N+](=O)[O-])c2)cc1,2.545420000000002,0.38710486030618185,100.67,5,2,273.24399999999997,3,2,0.07142857142857142,20
CHEMBL162036,BENORILATE,CC(=O)Nc1ccc(OC(=O)c2ccccc2OC(C)=O)cc1,2.789500000000001,0.6930872862487459,81.69999999999999,5,1,313.309,4,2,0.11764705882352941,23
CHEMBL1328,PENTAGASTRIN,CSCC[C@H](NC(=O)[C@H](Cc1c[nH]c2ccccc12)NC(=O)CCNC(=O)OC(C)(C)C)C(=O)N[C@@H](CC(=O)O)C(=O)N[C@@H](Cc1ccccc1)C(N)=O,1.5202000000000044,0.08232831516129638,250.91,9,8,767.9060000000002,20,3,0.43243243243243246,54
CHEMBL1336,SORAFENIB,CNC(=O)c1cc(Oc2ccc(NC(=O)Nc3ccc(Cl)c(C(F)(F)F)c3)cc2)ccn1,5.549700000000003,0.4613395020059931,92.35000000000001,4,3,464.83100000000013,5,3,0.09523809523809523,32
CHEMBL167150,TRICHLORFON,COP(=O)(OC)C(O)C(Cl)(Cl)Cl,2.1609000000000003,0.6216381470286191,55.760000000000005,4,1,257.437,3,0,1.0,12
CHEMBL168815,CEVIMELINE,CC1OC2(CS1)CN1CCC2CC1,1.5602,0.5872820800253644,12.47,3,0,199.31899999999993,0,4,1.0,13
CHEMBL167731,PIXANTRONE,NCCNc1ccc(NCCN)c2c1C(=O)c1ccncc1C2=O,0.5982000000000002,0.523017836989134,123.13,7,4,325.372,6,3,0.23529411764705882,24
CHEMBL1337,NITISINONE,O=C1CCCC(=O)C1C(=O)c1ccc(C(F)(F)F)cc1[N+](=O)[O-],2.7346000000000013,0.3676900937816902,94.35,5,0,329.2300000000001,3,2,0.35714285714285715,23
CHEMBL170988,PHENFORMIN,N=C(N)NC(=N)NCCc1ccccc1,0.23654000000000086,0.36084892647409667,97.78,2,5,205.26500000000001,3,1,0.2,15
CHEMBL169901,DEBRISOQUIN,N=C(N)N1CCc2ccccc2C1,0.9381699999999995,0.4551591876631269,53.11000000000001,1,2,175.23499999999999,0,2,0.3,13
CHEMBL354077,AMIFAMPRIDINE,Nc1ccncc1N,0.2460000000000001,0.5014053270919594,64.92999999999999,3,2,109.132,0,1,0.0,8
CHEMBL354541,LOMITAPIDE,O=C(NC1CCN(CCCCC2(C(=O)NCC(F)(F)F)c3ccccc3-c3ccccc32)CC1)c1ccccc1-c1ccc(C(F)(F)F)cc1,8.382100000000005,0.12968890456043358,61.440000000000005,3,2,693.7320000000003,10,6,0.3333333333333333,50
CHEMBL1339,VARDENAFIL HYDROCHLORIDE,CCCc1nc(C)c2c(O)nc(-c3cc(S(=O)(=O)N4CCN(CC)CC4)ccc3OCC)nn12.Cl,2.904520000000002,0.4782826095080048,113.16,9,1,525.0750000000004,8,4,0.5217391304347826,35
CHEMBL1341,METHOXYFLURANE,COC(F)(F)C(Cl)Cl,2.0293,0.5683931276423007,9.23,1,0,164.966,2,0,1.0,8
CHEMBL1342,OXYBATE,O=C(O)CCCO,-0.15650000000000003,0.5228516803190233,57.53,2,2,104.105,3,0,0.75,7
CHEMBL1345,GUANETHIDINE MONOSULFATE,N=C(N)NCCN1CCCCCCC1.O=S(=O)(O)O,0.08277000000000057,0.28212484379298514,139.74,4,5,296.393,3,1,0.9,19
CHEMBL1346,DARIFENACIN,NC(=O)C(c1ccccc1)(c1ccccc1)[C@@H]1CCN(CCc2ccc3c(c2)CCO3)C1,3.957500000000003,0.6222713272119355,55.56,3,1,426.5600000000003,7,5,0.32142857142857145,32
CHEMBL175247,ORLISTAT,CCCCCCCCCCC[C@@H](C[C@@H]1OC(=O)[C@H]1CCCCCC)OC(=O)[C@H](CC(C)C)NC=O,6.881900000000007,0.0948674729834446,81.69999999999999,5,1,495.7450000000004,23,1,0.896551724137931,35
CHEMBL177367,SILVER NITRATE,O=[N+]([O-])[O-].[Ag+],-0.24160000000000006,0.28581293085454856,66.2,3,0,169.872,0,0,0.0,5
CHEMBL175691,RILPIVIRINE,Cc1cc(/C=C/C#N)cc(C)c1Nc1ccnc(Nc2ccc(C#N)cc2)n1,4.989100000000003,0.6174794624332792,97.42,6,2,366.4280000000001,5,3,0.09090909090909091,28
CHEMBL1349,VALACYCLOVIR,CC(C)[C@H](N)C(=O)OCCOCn1cnc2c(=O)nc(N)[nH]c21,-0.7975999999999985,0.44214276395859164,151.14000000000001,9,3,324.341,7,2,0.5384615384615384,23
CHEMBL539423,SPARSENTAN,CCCCC1=NC2(CCCC2)C(=O)N1Cc1ccc(-c2ccccc2S(=O)(=O)Nc2noc(C)c2C)c(COCC)c1,6.539440000000007,0.2554754512604677,114.10000000000001,7,1,592.7620000000001,12,5,0.46875,42
CHEMBL180022,NERATINIB,CCOc1cc2ncc(C#N)c(Nc3ccc(OCc4ccccn4)c(Cl)c3)c2cc1NC(=O)/C=C/CN(C)C,5.932480000000005,0.21847545958158987,112.39999999999999,8,2,557.054,11,4,0.2,40
CHEMBL1350,TILUDRONIC ACID,O=P(O)(O)C(Sc1ccc(Cl)cc1)P(=O)(O)O,2.0711000000000013,0.4959187141654929,115.06,3,4,318.61100000000005,4,1,0.14285714285714285,17
CHEMBL178803,BLONANSERIN,CCN1CCN(c2cc(-c3ccc(F)cc3)c3c(n2)CCCCCC3)CC1,4.6886000000000045,0.7845609545042489,19.37,3,0,367.51200000000034,3,4,0.5217391304347826,27
CHEMBL360328,LORCASERIN,C[C@H]1CNCCc2ccc(Cl)cc21,2.589200000000001,0.6712914663019366,12.03,1,1,195.69299999999998,0,2,0.45454545454545453,13
CHEMBL361812,RAMATROBAN,O=C(O)CCn1c2c(c3ccccc31)C[C@H](NS(=O)(=O)c1ccc(F)cc1)CC2,3.0909000000000013,0.6463917568152955,88.4,4,2,416.4740000000002,6,4,0.2857142857142857,29
CHEMBL1353,SODIUM BICARBONATE,O=C([O-])O.[Na+],-4.1083,0.30327610731514837,60.36,2,1,84.006,0,0,0.0,5
CHEMBL1354,SODIUM ACETATE,CC(=O)[O-].[Na+],-4.2398,0.27764940866171334,40.129999999999995,2,0,82.034,0,0,0.5,5
CHEMBL1355,SODIUM CITRATE,O=C([O-])CC(O)(CC(=O)[O-])C(=O)[O-].[Na+].[Na+].[Na+],-14.240600000000004,0.4823259485784411,140.62,7,1,258.06899999999996,5,0,0.5,16
CHEMBL1356,SODIUM BENZOATE,O=C([O-])c1ccccc1.[Na+],-2.945899999999999,0.39537396680887876,40.129999999999995,2,0,144.10499999999996,1,1,0.0,10
CHEMBL1357,SODIUM LACTATE,CC(O)C(=O)[O-].[Na+],-4.878899999999999,0.34583830939752774,60.36,3,1,112.05999999999999,1,0,0.6666666666666666,7
CHEMBL1358,FULVESTRANT,C[C@]12CC[C@@H]3c4ccc(O)cc4C[C@@H](CCCCCCCCC[S+]([O-])CCCC(F)(F)C(F)(F)F)[C@H]3[C@@H]1CC[C@@H]2O,8.682600000000003,0.1265427129787013,63.519999999999996,3,2,606.7820000000003,14,4,0.8125,41
CHEMBL1359,ERTAPENEM,C[C@@H](O)[C@H]1C(=O)N2C(C(=O)O)=C(S[C@@H]3CN[C@H](C(=O)Nc4cccc(C(=O)O)c4)C3)[C@H](C)[C@H]12,0.9407000000000005,0.3621907984804827,156.26999999999998,7,5,475.52300000000025,7,4,0.45454545454545453,33
CHEMBL174,AMPICILLIN,CC1(C)S[C@@H]2[C@H](NC(=O)[C@H](N)c3ccccc3)C(=O)N2[C@H]1C(=O)O,0.3181000000000002,0.674878289478739,112.73,5,3,349.4120000000001,4,3,0.4375,24
CHEMBL360055,GALLAMINE,CC[N+](CC)(CC)CCOc1cccc(OCC[N+](CC)(CC)CC)c1OCC[N+](CC)(CC)CC,5.452500000000005,0.2058221894673444,27.69,3,0,510.8280000000005,21,1,0.8,36
CHEMBL1360,ATRACURIUM,COc1ccc(CC2c3cc(OC)c(OC)cc3CC[N+]2(C)CCC(=O)OCCCCCOC(=O)CC[N+]2(C)CCc3cc(OC)c(OC)cc3C2Cc2ccc(OC)c(OC)c2)cc1OC,8.06550000000001,0.038349396136230826,126.44000000000004,12,0,929.161,24,6,0.5094339622641509,67
CHEMBL185073,PANCURONIUM,CC(=O)O[C@H]1C[C@@H]2CC[C@@H]3[C@H](CC[C@@]4(C)[C@H]3C[C@H]([N+]3(C)CCCCC3)[C@@H]4OC(C)=O)[C@@]2(C)C[C@@H]1[N+]1(C)CCCCC1,6.110500000000007,0.30133279842362654,52.6,4,0,572.8750000000001,4,6,0.9428571428571428,41
CHEMBL1363,ARFORMOTEROL,COc1ccc(C[C@@H](C)NC[C@H](O)c2ccc(O)c(NC=O)c2)cc1,2.2233,0.4136022576828499,90.82,5,4,344.41100000000006,9,2,0.3157894736842105,25
CHEMBL1364,PYRIDOXINE,Cc1ncc(CO)c(CO)c1O,0.08021999999999985,0.5858308475922274,73.58000000000001,4,3,169.18,2,1,0.375,12
CHEMBL184412,DRONEDARONE,CCCCc1oc2ccc(NS(C)(=O)=O)cc2c1C(=O)c1ccc(OCCCN(CCCC)CCCC)cc1,7.0490000000000075,0.13340703621721298,88.85,6,1,556.7690000000005,18,3,0.5161290322580645,39
CHEMBL363295,TERODILINE,CC(CC(c1ccccc1)c1ccccc1)NC(C)(C)C,4.985200000000004,0.8142368841249362,12.03,1,1,281.44300000000004,5,2,0.4,21
CHEMBL1368,"SODIUM PHOSPHATE, MONOBASIC",O=P([O-])(O)O.[Na+],-4.5565999999999995,0.24892326197180115,80.59,2,2,119.97599999999998,0,0,0.0,6
CHEMBL186314,SODIUM CARBONATE,O=C([O-])[O-].[Na+].[Na+],-8.439,0.28792306088625597,63.19,3,0,105.988,0,0,0.0,6
CHEMBL439849,VILAZODONE,N#Cc1ccc2[nH]cc(CCCCN3CCN(c4ccc5oc(C(N)=O)cc5c4)CC3)c2c1,4.029580000000003,0.42169344518712,102.28999999999999,5,2,441.5350000000002,7,5,0.3076923076923077,33
CHEMBL1370,BUDESONIDE,CCCC1O[C@@H]2C[C@H]3[C@@H]4CCC5=CC(=O)C=C[C@]5(C)[C@H]4[C@@H](O)C[C@]3(C)[C@]2(C(=O)CO)O1,2.7168000000000014,0.7124527920741569,93.06,6,2,430.5410000000002,4,5,0.76,31
CHEMBL361506,PENTAMIDINE ISETHIONATE,N=C(N)c1ccc(OCCCCCOc2ccc(C(=N)N)cc2)cc1.O=S(=O)(O)CCO.O=S(=O)(O)CCO,0.615840000000003,0.06487735735903519,267.4,10,8,592.6930000000001,14,2,0.391304347826087,39
CHEMBL189171,ACEMETACIN,COc1ccc2c(c1)c(CC(=O)OCC(=O)O)c(C)n2C(=O)c1ccc(Cl)cc1,3.4705200000000014,0.6192570573143896,94.82999999999998,6,1,415.82900000000006,6,3,0.19047619047619047,29
CHEMBL188952,PIRPROFEN,CC(C(=O)O)c1ccc(N2CC=CC2)c(Cl)c1,2.904300000000001,0.8401271804776066,40.54,2,1,251.71299999999997,3,2,0.3076923076923077,17
CHEMBL1371,CHLORZOXAZONE,O=c1[nH]c2cc(Cl)ccc2o1,1.7745,0.6535135154314028,46.0,2,1,169.56699999999998,0,2,0.0,11
CHEMBL361497,ARTESUNATE,C[C@H]1[C@H](OC(=O)CCC(=O)O)O[C@@H]2O[C@@]3(C)CC[C@H]4[C@H](C)CC[C@@H]1[C@@]24OO3,2.6024000000000003,0.5830734536469286,100.52000000000002,7,1,384.4250000000002,4,5,0.8947368421052632,27
CHEMBL188921,BUFLOMEDIL,COc1cc(OC)c(C(=O)CCCN2CCCC2)c(OC)c1,2.7711000000000015,0.6911954195243533,48.0,5,0,307.39,8,2,0.5882352941176471,22
CHEMBL187709,TRIPARANOL,CCN(CC)CCOc1ccc(C(O)(Cc2ccc(Cl)cc2)c2ccc(C)cc2)cc1,5.847620000000007,0.43161597486314396,32.7,3,1,438.01100000000014,10,3,0.3333333333333333,31
CHEMBL191083,METHYLENE BLUE CATION,CN(C)c1ccc2nc3ccc(=[N+](C)C)cc-3sc2c1,2.498900000000001,0.5050065314841863,19.14,3,0,284.408,1,3,0.25,20
CHEMBL1372,OXIGLUTATIONE,N[C@@H](CCC(=O)N[C@@H](CSSC[C@H](NC(=O)CC[C@H](N)C(=O)O)C(=O)NCC(=O)O)C(=O)NCC(=O)O)C(=O)O,-3.8767999999999985,0.043741557343612084,317.64,12,10,612.6400000000004,21,0,0.6,40
CHEMBL1373,MODAFINIL,NC(=O)C[S+]([O-])C(c1ccccc1)c1ccccc1,2.01,0.846783825403182,66.15,2,1,273.357,5,2,0.13333333333333333,19
CHEMBL365795,TIAPROFENIC ACID,CC(C(=O)O)c1ccc(C(=O)c2ccccc2)s1,3.167200000000001,0.8589607719574609,54.37,3,1,260.31399999999996,4,2,0.14285714285714285,18
CHEMBL435298,ESFLURBIPROFEN,C[C@H](C(=O)O)c1ccc(-c2ccccc2)c(F)c1,3.6808000000000023,0.8937504426107861,37.3,1,1,244.265,3,2,0.13333333333333333,18
CHEMBL175,DEXIBUPROFEN,CC(C)Cc1ccc([C@H](C)C(=O)O)cc1,3.073200000000001,0.8215995486924976,37.3,1,1,206.28499999999997,4,1,0.46153846153846156,15
CHEMBL190461,CANNABIDIOL,C=C(C)[C@@H]1CCC(C)=C[C@H]1c1c(O)cc(CCCCC)cc1O,5.846500000000006,0.5107748679217478,40.46,2,2,314.469,6,2,0.5238095238095238,23
CHEMBL190677,BENZOIN,O=C(c1ccccc1)C(O)c1ccccc1,2.602900000000001,0.79388793096564,37.3,2,1,212.248,3,2,0.07142857142857142,16
CHEMBL189963,PALBOCICLIB,CC(=O)c1c(C)c2cnc(Nc3ccc(N4CCNCC4)cn3)nc2n(C2CCCC2)c1=O,2.965820000000001,0.5754108874418277,105.03999999999999,9,2,447.54300000000035,5,5,0.4583333333333333,33
CHEMBL364713,NOSCAPINE,COc1ccc2c(c1OC)C(=O)O[C@@H]2[C@H]1c2c(cc3c(c2OC)OCO3)CCN1C,2.881800000000001,0.7086818239336454,75.69000000000001,8,0,413.4260000000003,4,5,0.4090909090909091,30
CHEMBL1377,PROGUANIL,CC(C)NC(=N)NC(=N)Nc1ccc(Cl)cc1,2.209039999999999,0.41392514787270024,83.79,2,5,253.73700000000002,2,1,0.2727272727272727,17
CHEMBL1378,THIETHYLPERAZINE,CCSc1ccc2c(c1)N(CCCN1CCN(C)CC1)c1ccccc1S2,5.0388000000000055,0.6278219543332592,9.72,5,0,399.62900000000013,6,4,0.45454545454545453,27
CHEMBL193240,ROFLUMILAST,O=C(Nc1c(Cl)cncc1Cl)c1ccc(OC(F)F)c(OCC2CC2)c1,5.030900000000003,0.7046383457729449,60.45,4,1,403.21200000000016,7,3,0.29411764705882354,26
CHEMBL1380,ABACAVIR,Nc1nc(NC2CC2)c2ncn([C@H]3C=C[C@@H](CO)C3)c2n1,1.0922999999999998,0.7272302824304794,101.88,7,3,286.33900000000006,4,4,0.5,21
CHEMBL1382,TOLTERODINE,Cc1ccc(O)c([C@H](CCN(C(C)C)C(C)C)c2ccccc2)c1,5.341420000000006,0.742339965191979,23.47,2,1,325.496,7,2,0.45454545454545453,24
CHEMBL426084,SAMIDORPHAN,NC(=O)c1ccc2c(c1O)[C@]13CCN(CC4CC4)[C@H](C2)[C@]1(O)CCC(=O)C3,1.2533999999999996,0.7429659635918742,103.86000000000001,5,3,370.4490000000002,3,5,0.6190476190476191,27
CHEMBL370143,PAROMOMYCIN,NC[C@@H]1O[C@H](O[C@H]2[C@@H](O)[C@H](O[C@@H]3[C@@H](O)[C@H](N)C[C@H](N)[C@H]3O[C@H]3O[C@H](CO)[C@@H](O)[C@H](O)[C@H]3N)O[C@@H]2CO)[C@H](N)[C@@H](O)[C@@H]1O,-8.861700000000015,0.11437508455025171,347.32,19,13,615.6340000000004,9,4,1.0,42
CHEMBL1384,KANAMYCIN,NC[C@H]1O[C@H](O[C@H]2[C@H](O)[C@@H](O[C@H]3O[C@H](CO)[C@@H](O)[C@H](N)[C@H]3O)[C@H](N)C[C@@H]2N)[C@H](O)[C@@H](O)[C@@H]1O,-7.2914000000000065,0.16685365193348575,282.61000000000007,15,11,484.50300000000016,6,3,1.0,33
CHEMBL197084,TROFINETIDE,C[C@@]1(C(=O)N[C@@H](CCC(=O)O)C(=O)O)CCCN1C(=O)CN,-1.2395999999999974,0.45858644718516034,150.03,5,4,315.3260000000001,7,1,0.6923076923076923,22
CHEMBL193482,ESTRIOL,C[C@]12CC[C@@H]3c4ccc(O)cc4CC[C@H]3[C@@H]1C[C@@H](O)[C@@H]2O,2.5800000000000005,0.687428138033629,60.69,3,3,288.38699999999994,0,4,0.6666666666666666,21
CHEMBL1387,NORETHYNODREL,C#C[C@]1(O)CC[C@H]2[C@@H]3CCC4=C(CCC(=O)C4)[C@H]3CC[C@@]21C,3.636600000000003,0.5474687039451945,37.3,2,1,298.42600000000004,0,4,0.75,22
CHEMBL1388,MONOBENZONE,Oc1ccc(OCc2ccccc2)cc1,2.9712000000000014,0.8248951292816564,29.46,2,1,200.23700000000002,3,2,0.07692307692307693,15
CHEMBL1389,LEVONORGESTREL,C#C[C@]1(O)CC[C@H]2[C@@H]3CCC4=CC(=O)CC[C@@H]4[C@H]3CC[C@@]21CC,3.8826000000000036,0.7460501574652694,37.3,2,1,312.4530000000001,1,4,0.7619047619047619,23
CHEMBL1393,SPIRONOLACTONE,CC(=O)S[C@@H]1CC2=CC(=O)CC[C@]2(C)[C@H]2CC[C@@]3(C)[C@@H](CC[C@@]34CCC(=O)O4)[C@H]12,4.852300000000005,0.5718459844204299,60.44,5,0,416.58300000000025,1,5,0.7916666666666666,29
CHEMBL363392,MARALIXIBAT,CCCCC1(CCCC)CS(=O)(=O)c2ccc(N(C)C)cc2[C@@H](c2ccc(OCc3ccc(C[N+]45CCN(CC4)CC5)cc3)cc2)[C@H]1O,6.624500000000008,0.20564430890921528,70.08,6,1,674.9720000000001,13,7,0.55,48
CHEMBL1395,METHYLTESTOSTERONE,C[C@]12CCC(=O)C=C1CC[C@@H]1[C@@H]2CC[C@@]2(C)[C@H]1CC[C@]2(C)O,4.269300000000005,0.7253305311285855,37.3,2,1,302.458,0,4,0.85,22
CHEMBL198362,RIVAROXABAN,O=C(NC[C@H]1CN(c2ccc(N3CCOCC3=O)cc2)C(=O)O1)c1ccc(Cl)s1,2.5199000000000007,0.7792136827945354,88.18,6,1,435.8890000000001,5,4,0.3157894736842105,29
CHEMBL382301,ATOSIBAN,CCOc1ccc(C[C@H]2NC(=O)CCSSC[C@@H](C(=O)N3CCC[C@H]3C(=O)N[C@@H](CCCN)C(=O)NCC(N)=O)NC(=O)[C@H](CC(N)=O)NC(=O)[C@H]([C@@H](C)O)NC(=O)[C@H]([C@@H](C)CC)NC2=O)cc1,-3.0446000000000133,0.06516159166898364,365.66999999999996,15,11,994.2079999999999,18,3,0.627906976744186,68
CHEMBL177,AMIKACIN,NCC[C@H](O)C(=O)N[C@@H]1C[C@H](N)[C@@H](O[C@H]2O[C@H](CN)[C@@H](O)[C@H](O)[C@H]2O)[C@H](O)[C@H]1O[C@H]1O[C@H](CO)[C@@H](O)[C@H](N)[C@H]1O,-8.424200000000015,0.11306379404457513,331.93999999999994,17,13,585.6080000000002,10,3,0.9545454545454546,40
CHEMBL370805,COCAINE,COC(=O)[C@H]1[C@@H](OC(=O)c2ccccc2)C[C@@H]2CC[C@H]1N2C,1.8677,0.7979361284429697,55.84,5,0,303.35800000000006,3,3,0.5294117647058824,22
CHEMBL1397,POSACONAZOLE,CC[C@@H]([C@H](C)O)n1ncn(-c2ccc(N3CCN(c4ccc(OC[C@@H]5CO[C@@](Cn6cncn6)(c6ccc(F)cc6F)C5)cc4)CC3)cc2)c1=O,4.573200000000004,0.1999514521531543,115.69999999999999,12,1,700.7910000000002,12,7,0.40540540540540543,51
CHEMBL372795,STREPTOMYCIN,CN[C@@H]1[C@H](O[C@H]2[C@H](O[C@H]3[C@H](O)[C@@H](O)[C@H](N=C(N)N)[C@@H](O)[C@@H]3N=C(N)N)O[C@@H](C)[C@]2(O)C=O)O[C@@H](CO)[C@H](O)[C@H]1O,-8.161100000000008,0.06824479508490591,336.43000000000006,15,12,581.5800000000005,9,3,0.8571428571428571,40
CHEMBL178,DAUNORUBICIN,COc1cccc2c1C(=O)c1c(O)c3c(c(O)c1C2=O)C[C@@](O)(C(C)=O)C[C@@H]3O[C@H]1C[C@H](N)[C@H](O)[C@H](C)O1,1.0288999999999997,0.3051291560965146,185.84,11,5,527.5260000000003,4,5,0.4444444444444444,38
CHEMBL1399,ANASTROZOLE,CC(C)(C#N)c1cc(Cn2cncn2)cc(C(C)(C)C#N)c1,2.9287600000000014,0.8678513137549794,78.28999999999999,5,0,293.374,4,2,0.4117647058823529,22
CHEMBL1401,NITAZOXANIDE,CC(=O)Oc1ccccc1C(=O)Nc1ncc([N+](=O)[O-])s1,2.2289000000000003,0.40102665606831556,111.43,7,1,307.28700000000003,4,2,0.08333333333333333,21
CHEMBL201960,PYROVALERONE,CCCC(C(=O)c1ccc(C)cc1)N1CCCC1,3.4422200000000025,0.7405963972648976,20.310000000000002,2,0,245.36599999999993,5,2,0.5625,18
CHEMBL204656,ELVITEGRAVIR,COc1cc2c(cc1Cc1cccc(Cl)c1F)c(=O)c(C(=O)O)cn2[C@H](CO)C(C)C,4.281000000000002,0.5639537765926361,88.76,5,2,447.8900000000002,7,3,0.30434782608695654,31
CHEMBL203321,BRINCIDOFOVIR,CCCCCCCCCCCCCCCCOCCCOP(=O)(O)CO[C@H](CO)Cn1ccc(N)nc1=O,5.250500000000005,0.1019016453714381,146.13,9,3,561.7010000000001,26,1,0.8518518518518519,38
CHEMBL383634,GLIQUIDONE,COc1ccc2c(c1)C(=O)N(CCc1ccc(S(=O)(=O)NC(=O)NC3CCCCC3)cc1)C(=O)C2(C)C,3.518500000000002,0.5316095393639422,121.88,6,2,527.6430000000003,7,4,0.4444444444444444,37
CHEMBL1404,RANOLAZINE,COc1ccccc1OCC(O)CN1CCN(CC(=O)Nc2c(C)cccc2C)CC1,2.30804,0.6398550561014078,74.27,6,2,427.5450000000002,9,3,0.4583333333333333,31
CHEMBL203266,TRIMETAZIDINE,COc1ccc(CN2CCNCC2)c(OC)c1OC,1.1176,0.8648076979782771,42.96000000000001,5,1,266.34099999999995,5,2,0.5714285714285714,19
CHEMBL206253,NETUPITANT,Cc1ccccc1-c1cc(N2CCN(C)CC2)ncc1N(C)C(=O)C(C)(C)c1cc(C(F)(F)F)cc(C(F)(F)F)c1,6.787020000000006,0.312950179516564,39.68,4,0,578.6010000000003,5,4,0.4,41
CHEMBL1405,ESTRONE,C[C@]12CC[C@@H]3c4ccc(O)cc4CC[C@H]3[C@@H]1CCC2=O,3.817400000000002,0.7778844237760111,37.3,2,1,270.37199999999996,0,4,0.6111111111111112,20
CHEMBL205596,CHOLIC ACID,C[C@H](CCC(=O)O)[C@H]1CC[C@H]2[C@@H]3[C@H](O)C[C@@H]4C[C@H](O)CC[C@]4(C)[C@H]3C[C@H](O)[C@]12C,3.4487000000000023,0.571136456131648,97.99000000000001,4,4,408.5790000000002,4,4,0.9583333333333334,29
CHEMBL1409,FLUVOXAMINE MALEATE,COCCCC/C(=N\OCCN)c1ccc(C(F)(F)F)cc1.O=C(O)/C=C\C(=O)O,2.9133000000000004,0.21116128594778608,131.44,6,3,434.4110000000001,11,1,0.42105263157894735,30
CHEMBL1410,NONOXYNOL 9,CCCCCCCCCc1ccc(OCCOCCOCCOCCOCCOCCOCCOCCOCCO)cc1,4.483600000000006,0.10984235529600771,103.30000000000003,10,1,616.8330000000004,35,1,0.8181818181818182,43
CHEMBL427216,GLICLAZIDE,Cc1ccc(S(=O)(=O)NC(=O)NN2CC3CCCC3C2)cc1,1.6298199999999994,0.8860379615947155,78.50999999999999,4,2,323.4180000000001,3,3,0.5333333333333333,22
CHEMBL383675,TEMOPORFIN,Oc1cccc(-c2c3nc(c(-c4cccc(O)c4)c4ccc([nH]4)c(-c4cccc(O)c4)c4ccc([nH]4)c(-c4cccc(O)c4)c4nc2CC4)C=C3)c1,9.760799999999996,0.10945391839291758,138.28000000000003,6,6,680.764,4,9,0.045454545454545456,52
CHEMBL207538,BREXANOLONE,CC(=O)[C@H]1CC[C@H]2[C@@H]3CC[C@H]4C[C@H](O)CC[C@]4(C)[C@H]3CC[C@]12C,4.595200000000005,0.7672110598231308,37.3,2,1,318.5010000000001,1,4,0.9523809523809523,23
CHEMBL379845,METHYL NICOTINATE,COC(=O)c1cccnc1,0.8681999999999999,0.5388895828087218,39.19,3,0,137.138,1,1,0.14285714285714285,10
CHEMBL211456,EPHEDRINE,CN[C@@H](C)[C@H](O)c1ccccc1,1.3278999999999999,0.7078187228911748,32.26,2,2,165.236,3,1,0.4,12
CHEMBL1412,PIPERAZINE,C1CNCCN1,-0.8208,0.4022372466625182,24.06,2,2,86.138,0,1,1.0,6
CHEMBL1413,CICLOPIROX,Cc1cc(C2CCCCC2)n(O)c(=O)c1,2.4417199999999992,0.7185665096760774,42.230000000000004,3,1,207.273,1,2,0.5833333333333334,15
CHEMBL443052,TAVABOROLE,OB1OCc2cc(F)ccc21,0.043399999999999994,0.5315735345293469,29.46,2,1,151.933,0,2,0.14285714285714285,11
CHEMBL211471,NEOSTIGMINE METHYLSULFATE,CN(C)C(=O)Oc1cccc([N+](C)(C)C)c1.COS(=O)(=O)[O-],1.0367000000000002,0.4653768532502722,95.97,6,0,334.394,3,1,0.46153846153846156,22
CHEMBL215645,RIVASTIGMINE TARTRATE,CCN(C)C(=O)Oc1cccc([C@H](C)N(C)C)c1.O=C(O)C(O)C(O)C(=O)O,0.6371000000000009,0.5171714738662352,147.84,7,4,400.4280000000001,7,1,0.5,28
CHEMBL378544,VINBLASTINE SULFATE,CC[C@]1(O)C[C@@H]2CN(CCc3c([nH]c4ccccc34)[C@@](C(=O)OC)(c3cc4c(cc3OC)N(C)[C@H]3[C@@](O)(C(=O)OC)[C@H](OC(C)=O)[C@]5(CC)C=CCN6CC[C@]43[C@@H]65)C2)C1.O=S(=O)(O)O,3.3381000000000043,0.0991538527409466,228.7,14,5,909.068,7,9,0.5869565217391305,64
CHEMBL1419,SIBUTRAMINE,CC(C)CC(N(C)C)C1(c2ccc(Cl)cc2)CCC1,4.738000000000005,0.7525599819436475,3.24,1,0,279.8550000000001,5,2,0.6470588235294118,19
CHEMBL1420,PRALIDOXIME,C[n+]1ccccc1C=NO,0.3191999999999999,0.2571575036828201,36.47,2,1,137.162,1,1,0.14285714285714285,10
CHEMBL218394,BOCEPREVIR,CC(C)(C)NC(=O)N[C@H](C(=O)N1C[C@H]2[C@@H]([C@H]1C(=O)NC(CC1CCC1)C(=O)C(N)=O)C2(C)C)C(C)(C)C,1.7112000000000023,0.36005526389778836,150.70000000000002,5,4,519.6870000000004,8,3,0.8148148148148148,37
CHEMBL385517,SAXAGLIPTIN ANHYDROUS,N#C[C@@H]1C[C@@H]2C[C@@H]2N1C(=O)[C@@H](N)C12CC3CC(CC(O)(C3)C1)C2,1.157979999999999,0.7998067802808753,90.35000000000001,4,2,315.4170000000001,2,6,0.8888888888888888,23
CHEMBL1421,DASATINIB,Cc1nc(Nc2ncc(C(=O)Nc3c(C)cccc3Cl)s2)cc(N2CCN(CCO)CC2)n1,3.3135400000000015,0.4657173060978848,106.50999999999999,9,3,488.01700000000034,7,4,0.36363636363636365,33
CHEMBL1422,SITAGLIPTIN,N[C@@H](CC(=O)N1CCn2c(nnc2C(F)(F)F)C1)Cc1cc(F)c(F)cc1F,2.0164999999999997,0.6216377742511342,77.04,5,1,407.31800000000015,4,3,0.4375,28
CHEMBL1423,PIMOZIDE,O=c1[nH]c2ccccc2n1C1CCN(CCCC(c2ccc(F)cc2)c2ccc(F)cc2)CC1,5.8570000000000055,0.37471274722994996,41.03,3,1,461.5560000000001,7,5,0.32142857142857145,34
CHEMBL386630,TESTOSTERONE,C[C@]12CC[C@H]3[C@@H](CCC4=CC(=O)CC[C@@]43C)[C@@H]1CC[C@@H]2O,3.879200000000003,0.7342296115534325,37.3,2,1,288.431,0,4,0.8421052631578947,21
CHEMBL1425,MERCAPTOPURINE ANHYDROUS,Sc1ncnc2nc[nH]c12,0.6416,0.43001493268881763,54.46,4,2,152.182,0,2,0.0,10
CHEMBL219916,DOMPERIDONE,O=c1[nH]c2ccccc2n1CCCN1CCC(n2c(=O)[nH]c3cc(Cl)ccc32)CC1,3.353200000000002,0.514301695573136,78.82,5,2,425.92000000000013,5,5,0.36363636363636365,30
CHEMBL181,DIAZOXIDE,CC1=Nc2ccc(Cl)cc2S(=O)(=O)N1,1.6818,0.7373478458184286,58.53,3,1,230.676,0,2,0.125,14
CHEMBL374478,RIFAMPIN,CO[C@H]1/C=C/O[C@@]2(C)Oc3c(C)c(O)c4c(O)c(c(/C=N/N5CCN(C)CC5)c(O)c4c3C2=O)NC(=O)/C(C)=C\C=C\[C@H](C)[C@H](O)[C@@H](C)[C@@H](O)[C@@H](C)[C@H](OC(C)=O)[C@@H]1C,4.335420000000004,0.10948484473140657,220.14999999999995,15,6,822.9530000000003,4,6,0.5348837209302325,59
CHEMBL218650,DELAMANID,C[C@]1(COc2ccc(N3CCC(Oc4ccc(OC(F)(F)F)cc4)CC3)cc2)Cn2cc([N+](=O)[O-])nc2O1,4.967800000000004,0.2951204363925523,101.12,9,0,534.4910000000002,8,5,0.4,38
CHEMBL1428,NIMODIPINE,COCCOC(=O)C1=C(C)NC(C)=C(C(=O)OC(C)C)C1c1cccc([N+](=O)[O-])c1,2.9708000000000014,0.2963419520142686,117.0,8,1,418.44600000000014,8,2,0.42857142857142855,30
CHEMBL384467,DEXAMETHASONE,C[C@@H]1C[C@H]2[C@@H]3CCC4=CC(=O)C=C[C@]4(C)[C@@]3(F)[C@@H](O)C[C@]2(C)[C@@]1(O)C(=O)CO,1.8957000000000002,0.667213496992105,94.83,5,3,392.4670000000002,2,4,0.7272727272727273,28
CHEMBL182,GANCICLOVIR,Nc1nc2c(ncn2COC(CO)CO)c(=O)[nH]1,-1.970899999999999,0.4854930576221492,139.28,8,4,255.23399999999998,5,2,0.4444444444444444,18
CHEMBL184,ACYCLOVIR,Nc1nc2c(ncn2COCCO)c(=O)[nH]1,-1.3318000000000003,0.554385971786765,119.04999999999998,7,3,225.20799999999997,4,2,0.375,16
CHEMBL374731,TELBIVUDINE,Cc1cn([C@@H]2C[C@@H](O)[C@H](CO)O2)c(=O)[nH]c1=O,-1.5142799999999992,0.5842742137821719,104.54999999999998,6,3,242.23099999999997,2,2,0.6,17
CHEMBL218490,DORZOLAMIDE,CCN[C@H]1C[C@H](C)S(=O)(=O)c2sc(S(N)(=O)=O)cc21,0.612,0.8471269771691101,106.32999999999998,6,2,324.44900000000007,3,2,0.6,19
CHEMBL220491,BRINZOLAMIDE,CCN[C@H]1CN(CCCOC)S(=O)(=O)c2sc(S(N)(=O)=O)cc21,0.08690000000000164,0.6441091760572242,118.79999999999998,7,2,383.5170000000001,7,2,0.6666666666666666,23
CHEMBL220492,TOPIRAMATE,CC1(C)O[C@@H]2[C@@H](CO[C@@]3(COS(N)(=O)=O)OC(C)(C)O[C@@H]23)O1,-0.3953999999999982,0.7386170940393365,115.54,8,1,339.3660000000001,3,3,1.0,22
CHEMBL373742,VASOPRESSIN,N=C(N)NCCC[C@H](NC(=O)[C@@H]1CCCN1C(=O)[C@@H]1CSSC[C@H](N)C(=O)N[C@@H](Cc2ccc(O)cc2)C(=O)N[C@@H](Cc2ccccc2)C(=O)N[C@@H](CCC(N)=O)C(=O)N[C@@H](CC(N)=O)C(=O)N1)C(=O)NCC(N)=O,-5.194830000000016,0.027061145448137598,461.42999999999984,16,15,1084.253,19,4,0.4782608695652174,75
CHEMBL1429,DESMOPRESSIN,N=C(N)NCCC[C@@H](NC(=O)[C@@H]1CCCN1C(=O)[C@@H]1CSSCCC(=O)N[C@@H](Cc2ccc(O)cc2)C(=O)N[C@@H](Cc2ccccc2)C(=O)N[C@@H](CCC(N)=O)C(=O)N[C@@H](CC(N)=O)C(=O)N1)C(=O)NCC(N)=O,-4.13203000000001,0.027500717327745408,435.40999999999985,15,14,1069.2379999999998,19,4,0.4782608695652174,74
CHEMBL426559,LAROPIPRANT,CS(=O)(=O)c1cc(F)cc2c3c(n(Cc4ccc(Cl)cc4)c12)[C@@H](CC(=O)O)CC3,4.390100000000004,0.6444080585360621,76.37,4,1,435.90400000000017,5,4,0.2857142857142857,29
CHEMBL221959,TOFACITINIB,C[C@@H]1CCN(C(=O)CC#N)C[C@@H]1N(C)c1ncnc2[nH]ccc12,1.5447799999999996,0.9284511020269034,88.91,5,1,312.377,3,3,0.5,23
CHEMBL185,FLUOROURACIL,O=c1[nH]cc(F)c(=O)[nH]1,-0.7977000000000001,0.482564502908463,65.72,2,2,130.078,0,1,0.0,9
CHEMBL1430,PENICILLAMINE,CC(C)(S)[C@@H](N)C(=O)O,0.10669999999999985,0.4880905977699923,63.32000000000001,3,3,149.215,2,0,0.8,9
CHEMBL1431,METFORMIN,CN(C)C(=N)NC(=N)N,-1.034159999999999,0.24878483893146577,88.99000000000001,2,4,129.167,0,0,0.5,9
CHEMBL376897,METHSCOPOLAMINE,C[N+]1(C)[C@@H]2C[C@@H](OC(=O)[C@H](CO)c3ccccc3)C[C@H]1[C@@H]1O[C@@H]12,1.0626999999999995,0.5123331583066539,59.06,4,1,318.3930000000001,4,4,0.6111111111111112,23
CHEMBL1433,DOXYCYCLINE ANHYDROUS,C[C@H]1c2cccc(O)c2C(=O)C2=C(O)[C@]3(O)C(=O)C(C(N)=O)=C(O)[C@@H](N(C)C)[C@@H]3[C@@H](O)[C@@H]21,-0.3475999999999985,0.3322174879037973,181.62,9,6,444.44000000000017,2,4,0.4090909090909091,32
CHEMBL1434,MINOCYCLINE,CN(C)c1ccc(O)c2c1C[C@H]1C[C@H]3[C@H](N(C)C)C(O)=C(C(N)=O)C(=O)[C@@]3(O)C(O)=C1C2=O,0.1866000000000017,0.3983715598370968,164.63,9,5,457.48300000000023,3,4,0.43478260869565216,33
CHEMBL1435,CEFAZOLIN,Cc1nnc(SCC2=C(C(=O)O)N3C(=O)[C@@H](NC(=O)Cn4cnnn4)[C@H]3SC2)s1,-0.6360799999999995,0.4051904538567724,156.08999999999997,12,2,454.5190000000002,7,4,0.42857142857142855,29
CHEMBL1436,CEFUROXIME,CO/N=C(\C(=O)N[C@@H]1C(=O)N2C(C(=O)O)=C(COC(N)=O)CS[C@H]12)c1ccco1,-0.5359999999999987,0.29500804859666163,173.76,9,3,424.39100000000013,7,3,0.3125,29
CHEMBL222645,FLOXACILLIN,Cc1onc(-c2c(F)cccc2Cl)c1C(=O)N[C@@H]1C(=O)N2[C@@H]1SC(C)(C)[C@@H]2C(=O)O,2.6878199999999994,0.6840735128490479,112.74,6,2,453.8790000000002,4,4,0.3684210526315789,30
CHEMBL186,CEFEPIME,CO/N=C(\C(=O)N[C@@H]1C(=O)N2C(C(=O)[O-])=C(C[N+]3(C)CCCC3)CS[C@H]12)c1csc(N)n1,-1.2798999999999958,0.2120409462153182,150.04000000000002,10,2,480.5720000000003,7,4,0.5263157894736842,32
CHEMBL374975,FUSIDIC ACID,CC(=O)O[C@H]1C[C@@]2(C)[C@@H](C[C@@H](O)[C@H]3[C@@]4(C)CC[C@@H](O)[C@@H](C)[C@@H]4CC[C@@]32C)/C1=C(\CCC=C(C)C)C(=O)O,5.6661000000000055,0.24722169401317395,104.06000000000002,5,3,516.7190000000004,5,4,0.8064516129032258,37
CHEMBL222559,TIPRANAVIR,CCC[C@@]1(CCc2ccccc2)CC(O)=C([C@H](CC)c2cccc(NS(=O)(=O)c3ccc(C(F)(F)F)cn3)c2)C(=O)O1,7.325500000000007,0.22283676302795785,105.59000000000002,6,2,602.6750000000001,11,4,0.3548387096774194,42
CHEMBL222863,OUABAIN,C[C@@H]1O[C@@H](O[C@H]2C[C@@H](O)[C@]3(CO)[C@H]4[C@H](O)C[C@]5(C)[C@@H](C6=CC(=O)OC6)CC[C@]5(O)[C@@H]4CC[C@]3(O)C2)[C@H](O)[C@H](O)[C@H]1O,-1.5149999999999972,0.14016402002820666,206.59999999999997,12,8,584.6590000000006,4,6,0.896551724137931,41
CHEMBL1437,NOREPINEPHRINE,NC[C@H](O)c1ccc(O)c(O)c1,0.08989999999999998,0.4724272074622585,86.71000000000001,4,4,169.17999999999998,2,1,0.25,12
CHEMBL222813,ZANAMIVIR,CC(=O)N[C@H]1[C@H]([C@H](O)[C@H](O)CO)OC(C(=O)O)=C[C@@H]1NC(=N)N,-3.5758299999999963,0.17886938514586126,198.22,7,8,332.313,6,1,0.5833333333333334,23
CHEMBL1439,TAZOBACTAM SODIUM,C[C@]1(Cn2ccnn2)[C@H](C(=O)[O-])N2C(=O)C[C@H]2S1(=O)=O.[Na+],-5.853899999999997,0.4006318449516377,125.28999999999999,8,0,322.278,3,3,0.6,21
CHEMBL224325,CHLORQUINALDOL,Cc1ccc2c(Cl)cc(Cl)c(O)c2n1,3.5556200000000016,0.7472547980233716,33.120000000000005,2,1,228.078,0,2,0.1,14
CHEMBL376140,TIGECYCLINE,CN(C)c1cc(NC(=O)CNC(C)(C)C)c(O)c2c1C[C@H]1C[C@H]3[C@H](N(C)C)C(O)=C(C(N)=O)C(=O)[C@@]3(O)C(O)=C1C2=O,0.5132000000000028,0.18087523730691585,205.75999999999996,11,7,585.6580000000004,6,4,0.5172413793103449,42
CHEMBL376488,BEDAQUILINE,COc1nc2ccc(Br)cc2cc1[C@@H](c1ccccc1)[C@@](O)(CCN(C)C)c1cccc2ccccc12,7.1305000000000085,0.22135475238825777,45.59,4,1,555.5160000000003,8,5,0.21875,37
CHEMBL1440,TETRACYCLINE,CN(C)[C@@H]1C(O)=C(C(N)=O)C(=O)[C@@]2(O)C(O)=C3C(=O)c4c(O)cccc4[C@@](C)(O)[C@H]3C[C@@H]12,-0.21439999999999837,0.3361104616305243,181.61999999999998,9,6,444.44000000000017,2,4,0.4090909090909091,32
CHEMBL1441,ETHIONAMIDE,CCc1cc(C(N)=S)ccn1,1.2782,0.6725460532160716,38.91,2,1,166.24900000000002,2,1,0.25,11
CHEMBL225071,RALTITREXED,Cc1nc(=O)c2cc(CN(C)c3ccc(C(=O)N[C@@H](CCC(=O)O)C(=O)O)s3)ccc2[nH]1,1.9772199999999995,0.3796834810105909,152.69,7,4,458.4960000000002,9,3,0.2857142857142857,32
CHEMBL225072,PEMETREXED,Nc1nc2[nH]cc(CCc3ccc(C(=O)N[C@@H](CCC(=O)O)C(=O)O)cc3)c2c(=O)[nH]1,0.6664000000000003,0.2867441070042202,191.26,6,6,427.41700000000014,9,3,0.25,31
CHEMBL387675,DAPTOMYCIN,CCCCCCCCCC(=O)N[C@@H](Cc1c[nH]c2ccccc12)C(=O)N[C@@H](CC(N)=O)C(=O)N[C@@H](CC(=O)O)C(=O)N[C@@H]1C(=O)NCC(=O)N[C@@H](CCCN)C(=O)N[C@@H](CC(=O)O)C(=O)N[C@H](C)C(=O)N[C@@H](CC(=O)O)C(=O)NCC(=O)N[C@H](CO)C(=O)N[C@@H]([C@H](C)CC(=O)O)C(=O)N[C@@H](CC(=O)c2ccccc2N)C(=O)O[C@@H]1C,-5.621799999999983,0.01129692232058956,702.02,24,22,1620.6930000000004,35,4,0.5277777777777778,115
CHEMBL389621,HYDROCORTISONE,C[C@]12CCC(=O)C=C1CC[C@@H]1[C@@H]2[C@@H](O)C[C@@]2(C)[C@H]1CC[C@]2(O)C(=O)CO,1.7815999999999996,0.6960164410604959,94.83,5,3,362.4660000000002,2,4,0.8095238095238095,26
CHEMBL1443,NAFCILLIN,CCOc1ccc2ccccc2c1C(=O)N[C@@H]1C(=O)N2[C@@H]1SC(C)(C)[C@@H]2C(=O)O,2.4837999999999996,0.7301048006129894,95.94000000000001,5,2,414.4830000000001,5,4,0.38095238095238093,29
CHEMBL388590,BENZBROMARONE,CCc1oc2ccccc2c1C(=O)c1cc(Br)c(O)c(Br)c1,5.456800000000003,0.568938382393165,50.44,3,1,424.088,3,3,0.11764705882352941,22
CHEMBL1444,LETROZOLE,N#Cc1ccc(C(c2ccc(C#N)cc2)n2cncn2)cc1,2.65916,0.7407442417149674,78.29,5,0,285.31,3,3,0.058823529411764705,22
CHEMBL223228,EFAVIRENZ,O=C1Nc2ccc(Cl)cc2[C@@](C#CC2CC2)(C(F)(F)F)O1,4.073100000000001,0.7328090954055055,38.33,2,1,315.67799999999994,0,3,0.35714285714285715,21
CHEMBL227529,ALOGLIPTIN BENZOATE,Cn1c(=O)cc(N2CCC[C@@H](N)C2)n(Cc2ccccc2C#N)c1=O.O=C(O)c1ccccc1,1.7792800000000006,0.6046616876317549,134.35,8,2,461.52200000000016,4,4,0.28,34
CHEMBL1445,FLUOXYMESTERONE,C[C@]1(O)CC[C@H]2[C@@H]3CCC4=CC(=O)CC[C@]4(C)[C@@]3(F)[C@@H](O)C[C@@]21C,3.332200000000002,0.7132510411285401,57.53,3,2,336.44700000000006,0,4,0.85,24
CHEMBL376359,ALOGLIPTIN,Cn1c(=O)cc(N2CCC[C@@H](N)C2)n(Cc2ccccc2C#N)c1=O,0.3944800000000006,0.8726102829759809,97.05000000000001,7,1,339.39900000000006,3,3,0.3888888888888889,25
CHEMBL1446,KANAMYCIN SULFATE,NC[C@H]1O[C@H](O[C@H]2[C@H](O)[C@@H](O[C@H]3O[C@H](CO)[C@@H](O)[C@H](N)[C@H]3O)[C@H](N)C[C@@H]2N)[C@H](O)[C@@H](O)[C@@H]1O.O=S(=O)(O)O,-7.944200000000013,0.12917448219091504,357.2100000000001,17,13,582.5820000000003,6,3,1.0,38
CHEMBL1447,LINCOMYCIN,CCC[C@@H]1C[C@@H](C(=O)N[C@@H]([C@H]2O[C@H](SC)[C@H](O)[C@@H](O)[C@H]2O)[C@@H](C)O)N(C)C1,-0.856999999999998,0.37034350763056995,122.49000000000001,8,5,406.54500000000013,7,2,0.9444444444444444,27
CHEMBL227875,PRETOMANID,O=[N+]([O-])c1cn2c(n1)OC[C@@H](OCc1ccc(OC(F)(F)F)cc1)C2,2.667700000000001,0.6023770905669862,88.65,7,0,359.26,5,3,0.35714285714285715,25
CHEMBL1448,NICLOSAMIDE,O=C(Nc1ccc([N+](=O)[O-])cc1Cl)c1cc(Cl)ccc1O,3.859500000000001,0.6611804498474478,92.47,4,2,327.12300000000005,3,2,0.0,21
CHEMBL1449,TICARCILLIN,CC1(C)S[C@@H]2[C@H](NC(=O)[C@H](C(=O)O)c3ccsc3)C(=O)N2[C@H]1C(=O)O,0.5479999999999997,0.5000831278778665,124.01,6,3,384.4350000000001,5,3,0.4666666666666667,25
CHEMBL1450,ATOVAQUONE,O=C1C(O)=C([C@H]2CC[C@H](c3ccc(Cl)cc3)CC2)C(=O)c2ccccc21,5.505100000000004,0.7624360043780399,54.37,3,1,366.84400000000016,2,4,0.2727272727272727,26
CHEMBL229128,MEPHENESIN,Cc1ccccc1OCC(O)CO,0.7270199999999998,0.7212449591035148,49.69,3,2,182.219,4,1,0.4,13
CHEMBL189,MILRINONE,Cc1[nH]c(=O)c(C#N)cc1-c1ccncc1,1.617,0.7786697771862998,69.53999999999999,3,1,211.22400000000002,1,2,0.08333333333333333,16
CHEMBL1451,TRIAMCINOLONE,C[C@]12C=CC(=O)C=C1CC[C@H]1[C@@H]3C[C@@H](O)[C@](O)(C(=O)CO)[C@@]3(C)C[C@H](O)[C@@]12F,0.6204999999999998,0.545907213602937,115.06,6,4,394.4390000000002,2,4,0.7142857142857143,28
CHEMBL190,THEOPHYLLINE,Cn1c(=O)c2[nH]cnc2n(C)c1=O,-1.0397000000000005,0.5624722357827983,72.68,5,1,180.16699999999997,0,2,0.2857142857142857,13
CHEMBL1454,LEVAMISOLE,c1ccc([C@H]2CN3CCSC3=N2)cc1,2.1460999999999997,0.6962524977611556,15.6,3,0,204.298,1,3,0.36363636363636365,14
CHEMBL1455,ALTRETAMINE,CN(C)c1nc(N(C)C)nc(N(C)C)n1,0.0696000000000001,0.7033804434333938,48.39000000000001,6,0,210.285,3,1,0.6666666666666666,15
CHEMBL1456,MYCOPHENOLATE MOFETIL,COc1c(C)c2c(c(O)c1C/C=C(\C)CCC(=O)OCCN1CCOCC1)C(=O)OC2,2.52402,0.46901748000616883,94.53000000000002,8,1,433.5010000000003,9,3,0.5652173913043478,31
CHEMBL1457,HYDROCODONE,COc1ccc2c3c1O[C@H]1C(=O)CC[C@H]4[C@@H](C2)N(C)CC[C@]314,1.9333,0.7941668671387195,38.77,4,0,299.37000000000006,1,5,0.6111111111111112,22
CHEMBL396778,SAFINAMIDE,C[C@H](NCc1ccc(OCc2cccc(F)c2)cc1)C(N)=O,2.3681,0.8250455320199923,64.35,3,2,302.34900000000005,7,2,0.23529411764705882,22
CHEMBL231068,FLIBANSERIN,O=c1[nH]c2ccccc2n1CCN1CCN(c2cccc(C(F)(F)F)c2)CC1,3.170600000000002,0.7443729050399092,44.27,4,1,390.40900000000005,4,4,0.35,28
CHEMBL243712,AMISULPRIDE,CCN1CCCC1CNC(=O)c1cc(S(=O)(=O)CC)c(N)cc1OC,1.2851000000000006,0.7023165228263907,101.73,6,2,369.4870000000002,7,2,0.5882352941176471,25
CHEMBL244888,NIFUROXAZIDE,O=C(N/N=C/c1ccc([N+](=O)[O-])o1)c1ccc(O)cc1,1.6573,0.499387662026941,117.97,6,2,275.21999999999997,4,2,0.0,20
CHEMBL242580,CICLOPIROX OLAMINE,Cc1cc(C2CCCCC2)n(O)c(=O)c1.NCCO,1.3791199999999995,0.7069599122312875,88.48,5,3,268.35699999999997,2,2,0.6428571428571429,19
CHEMBL395091,ESKETAMINE,CN[C@]1(c2ccccc2Cl)CCCCC1=O,2.897800000000001,0.8571565291687987,29.1,2,1,237.7299999999999,2,2,0.46153846153846156,16
CHEMBL1460,DIDANOSINE,O=c1[nH]cnc2c1ncn2[C@H]1CC[C@@H](CO)O1,-0.21050000000000008,0.7521450742487875,93.03,6,2,236.23099999999997,2,3,0.5,17
CHEMBL414357,EXENATIDE,CC[C@H](C)[C@H](NC(=O)[C@H](Cc1ccccc1)NC(=O)[C@H](CC(C)C)NC(=O)[C@H](CCCNC(=N)N)NC(=O)[C@@H](NC(=O)[C@H](C)NC(=O)[C@H](CCC(=O)O)NC(=O)[C@H](CCC(=O)O)NC(=O)[C@H](CCC(=O)O)NC(=O)[C@H](CCSC)NC(=O)[C@H](CCC(N)=O)NC(=O)[C@H](CCCCN)NC(=O)[C@H](CO)NC(=O)[C@H](CC(C)C)NC(=O)[C@H](CC(=O)O)NC(=O)[C@H](CO)NC(=O)[C@@H](NC(=O)[C@H](Cc1ccccc1)NC(=O)[C@@H](NC(=O)CNC(=O)[C@H](CCC(=O)O)NC(=O)CNC(=O)[C@@H](N)Cc1cnc[nH]1)[C@@H](C)O)[C@@H](C)O)C(C)C)C(=O)N[C@@H](CCC(=O)O)C(=O)N[C@@H](Cc1c[nH]c2ccccc12)C(=O)N[C@@H](CC(C)C)C(=O)N[C@@H](CCCCN)C(=O)N[C@@H](CC(N)=O)C(=O)NCC(=O)NCC(=O)N1CCC[C@H]1C(=O)N[C@@H](CO)C(=O)N[C@@H](CO)C(=O)NCC(=O)N[C@@H](C)C(=O)N1CCC[C@H]1C(=O)N1CCC[C@H]1C(=O)N1CCC[C@H]1C(=O)N[C@@H](CO)C(N)=O,-20.60433000000032,0.009762943048240122,1749.7499999999989,60,58,4186.636999999986,134,9,0.6141304347826086,295
CHEMBL395429,OXYTOCIN,CC[C@H](C)[C@@H]1NC(=O)[C@H](Cc2ccc(O)cc2)NC(=O)[C@@H](N)CSSC[C@@H](C(=O)N2CCC[C@H]2C(=O)N[C@@H](CC(C)C)C(=O)NCC(N)=O)NC(=O)[C@H](CC(N)=O)NC(=O)[C@H](CCC(N)=O)NC1=O,-3.6086000000000125,0.06710971949761857,399.5299999999999,15,12,1007.2069999999995,17,3,0.6046511627906976,69
CHEMBL231884,DIOSMIN,COc1ccc(-c2cc(=O)c3c(O)cc(O[C@@H]4O[C@H](CO[C@@H]5O[C@@H](C)[C@H](O)[C@@H](O)[C@H]5O)[C@@H](O)[C@H](O)[C@H]4O)cc3o2)cc1O,-1.0897,0.15901573371992592,238.19999999999996,15,8,608.5490000000002,7,5,0.4642857142857143,43
CHEMBL1463,FLUCYTOSINE,Nc1nc(=O)[nH]cc1F,-0.5088000000000001,0.4952172017431901,71.77,3,2,129.09399999999997,0,1,0.0,9
CHEMBL1464,WARFARIN,CC(=O)CC(c1ccccc1)c1c(O)c2ccccc2oc1=O,3.609600000000003,0.7476258148419598,67.50999999999999,4,1,308.3330000000001,4,3,0.15789473684210525,23
CHEMBL397420,ACENOCOUMAROL,CC(=O)CC(c1ccc([N+](=O)[O-])cc1)c1c(O)c2ccccc2oc1=O,3.517800000000003,0.4267175419766887,110.65,6,1,353.33000000000004,5,3,0.15789473684210525,26
CHEMBL1465,PHENPROCOUMON,CCC(c1ccccc1)c1c(O)c2ccccc2oc1=O,4.040500000000003,0.7365229547993595,50.440000000000005,3,1,280.323,3,3,0.16666666666666666,21
CHEMBL1466,DICUMAROL,O=c1oc2ccccc2c(O)c1Cc1c(O)c2ccccc2oc1=O,2.9014000000000006,0.5459100356936089,100.88,6,2,336.29900000000004,2,4,0.05263157894736842,25
CHEMBL233406,SODIUM SULFATE ANHYDROUS,O=S(=O)([O-])[O-].[Na+].[Na+],-7.33,0.19100311508091453,80.26,4,0,142.04299999999998,0,0,0.0,7
CHEMBL231813,TELAPREVIR,CCC[C@H](NC(=O)[C@@H]1[C@H]2CCC[C@H]2CN1C(=O)[C@@H](NC(=O)[C@@H](NC(=O)c1cnccn1)C1CCCCC1)C(C)(C)C)C(=O)C(=O)NC1CC1,2.4459000000000035,0.2296749085578938,179.56,8,4,679.8629999999999,13,5,0.7222222222222222,49
CHEMBL1467,ALLOPURINOL,Oc1ncnc2[nH]ncc12,0.058499999999999885,0.5365398515296618,74.69,4,2,136.114,0,2,0.0,10
CHEMBL232201,BENZIODARONE,CCc1oc2ccccc2c1C(=O)c1cc(I)c(O)c(I)c1,5.141000000000003,0.3863572832618631,50.44,3,1,518.0880000000001,3,3,0.11764705882352941,22
CHEMBL395110,MEPAZINE,CN1CCCC(CN2c3ccccc3Sc3ccccc32)C1,4.631100000000004,0.7982154715587111,6.48,3,0,310.4660000000001,2,4,0.3684210526315789,22
CHEMBL444633,RIFABUTIN,CO[C@H]1/C=C/O[C@@]2(C)Oc3c(C)c(O)c4c(c3C2=O)C2=NC3(CCN(CC(C)C)CC3)NC2=C(NC(=O)/C(C)=C\C=C\[C@H](C)[C@H](O)[C@@H](C)[C@@H](O)[C@@H](C)[C@H](OC(C)=O)[C@@H]1C)C4=O,4.615720000000003,0.2630753883136941,205.54999999999995,14,5,847.0190000000003,4,6,0.5869565217391305,61
CHEMBL231779,APIXABAN,COc1ccc(-n2nc(C(N)=O)c3c2C(=O)N(c2ccc(N4CCCCC4=O)cc2)CC3)cc1,2.699600000000001,0.6307445123645383,110.75999999999999,6,1,459.5060000000003,5,5,0.28,34
CHEMBL396416,CARBOCYSTEINE,N[C@@H](CSCC(=O)O)C(=O)O,-0.7838999999999998,0.5113260743866854,100.62000000000002,4,3,179.197,5,0,0.6,11
CHEMBL1469,PHENYLBUTANOIC ACID,O=C(O)CCCc1ccccc1,2.0939,0.7394137316906195,37.3,1,1,164.204,4,1,0.3,12
CHEMBL437765,RIFAMYCIN,CO[C@H]1/C=C/O[C@@]2(C)Oc3c(C)c(O)c4c(O)c(cc(O)c4c3C2=O)NC(=O)/C(C)=C\C=C\[C@H](C)[C@H](O)[C@@H](C)[C@@H](O)[C@@H](C)[C@H](OC(C)=O)[C@@H]1C,4.754120000000005,0.14308740870723383,201.30999999999997,12,6,697.7780000000002,2,5,0.4864864864864865,50
CHEMBL235668,TIPIRACIL,N=C1CCCN1Cc1[nH]c(=O)[nH]c(=O)c1Cl,0.28967,0.6959433277746746,92.81,3,3,242.666,2,2,0.4444444444444444,16
CHEMBL1471,APREPITANT,C[C@@H](O[C@H]1OCCN(Cc2n[nH]c(=O)[nH]2)[C@H]1c1ccc(F)cc1)c1cc(C(F)(F)F)cc(C(F)(F)F)c1,4.952100000000003,0.4376253118047192,83.24000000000001,5,2,534.4320000000001,6,4,0.391304347826087,37
CHEMBL237500,LINAGLIPTIN,CC#CCn1c(N2CCC[C@@H](N)C2)nc2c1c(=O)n(Cc1nc(C)c3ccccc3n1)c(=O)n2C,1.1474199999999997,0.44290723544937405,116.86000000000001,10,1,472.5530000000002,4,5,0.4,35
CHEMBL1472,PROTIRELIN,NC(=O)[C@@H]1CCCN1C(=O)[C@H](Cc1c[nH]cn1)NC(=O)[C@@H]1CCC(=O)N1,-1.808099999999996,0.47033006036957353,150.28,5,4,362.3900000000002,6,3,0.5625,26
CHEMBL1473,FLUTICASONE PROPIONATE,CCC(=O)O[C@]1(C(=O)SCF)[C@H](C)C[C@H]2[C@@H]3C[C@H](F)C4=CC(=O)C=C[C@]4(C)[C@@]3(F)[C@@H](O)C[C@@]21C,4.430000000000004,0.5755860893833779,80.67,6,1,500.57900000000024,4,4,0.72,34
CHEMBL238071,VINDESINE,CC[C@]1(O)C[C@@H]2CN(CCc3c([nH]c4ccccc34)[C@@](C(=O)OC)(c3cc4c(cc3OC)N(C)[C@H]3[C@@](O)(C(N)=O)[C@H](O)[C@]5(CC)C=CCN6CC[C@]43[C@@H]65)C2)C1,2.732400000000003,0.18692292906506017,164.82,10,5,753.9409999999998,6,9,0.5813953488372093,55
CHEMBL1475,TRIOXSALEN,Cc1cc2cc3c(C)cc(=O)oc3c(C)c2o1,3.4644600000000025,0.5532100636122295,43.35,3,0,228.24699999999996,0,3,0.21428571428571427,17
CHEMBL1477,CERIVASTATIN,COCc1c(C(C)C)nc(C(C)C)c(/C=C/[C@@H](O)C[C@@H](O)CC(=O)O)c1-c1ccc(F)cc1,4.8807000000000045,0.442845274404938,99.88000000000001,5,3,459.5580000000002,11,2,0.46153846153846156,33
CHEMBL240597,CHENODIOL,C[C@H](CCC(=O)O)[C@H]1CC[C@H]2[C@@H]3[C@H](O)C[C@@H]4C[C@H](O)CC[C@]4(C)[C@H]3CC[C@]12C,4.477900000000004,0.659162096020487,77.76,3,3,392.5800000000002,4,4,0.9583333333333334,28
CHEMBL1479,DANAZOL,C#C[C@]1(O)CC[C@H]2[C@@H]3CCC4=Cc5oncc5C[C@]4(C)[C@H]3CC[C@@]21C,4.221000000000004,0.7210430866196731,46.260000000000005,3,1,337.46300000000014,0,5,0.6818181818181818,25
CHEMBL1480,FELODIPINE,CCOC(=O)C1=C(C)NC(C)=C(C(=O)OC)C1c1cccc(Cl)c1Cl,3.9643000000000033,0.7964461277127532,64.63,5,1,384.259,4,2,0.3333333333333333,25
CHEMBL1481,GLIMEPIRIDE,CCC1=C(C)CN(C(=O)NCCc2ccc(S(=O)(=O)NC(=O)N[C@H]3CC[C@H](C)CC3)cc2)C1=O,3.0740000000000016,0.5417624275928407,124.68,5,3,490.6260000000003,7,3,0.5416666666666666,34
CHEMBL238804,SELEXIPAG,CC(C)N(CCCCOCC(=O)NS(C)(=O)=O)c1cnc(-c2ccccc2)c(-c2ccccc2)n1,3.8980000000000032,0.3795721172996913,101.49000000000001,7,1,496.6330000000002,12,3,0.34615384615384615,35
CHEMBL1482,BETHANECHOL,CC(C[N+](C)(C)C)OC(N)=O,0.1764,0.6000594654010832,52.32,2,1,161.22499999999997,3,0,0.8571428571428571,11
CHEMBL1483,ALBENDAZOLE,CCCSc1ccc2[nH]c(NC(=O)OC)nc2c1,3.2433000000000005,0.8327124144827058,67.01,4,2,265.33799999999997,4,2,0.3333333333333333,18
CHEMBL393220,ATORVASTATIN CALCIUM,CC(C)c1c(C(=O)Nc2ccccc2)c(-c2ccccc2)c(-c2ccc(F)cc2)n1CC[C@@H](O)C[C@@H](O)CC(=O)[O-].CC(C)c1c(C(=O)Nc2ccccc2)c(-c2ccccc2)c(-c2ccc(F)cc2)n1CC[C@@H](O)C[C@@H](O)CC(=O)[O-].[Ca+2],9.577000000000004,0.031394954448040996,229.23999999999998,12,6,1155.362,24,8,0.2727272727272727,83
CHEMBL239243,TAURINE,NCCS(=O)(=O)O,-1.1670999999999996,0.45569908962415706,80.39,3,2,125.14899999999997,2,0,1.0,7
CHEMBL1484,NICARDIPINE,COC(=O)C1=C(C)NC(C)=C(C(=O)OCCN(C)Cc2ccccc2)C1c1cccc([N+](=O)[O-])c1,3.677800000000002,0.329448552641207,111.00999999999999,8,1,479.5330000000002,9,3,0.3076923076923077,35
CHEMBL245807,OXYPHENISATINE,O=C1Nc2ccccc2C1(c1ccc(O)cc1)c1ccc(O)cc1,3.3843000000000014,0.6784177832036432,69.56,3,3,317.344,2,4,0.05,24
CHEMBL191,LOSARTAN,CCCCc1nc(Cl)c(CO)n1Cc1ccc(-c2ccccc2-c2nnn[nH]2)cc1,4.2668000000000035,0.44208017823980256,92.50999999999999,6,2,422.9200000000001,8,4,0.2727272727272727,30
CHEMBL192,SILDENAFIL,CCCc1nn(C)c2c(=O)[nH]c(-c3cc(S(=O)(=O)N4CCN(C)CC4)ccc3OCC)nc12,1.6109,0.5534046105187581,113.41999999999999,8,1,474.5870000000004,7,4,0.5,33
CHEMBL247951,PEMAFIBRATE,CC[C@@H](Oc1cccc(CN(CCCOc2ccc(OC)cc2)c2nc3ccccc3o2)c1)C(=O)O,5.554100000000006,0.24372985072367295,94.26,7,1,490.55600000000015,13,4,0.2857142857142857,36
CHEMBL398435,TICAGRELOR,CCCSc1nc(N[C@@H]2C[C@H]2c2ccc(F)c(F)c2)c2nnn([C@@H]3C[C@H](OCCO)[C@@H](O)[C@H]3O)c2n1,2.0136999999999996,0.23104078172688383,138.44,11,4,522.5780000000002,10,5,0.5652173913043478,36
CHEMBL1486,TENOFOVIR DISOPROXIL FUMARATE,CC(C)OC(=O)OCOP(=O)(CO[C@H](C)Cn1cnc2c(N)ncnc21)OCOC(=O)OC(C)C.O=C(O)/C=C/C(=O)O,2.7474,0.10985877218023947,260.03999999999996,17,3,635.5200000000003,15,2,0.5217391304347826,43
CHEMBL1487,ATORVASTATIN,CC(C)c1c(C(=O)Nc2ccccc2)c(-c2ccccc2)c(-c2ccc(F)cc2)n1CC[C@@H](O)C[C@@H](O)CC(=O)O,6.313600000000008,0.16276043934928294,111.79,5,4,558.6500000000003,12,4,0.2727272727272727,41
CHEMBL1488,URACIL MUSTARD,Oc1ncc(N(CCCl)CCCl)c(O)n1,1.1718,0.7696469889067921,69.48,5,2,252.101,5,1,0.5,15
CHEMBL1489,AZACITIDINE,Nc1ncn([C@@H]2O[C@H](CO)[C@@H](O)[C@H]2O)c(=O)n1,-3.1679999999999997,0.4262474653048269,143.72000000000003,9,4,244.207,2,2,0.625,17
CHEMBL251940,PERICIAZINE,N#Cc1ccc2c(c1)N(CCCN1CCC(O)CC1)c1ccccc1S2,4.007780000000003,0.8871730288291078,50.5,5,1,365.502,4,4,0.38095238095238093,26
CHEMBL1490,TRIHEXYPHENIDYL,OC(CCN1CCCCC1)(c1ccccc1)C1CCCCC1,4.330500000000004,0.8747104302685795,23.47,2,1,301.47400000000016,5,3,0.7,22
CHEMBL253371,ALVERINE,CCN(CCCc1ccccc1)CCCc1ccccc1,4.5739000000000045,0.6503589923023259,3.24,1,0,281.443,9,2,0.4,21
CHEMBL1491,AMLODIPINE,CCOC(=O)C1=C(COCCN)NC(C)=C(C(=O)OC)C1c1ccccc1Cl,2.266300000000001,0.5023259105130484,99.88000000000001,7,2,408.88200000000006,8,2,0.4,28
CHEMBL400599,BENFLUOREX,CC(Cc1cccc(C(F)(F)F)c1)NCCOC(=O)c1ccccc1,4.083000000000003,0.6033068683506221,38.33,3,1,351.368,7,2,0.3157894736842105,25
CHEMBL253376,BROMHEXINE,CN(Cc1cc(Br)cc(Br)c1N)C1CCCCC1,4.558300000000004,0.784348333258534,29.259999999999998,2,1,376.13600000000025,3,2,0.5714285714285714,18
CHEMBL254857,FIPEXIDE,O=C(COc1ccc(Cl)cc1)N1CCN(Cc2ccc3c(c2)OCO3)CC1,2.791900000000001,0.7879645861429156,51.24000000000001,5,0,388.85100000000017,5,4,0.35,27
CHEMBL1492,DIPHENYLPYRALINE,CN1CCC(OC(c2ccccc2)c2ccccc2)CC1,3.8868000000000027,0.8428209643790592,12.47,2,0,281.3990000000001,4,3,0.3684210526315789,21
CHEMBL1493,FLAVOXATE,Cc1c(-c2ccccc2)oc2c(C(=O)OCCN3CCCCC3)cccc2c1=O,4.411120000000004,0.6030824294043329,59.75,5,0,391.46700000000016,5,4,0.3333333333333333,29
CHEMBL255044,FLUPIRTINE,CCOC(=O)Nc1ccc(NCc2ccc(F)cc2)nc1N,2.9834000000000005,0.7898834049027826,89.27,5,3,304.32500000000005,5,2,0.2,22
CHEMBL250270,LERCANIDIPINE,COC(=O)C1=C(C)NC(C)=C(C(=O)OC(C)(C)CN(C)CCC(c2ccccc2)c2ccccc2)C1c1cccc([N+](=O)[O-])c1,6.478400000000008,0.1408164426775191,111.00999999999999,8,1,611.7390000000003,12,4,0.3333333333333333,45
CHEMBL1495,OXYPHENCYCLIMINE,CN1CCCN=C1COC(=O)C(O)(c1ccccc1)C1CCCCC1,2.731700000000001,0.8344883565703411,62.129999999999995,5,1,344.4550000000002,5,3,0.6,25
CHEMBL404849,SULOCTIDIL,CCCCCCCCNC(C)C(O)c1ccc(SC(C)C)cc1,5.559100000000006,0.3867470880654946,32.26,3,2,337.5730000000001,12,1,0.7,23
CHEMBL252556,IDEBENONE,COC1=C(OC)C(=O)C(CCCCCCCCCCO)=C(C)C1=O,3.4623000000000026,0.4356457601684276,72.83000000000001,5,1,338.444,12,1,0.6842105263157895,24
CHEMBL1496,ROSUVASTATIN,CC(C)c1nc(N(C)S(C)(=O)=O)nc(-c2ccc(F)cc2)c1/C=C/[C@@H](O)C[C@@H](O)CC(=O)O,2.4017,0.4698020340853984,140.92,7,3,481.5460000000002,10,2,0.4090909090909091,33
CHEMBL1497,BETAMETHASONE VALERATE,CCCCC(=O)O[C@]1(C(=O)CO)[C@@H](C)C[C@H]2[C@@H]3CCC4=CC(=O)C=C[C@]4(C)[C@@]3(F)[C@@H](O)C[C@@]21C,3.6368000000000027,0.5679557810972998,100.90000000000002,6,2,476.58500000000026,6,4,0.7407407407407407,34
CHEMBL404422,BUTETHAL,CCCCC1(CC)C(=O)NC(=O)NC1=O,0.9389999999999998,0.6807977437487818,75.27000000000001,3,2,212.249,4,1,0.7,15
CHEMBL398440,CHLOROXYLENOL,Cc1cc(O)cc(C)c1Cl,2.662440000000001,0.6125193183423138,20.23,1,1,156.61199999999997,0,1,0.25,10
CHEMBL254219,DIGITOXIN,C[C@H]1O[C@@H](O[C@H]2[C@@H](O)C[C@H](O[C@H]3[C@@H](O)C[C@H](O[C@H]4CC[C@@]5(C)[C@H](CC[C@@H]6[C@@H]5CC[C@]5(C)[C@@H](C7=CC(=O)OC7)CC[C@]65O)C4)O[C@@H]3C)O[C@@H]2C)C[C@H](O)[C@@H]1O,3.2473000000000014,0.18848157224383355,182.82999999999998,13,5,764.9500000000003,7,8,0.926829268292683,54
CHEMBL1501,FLUOCINONIDE,CC(=O)OCC(=O)[C@@]12OC(C)(C)O[C@@H]1C[C@H]1[C@@H]3C[C@H](F)C4=CC(=O)C=C[C@]4(C)[C@@]3(F)[C@@H](O)C[C@@]12C,2.9376000000000015,0.6025729235661365,99.13000000000001,7,1,494.53100000000023,3,5,0.7307692307692307,35
CHEMBL398707,HYDROMORPHONE,CN1CC[C@]23c4c5ccc(O)c4O[C@H]2C(=O)CC[C@H]3[C@H]1C5,1.6302999999999999,0.7869335307088955,49.77,4,1,285.34299999999996,0,5,0.5882352941176471,21
CHEMBL193,NIFEDIPINE,COC(=O)C1=C(C)NC(C)=C(C(=O)OC)C1c1ccccc1[N+](=O)[O-],2.1756,0.5055052971214055,107.77000000000001,7,1,346.33900000000006,4,2,0.29411764705882354,25
CHEMBL1502,PANTOPRAZOLE,COc1ccnc(C[S+]([O-])c2nc3cc(OC(F)F)ccc3[nH]2)c1OC,2.8843000000000005,0.6309371659531015,92.32000000000001,6,1,383.3760000000001,7,3,0.25,26
CHEMBL1503,OMEPRAZOLE,COc1ccc2[nH]c([S+]([O-])Cc3ncc(C)c(OC)c3C)nc2c1,2.8997400000000013,0.7189882148938236,83.09,5,1,345.4240000000001,5,3,0.29411764705882354,24
CHEMBL253582,SUCROSE,OC[C@H]1O[C@@](CO)(O[C@H]2O[C@H](CO)[C@@H](O)[C@H](O)[C@H]2O)[C@@H](O)[C@@H]1O,-5.395599999999993,0.2378914345193498,189.52999999999997,11,8,342.297,5,2,1.0,23
CHEMBL1504,TRIAMCINOLONE ACETONIDE,CC1(C)O[C@@H]2C[C@H]3[C@@H]4CCC5=CC(=O)C=C[C@]5(C)[C@@]4(F)[C@@H](O)C[C@]3(C)[C@]2(C(=O)CO)O1,2.4188000000000005,0.6935078414535659,93.06,6,2,434.50400000000025,2,5,0.75,31
CHEMBL252518,ARTENIMOL,C[C@H]1[C@@H](O)O[C@@H]2O[C@]3(C)CC[C@H]4[C@H](C)CC[C@@H]1[C@@]24OO3,2.1867,0.6909963971993888,57.150000000000006,5,1,284.352,0,5,1.0,20
CHEMBL1505,ALMOTRIPTAN,CN(C)CCc1c[nH]c2ccc(CS(=O)(=O)N3CCCC3)cc12,2.1975999999999996,0.8803470485806123,56.410000000000004,3,1,335.4730000000002,6,3,0.5294117647058824,23
CHEMBL1506,CHLORAMPHENICOL PALMITATE,CCCCCCCCCCCCCCCC(=O)OC[C@@H](NC(=O)C(Cl)Cl)[C@H](O)c1ccc([N+](=O)[O-])cc1,6.941200000000008,0.05517667817788805,118.77000000000001,6,2,561.5470000000001,21,1,0.7037037037037037,37
CHEMBL1508,ESCITALOPRAM,CN(C)CCC[C@@]1(c2ccc(F)cc2)OCc2cc(C#N)ccc21,3.812980000000003,0.8388667572429986,36.26,3,0,324.39900000000006,5,3,0.35,24
CHEMBL1509,DROSPIRENONE,C[C@]12CCC(=O)C=C1[C@@H]1C[C@@H]1[C@H]1[C@@H]3[C@@H]4C[C@@H]4[C@@]4(CCC(=O)O4)[C@@]3(C)CC[C@@H]12,4.305900000000004,0.6002668837960434,43.370000000000005,3,0,366.50100000000015,0,7,0.8333333333333334,27
CHEMBL1510,ELETRIPTAN,CN1CCC[C@@H]1Cc1c[nH]c2ccc(CCS(=O)(=O)c3ccccc3)cc12,3.8210000000000024,0.7050592233207414,53.17,3,1,382.5290000000001,6,4,0.36363636363636365,27
CHEMBL1511,ESTRADIOL VALERATE,CCCCC(=O)O[C@H]1CC[C@H]2[C@@H]3CCc4cc(O)ccc4[C@H]3CC[C@]12C,5.350300000000006,0.7397426708714153,46.53,3,1,356.5060000000001,4,4,0.6956521739130435,26
CHEMBL1512,FLUNISOLIDE,CC1(C)O[C@@H]2C[C@H]3[C@@H]4C[C@H](F)C5=CC(=O)C=C[C@]5(C)[C@H]4[C@@H](O)C[C@]3(C)[C@]2(C(=O)CO)O1,2.2747000000000006,0.6927713808384576,93.06,6,2,434.50400000000025,2,5,0.75,31
CHEMBL251634,FLUOCORTOLONE,C[C@@H]1C[C@H]2[C@@H]3C[C@H](F)C4=CC(=O)C=C[C@]4(C)[C@H]3[C@@H](O)C[C@]2(C)[C@H]1C(=O)CO,2.6367000000000016,0.7769741500122379,74.6,4,2,376.4680000000002,2,4,0.7272727272727273,27
CHEMBL1513,IRBESARTAN,CCCCC1=NC2(CCCC2)C(=O)N1Cc1ccc(-c2ccccc2-c2nnn[nH]2)cc1,4.777400000000004,0.5867441988589208,87.13,5,1,428.5400000000001,7,5,0.4,32
CHEMBL1514,LEVOMETHADYL ACETATE,CC[C@H](OC(C)=O)C(C[C@H](C)N(C)C)(c1ccccc1)c1ccccc1,4.654600000000005,0.6468185140544594,29.54,3,0,353.50600000000003,8,2,0.43478260869565216,26
CHEMBL249837,METHACYCLINE,C=C1c2cccc(O)c2C(=O)C2=C(O)[C@]3(O)C(=O)C(C(N)=O)=C(O)[C@@H](N(C)C)[C@@H]3[C@@H](O)[C@H]12,-0.4378999999999982,0.3308521588911173,181.62,9,6,442.42400000000015,2,4,0.3181818181818182,32
CHEMBL1515,METHIMAZOLE,Cn1ccnc1S,0.7087999999999999,0.49165650235152397,17.82,3,1,114.17299999999999,0,1,0.25,7
CHEMBL1517,OXYTETRACYCLINE,CN(C)[C@@H]1C(O)=C(C(N)=O)C(=O)[C@@]2(O)C(O)=C3C(=O)c4c(O)cccc4[C@@](C)(O)[C@H]3[C@H](O)[C@@H]12,-1.2435999999999974,0.26155458511612795,201.84999999999997,10,7,460.43900000000014,2,4,0.4090909090909091,33
CHEMBL1518,PROPYLTHIOURACIL,CCCc1cc(=O)[nH]c(=S)[nH]1,1.38499,0.6587322532597096,48.65,2,2,170.237,2,1,0.42857142857142855,11
CHEMBL600325,PROSCILLARIDIN,C[C@@H]1O[C@@H](O[C@@H]2C=C3CC[C@@H]4[C@H](CC[C@]5(C)[C@@H](c6ccc(=O)oc6)CC[C@]45O)[C@@]3(C)CC2)[C@H](O)[C@H](O)[C@H]1O,3.013800000000002,0.4391367379374335,129.59,8,4,530.6580000000004,3,6,0.7666666666666667,38
CHEMBL1519,TRANDOLAPRIL,CCOC(=O)[C@H](CCc1ccccc1)N[C@@H](C)C(=O)N1[C@H](C(=O)O)C[C@H]2CCCC[C@@H]21,2.7733000000000008,0.5851031637925748,95.94000000000001,5,2,430.54500000000036,9,3,0.625,31
CHEMBL1520,VARDENAFIL,CCCc1nc(C)c2c(=O)nc(-c3cc(S(=O)(=O)N4CCN(CC)CC4)ccc3OCC)[nH]n12,2.07042,0.5164114874787473,112.9,8,1,488.6140000000004,8,4,0.5217391304347826,34
CHEMBL1521,ZALEPLON,CCN(C(C)=O)c1cccc(-c2ccnc3c(C#N)cnn23)c1,2.6407800000000003,0.7452640844090571,74.28999999999999,5,0,305.341,3,3,0.17647058823529413,23
CHEMBL1522,ESZOPICLONE,CN1CCN(C(=O)O[C@H]2c3nccnc3C(=O)N2c2ccc(Cl)cn2)CC1,1.5679999999999998,0.7705081180627319,91.75999999999999,7,0,388.8150000000001,2,4,0.35294117647058826,27
CHEMBL248702,DEXFENFLURAMINE,CCN[C@@H](C)Cc1cccc(C(F)(F)F)c1,3.2459000000000024,0.8383597745599246,12.03,1,1,231.26099999999997,4,1,0.5,16
CHEMBL249856,ENOXIMONE,CSc1ccc(C(=O)c2[nH]c(=O)[nH]c2C)cc1,1.9643199999999998,0.6443400679154861,65.72,3,2,248.307,3,2,0.16666666666666666,17
CHEMBL1525,PERMETHRIN,CC1(C)C(C=C(Cl)Cl)C1C(=O)OCc1cccc(Oc2ccccc2)c1,6.113300000000004,0.5573177512168599,35.53,3,0,391.2940000000001,6,3,0.2857142857142857,26
CHEMBL254328,ABIRATERONE,C[C@]12CC[C@H](O)CC1=CC[C@@H]1[C@@H]2CC[C@]2(C)C(c3cccnc3)=CC[C@@H]12,5.398600000000005,0.6887813871003827,33.120000000000005,2,1,349.51800000000003,1,5,0.625,26
CHEMBL254316,RALTEGRAVIR,Cc1nnc(C(=O)NC(C)(C)c2nc(C(=O)NCc3ccc(F)cc3)c(O)c(=O)n2C)o1,0.9115199999999997,0.5072974072735444,152.24,9,3,444.4230000000002,6,3,0.3,32
CHEMBL254468,FLUCICLOVINE F18,N[C@]1(C(=O)O)C[C@@H]([18F])C1,-0.09960000000000035,0.5233048788216008,63.32000000000001,2,2,132.124938,1,1,0.8,9
CHEMBL404108,LUMIRACOXIB,Cc1ccc(Nc2c(F)cccc2Cl)c(CC(=O)O)c1,4.158220000000002,0.8897457941317977,49.33,2,2,293.725,4,2,0.13333333333333333,20
CHEMBL256087,MENTHOL,CC1CCC(C(C)C)C(O)C1,2.4395000000000007,0.6179494584335713,20.23,1,1,156.26899999999998,1,1,1.0,11
CHEMBL1528,SODIUM FLUORIDE,[F-].[Na+],-5.992,0.2366734948704273,0.0,0,0,41.988,0,0,0.0,2
CHEMBL1529,DIPHENIDOL HYDROCHLORIDE,Cl.OC(CCCN1CCCCC1)(c1ccccc1)c1ccccc1,4.610400000000004,0.8259331919672552,23.47,2,1,345.91400000000004,6,3,0.42857142857142855,24
CHEMBL256997,ATALUREN,O=C(O)c1cccc(-c2noc(-c3ccccc3F)n2)c1,3.240900000000001,0.7985696395658854,76.22,4,1,284.246,3,3,0.0,21
CHEMBL255863,NILOTINIB,Cc1cn(-c2cc(NC(=O)c3ccc(C)c(Nc4nccc(-c5cccnc5)n4)c3)cc(C(F)(F)F)c2)cn1,6.355840000000005,0.26585982163254196,97.62,7,2,529.5260000000001,6,5,0.10714285714285714,39
CHEMBL403664,BLEOMYCIN,Cc1c(N)nc([C@H](CC(N)=O)NC[C@H](N)C(N)=O)nc1C(=O)N[C@H](C(=O)N[C@H](C)[C@@H](O)[C@H](C)C(=O)N[C@H](C(=O)NCCc1nc(-c2nc(C(=O)NCCC[S+](C)C)cs2)cs1)[C@@H](C)O)[C@@H](O[C@@H]1O[C@@H](CO)[C@@H](O)[C@H](O)[C@@H]1O[C@H]1O[C@H](CO)[C@@H](O)[C@H](OC(N)=O)[C@@H]1O)c1c[nH]cn1,-7.703580000000035,0.015025866135446675,627.07,31,20,1415.5760000000005,35,6,0.6181818181818182,96
CHEMBL259209,MILNACIPRAN,CCN(CC)C(=O)C1(c2ccccc2)CC1CN,1.7713999999999999,0.8603942445298217,46.33,2,1,246.35399999999998,5,2,0.5333333333333333,18
CHEMBL259571,TAPINAROF,CC(C)c1c(O)cc(/C=C/c2ccccc2)cc1O,4.391600000000004,0.7973006402836676,40.46,2,2,254.329,3,2,0.17647058823529413,19
CHEMBL1531,ETONOGESTREL,C#C[C@]1(O)CC[C@H]2[C@@H]3CCC4=CC(=O)CC[C@@H]4[C@H]3C(=C)C[C@@]21CC,4.048700000000004,0.5834905102158031,37.3,2,1,324.4640000000001,1,4,0.6818181818181818,24
CHEMBL1532,QUINETHAZONE,CCC1NC(=O)c2cc(S(N)(=O)=O)c(Cl)cc2N1,0.8788000000000005,0.751957676885389,101.28999999999999,4,3,289.74399999999997,2,2,0.3,18
CHEMBL408403,ANGIOTENSIN II,CC[C@H](C)[C@H](NC(=O)[C@H](Cc1ccc(O)cc1)NC(=O)[C@@H](NC(=O)[C@H](CCCNC(=N)N)NC(=O)[C@@H](N)CC(=O)O)C(C)C)C(=O)N[C@@H](Cc1cnc[nH]1)C(=O)N1CCC[C@H]1C(=O)N[C@@H](Cc1ccccc1)C(=O)O,-1.1050300000000128,0.02228110483469534,406.34,13,14,1046.1969999999997,29,4,0.5,75
CHEMBL1533,DESOGESTREL,C#C[C@]1(O)CC[C@H]2[C@@H]3CCC4=CCCC[C@@H]4[C@H]3C(=C)C[C@@]21CC,4.869700000000004,0.540960336622813,20.23,1,1,310.48100000000005,1,4,0.7272727272727273,23
CHEMBL1534,RIBOFLAVIN,Cc1cc2nc3c(=O)[nH]c(=O)nc-3n(C[C@H](O)[C@H](O)[C@H](O)CO)c2cc1C,-1.7235599999999989,0.3284121594560428,161.56,9,5,376.36900000000014,5,3,0.4117647058823529,27
CHEMBL258918,MESTEROLONE,C[C@H]1CC(=O)C[C@@H]2CC[C@H]3[C@@H]4CC[C@H](O)[C@@]4(C)CC[C@@H]3[C@]21C,4.205100000000003,0.7278176746345383,37.3,2,1,304.47400000000005,0,4,0.95,22
CHEMBL259972,MOFEZOLAC,COc1ccc(-c2noc(CC(=O)O)c2-c2ccc(OC)cc2)cc1,3.6529000000000025,0.7380134904098221,81.79,5,1,339.34700000000004,6,3,0.15789473684210525,25
CHEMBL1535,HYDROXYCHLOROQUINE,CCN(CCO)CCCC(C)Nc1ccnc2cc(Cl)ccc12,3.783000000000002,0.7317801043771166,48.39,4,2,335.8790000000001,9,2,0.5,23
CHEMBL1536,ERGOCALCIFEROL,C=C1CC[C@H](O)C/C1=C/C=C1\CCC[C@]2(C)[C@@H]([C@H](C)/C=C/[C@H](C)C(C)C)CC[C@@H]12,7.641000000000008,0.4732790343822408,20.23,1,1,396.6590000000001,5,3,0.7142857142857143,29
CHEMBL261772,MECLOCYCLINE SULFOSALICYLATE,C=C1c2c(Cl)ccc(O)c2C(=O)C2=C(O)[C@]3(O)C(=O)C(C(N)=O)=C(O)[C@@H](N(C)C)[C@@H]3[C@@H](O)[C@H]12.O=C(O)c1cc(S(=O)(=O)O)ccc1O,0.5526000000000006,0.15594423263791948,293.52,13,9,695.0550000000004,4,5,0.2413793103448276,47
CHEMBL1537,AZLOCILLIN,CC1(C)S[C@@H]2[C@H](NC(=O)[C@H](NC(=O)N3CCNC3=O)c3ccccc3)C(=O)N2[C@H]1C(=O)O,0.0942000000000009,0.45444554983360785,148.14999999999998,6,4,461.50000000000017,5,4,0.45,32
CHEMBL1538,TENOFOVIR DISOPROXIL,CC(C)OC(=O)OCOP(=O)(CO[C@H](C)Cn1cnc2c(N)ncnc21)OCOC(=O)OC(C)C,3.0356000000000014,0.2310328956549481,185.43999999999997,15,1,519.4480000000002,13,2,0.631578947368421,35
CHEMBL1539,SULFADOXINE,COc1ncnc(NS(=O)(=O)c2ccc(N)cc2)c1OC,0.8768,0.7870878791639985,116.43,7,2,310.33500000000004,5,2,0.16666666666666666,21
CHEMBL1540,PENCICLOVIR,Nc1nc(O)c2ncn(CCC(CO)CO)c2n1,-0.895,0.5430596720560048,130.31,8,4,253.26199999999994,5,2,0.5,18
CHEMBL1541,CEFIXIME,C=CC1=C(C(=O)O)N2C(=O)[C@@H](NC(=O)/C(=N\OCC(=O)O)c3csc(N)n3)[C@H]2SC1,-0.5447999999999991,0.22618525506501608,184.51,10,4,453.45800000000014,8,3,0.25,30
CHEMBL1542,AZATHIOPRINE,Cn1cnc([N+](=O)[O-])c1Sc1ncnc2[nH]cnc12,1.1457999999999997,0.43328794180573177,115.42,8,1,277.269,3,3,0.1111111111111111,19
CHEMBL260538,ULIPRISTAL ACETATE,CC(=O)O[C@]1(C(C)=O)CC[C@H]2[C@@H]3CCC4=CC(=O)CCC4=C3[C@@H](c3ccc(N(C)C)cc3)C[C@@]21C,5.543000000000006,0.5349596674784687,63.68000000000001,5,0,475.6290000000003,4,5,0.5666666666666667,35
CHEMBL405110,METHYLENE BLUE ANHYDROUS,CN(C)c1ccc2nc3ccc(N(C)C)cc3[s+]c2c1.[Cl-],0.8665999999999998,0.5159517647872774,19.370000000000005,3,0,319.861,2,3,0.25,21
CHEMBL1544,LIOTHYRONINE,N[C@@H](Cc1cc(I)c(Oc2ccc(O)c(I)c2)c(I)c1)C(=O)O,3.952700000000001,0.4267101714465896,92.78000000000002,4,3,650.9760000000001,5,2,0.13333333333333333,23
CHEMBL408513,BELINOSTAT,O=C(/C=C/c1cccc(S(=O)(=O)Nc2ccccc2)c1)NO,2.0060000000000002,0.4462558920281968,95.5,4,3,318.354,5,2,0.0,22
CHEMBL270190,ALVIMOPAN,C[C@H]1CN(C[C@H](Cc2ccccc2)C(=O)NCC(=O)O)CC[C@@]1(C)c1cccc(O)c1,3.051400000000001,0.6060542279978058,89.87,4,3,424.5410000000002,8,3,0.44,31
CHEMBL1546,HYDROXYAMPHETAMINE,CC(N)Cc1ccc(O)cc1,1.2819,0.6684959137911127,46.25,2,2,151.20899999999997,2,1,0.3333333333333333,11
CHEMBL1547,THIAMINE ION,Cc1ncc(C[n+]2csc(CCO)c2C)c(N)n1,0.60774,0.79412732636072,75.91,5,2,265.36199999999997,4,2,0.4166666666666667,18
CHEMBL271227,ABIRATERONE ACETATE,CC(=O)O[C@H]1CC[C@@]2(C)C(=CC[C@@H]3[C@@H]2CC[C@]2(C)C(c4cccnc4)=CC[C@@H]32)C1,5.9694000000000065,0.4604575535940218,39.19,3,0,391.5550000000001,2,5,0.6153846153846154,29
CHEMBL404520,CHLORTETRACYCLINE,CN(C)[C@@H]1C(O)=C(C(N)=O)C(=O)[C@@]2(O)C(O)=C3C(=O)c4c(O)ccc(Cl)c4[C@@](C)(O)[C@H]3C[C@@H]12,0.4390000000000007,0.3283008516696476,181.61999999999998,9,6,478.8850000000002,2,4,0.4090909090909091,33
CHEMBL267495,NALFURAFINE,CN(C(=O)/C=C/c1ccoc1)[C@@H]1CC[C@@]2(O)[C@H]3Cc4ccc(O)c5c4[C@@]2(CCN3CC2CC2)[C@H]1O5,3.0897000000000014,0.6453979969056606,86.38000000000001,6,2,476.5730000000003,5,7,0.5357142857142857,35
CHEMBL1549,HYDROCORTISONE CYPIONATE,C[C@]12CCC(=O)C=C1CC[C@@H]1[C@@H]2[C@@H](O)C[C@@]2(C)[C@H]1CC[C@]2(O)C(=O)COC(=O)CCC1CCCC1,4.302900000000004,0.5429922145181357,100.9,6,2,486.6490000000005,6,5,0.8275862068965517,35
CHEMBL1550,PHYTONADIONE,CC1=C(C/C=C(\C)CCC[C@H](C)CCC[C@H](C)CCCC(C)C)C(=O)c2ccccc2C1=O,9.1576,0.26470583099531264,34.14,2,0,450.7070000000002,14,2,0.6129032258064516,33
CHEMBL429910,DAPAGLIFLOZIN,CCOc1ccc(Cc2cc([C@@H]3O[C@H](CO)[C@@H](O)[C@H](O)[C@H]3O)ccc2Cl)cc1,1.8443999999999996,0.5818339767551266,99.38000000000001,6,4,408.87800000000004,6,3,0.42857142857142855,28
CHEMBL1551,URSODIOL,C[C@H](CCC(=O)O)[C@H]1CC[C@H]2[C@@H]3[C@@H](O)C[C@@H]4C[C@H](O)CC[C@]4(C)[C@H]3CC[C@]12C,4.477900000000004,0.659162096020487,77.76,3,3,392.5800000000002,4,4,0.9583333333333334,28
CHEMBL406393,DEOXYCHOLIC ACID,C[C@H](CCC(=O)O)[C@H]1CC[C@H]2[C@@H]3CC[C@@H]4C[C@H](O)CC[C@]4(C)[C@H]3C[C@H](O)[C@]12C,4.477900000000005,0.6591620960204871,77.76,3,3,392.58000000000015,4,4,0.9583333333333334,28
CHEMBL272427,TAURURSODIOL,C[C@H](CCC(=O)NCCS(=O)(=O)O)[C@H]1CC[C@H]2[C@@H]3[C@@H](O)C[C@@H]4C[C@H](O)CC[C@]4(C)[C@H]3CC[C@]12C,3.3973000000000013,0.39816166284880605,123.93,5,4,499.71400000000034,7,4,0.9615384615384616,34
CHEMBL1554,DACTINOMYCIN,Cc1c2oc3c(C)ccc(C(=O)N[C@@H]4C(=O)N[C@H](C(C)C)C(=O)N5CCC[C@H]5C(=O)N(C)CC(=O)N(C)[C@@H](C(C)C)C(=O)O[C@@H]4C)c3nc-2c(C(=O)N[C@@H]2C(=O)N[C@H](C(C)C)C(=O)N3CCC[C@H]3C(=O)N(C)CC(=O)N(C)[C@@H](C(C)C)C(=O)O[C@@H]2C)c(N)c1=O,0.7256400000000032,0.11786115760162932,359.97999999999996,18,5,1255.4379999999994,8,7,0.6129032258064516,90
CHEMBL1555,GALANTAMINE HYDROBROMIDE,Br.COc1ccc2c3c1O[C@H]1C[C@@H](O)C=C[C@@]31CCN(C)C2,2.4282000000000004,0.7736183032099592,41.93,4,1,368.2710000000002,1,4,0.5294117647058824,22
CHEMBL196,ASCORBIC ACID,O=C1O[C@H]([C@@H](O)CO)C(O)=C1O,-1.4073999999999995,0.3850054008235984,107.22000000000001,6,4,176.124,2,1,0.5,12
CHEMBL1556,INOSINE,O=c1[nH]cnc2c1ncn2[C@@H]1O[C@H](CO)[C@@H](O)[C@H]1O,-2.2689,0.4822946675996651,133.49,8,4,268.229,2,3,0.5,19
CHEMBL1557,DOPAMINE HYDROCHLORIDE,Cl.NCCc1ccc(O)c(O)c1,1.0208,0.6089986479968319,66.48,3,3,189.642,2,1,0.25,12
CHEMBL1558,PRAZOSIN HYDROCHLORIDE,COc1cc2nc(N3CCN(C(=O)c4ccco4)CC3)nc(N)c2cc1OC.Cl,2.2064,0.6854186125814429,106.95,8,1,419.8690000000002,4,4,0.3157894736842105,29
CHEMBL1559,MICONAZOLE NITRATE,Clc1ccc(COC(Cn2ccnc2)c2ccc(Cl)cc2Cl)c(Cl)c1.O=[N+]([O-])O,6.107100000000003,0.34068158386937303,90.42,5,1,479.14700000000016,6,3,0.16666666666666666,29
CHEMBL450895,NYSTATIN,C[C@@H]1[C@H](O)[C@@H](C)/C=C/C=C/CC/C=C/C=C/C=C/C=C/[C@H](O[C@@H]2O[C@H](C)[C@@H](O)[C@H](N)[C@@H]2O)C[C@@H]2O[C@](O)(C[C@@H](O)[C@H](O)CC[C@@H](O)C[C@@H](O)C[C@@H](O)CC(=O)O[C@H]1C)C[C@H](O)[C@H]2C(=O)O,0.9357000000000062,0.17529207534705477,319.60999999999996,17,12,926.1070000000002,3,3,0.7021276595744681,65
CHEMBL1560,CAPTOPRIL,C[C@H](CS)C(=O)N1CCC[C@H]1C(=O)O,0.6279000000000001,0.6816110954453929,57.61,3,2,217.28999999999996,3,1,0.7777777777777778,14
CHEMBL504760,CAMPHOR,CC1(C)[C@@H]2CC[C@@]1(C)C(=O)C2,2.401700000000001,0.520631018455888,17.07,1,0,152.237,0,2,0.9,11
CHEMBL517712,ATROPINE,CN1[C@@H]2CC[C@H]1C[C@@H](OC(=O)C(CO)c1ccccc1)C2,1.9308999999999996,0.8605899449393155,49.769999999999996,4,1,289.37500000000006,4,3,0.5882352941176471,21
CHEMBL1561,MIGLITOL,OCCN1C[C@H](O)[C@@H](O)[C@H](O)[C@H]1CO,-3.262099999999999,0.3326203956682485,104.39000000000001,6,5,207.226,3,1,1.0,14
CHEMBL502109,BENZALKONIUM CHLORIDE,CCCCCCCCCCCCC[N+](C)(C)Cc1ccccc1.[Cl-],3.578000000000002,0.3540379032339242,0.0,0,0,354.02199999999993,14,1,0.7272727272727273,24
CHEMBL1563,DAUNORUBICIN HYDROCHLORIDE,COc1cccc2c1C(=O)c1c(O)c3c(c(O)c1C2=O)C[C@@](O)(C(C)=O)C[C@@H]3O[C@H]1C[C@H](N)[C@H](O)[C@H](C)O1.Cl,1.4506999999999997,0.2891398175926034,185.84,11,5,563.9870000000003,4,5,0.4444444444444444,39
CHEMBL511142,BUPRENORPHINE,CO[C@@]12CC[C@@]3(C[C@@H]1[C@](C)(O)C(C)(C)C)[C@H]1Cc4ccc(O)c5c4[C@@]3(CCN1CC1CC1)[C@H]2O5,4.413800000000004,0.686738022566705,62.16,5,2,467.6500000000003,4,8,0.7931034482758621,34
CHEMBL1564,DIPHENYLPYRALINE HYDROCHLORIDE,CN1CCC(OC(c2ccccc2)c2ccccc2)CC1.Cl,4.308600000000005,0.8329183067225817,12.47,2,0,317.86000000000007,4,3,0.3684210526315789,22
CHEMBL529437,COCAINE HYDROCHLORIDE,COC(=O)[C@H]1[C@@H](OC(=O)c2ccccc2)C[C@@H]2CC[C@H]1N2C.Cl,2.2895000000000008,0.7907983352704907,55.84,5,0,339.819,3,3,0.5294117647058824,23
CHEMBL471737,IVABRADINE,COc1cc2c(cc1OC)CC(=O)N(CCCN(C)C[C@H]1Cc3cc(OC)c(OC)cc31)CC2,3.3100000000000023,0.5333149482831275,60.47000000000001,6,0,468.59400000000034,10,4,0.5185185185185185,34
CHEMBL1566,ACARBOSE,C[C@H]1O[C@H](O[C@H]2[C@H](O)[C@@H](O)[C@@H](O[C@H]3[C@H](O)[C@@H](O)[C@H](O)O[C@@H]3CO)O[C@@H]2CO)[C@H](O)[C@@H](O)[C@@H]1N[C@H]1C=C(CO)[C@@H](O)[C@H](O)[C@H]1O,-8.564500000000011,0.10348325925697462,321.17,19,14,645.6080000000004,9,4,0.92,44
CHEMBL1567,SUNITINIB MALATE,CCN(CC)CCNC(=O)c1c(C)[nH]c(/C=C2\C(=O)Nc3ccc(F)cc32)c1C.O=C(O)C[C@H](O)C(=O)O,2.24154,0.25289055079288847,172.06,6,6,532.5690000000003,10,3,0.38461538461538464,38
CHEMBL506110,SULTAMICILLIN,CC1(C)S[C@@H]2[C@H](NC(=O)[C@H](N)c3ccccc3)C(=O)N2[C@H]1C(=O)OCOC(=O)[C@@H]1N2C(=O)C[C@H]2S(=O)(=O)C1(C)C,-0.5885999999999969,0.23381389101473452,182.48,11,2,594.6680000000002,7,5,0.56,40
CHEMBL501849,SIMEPREVIR,COc1ccc2c(O[C@@H]3C[C@H]4C(=O)N[C@]5(C(=O)NS(=O)(=O)C6CC6)C[C@H]5/C=C\CCCCN(C)C(=O)[C@@H]4C3)cc(-c3nc(C(C)C)cs3)nc2c1C,5.254120000000005,0.29372395978334304,156.89,10,2,749.956,8,7,0.5526315789473685,52
CHEMBL455186,TREOSULFAN,CS(=O)(=O)OC[C@H](O)[C@@H](O)COS(C)(=O)=O,-2.3393999999999986,0.49590241519042405,127.20000000000002,8,2,278.30400000000003,7,0,1.0,16
CHEMBL461332,FLUCLORONIDE,CC1(C)O[C@@H]2C[C@H]3[C@@H]4C[C@H](F)C5=CC(=O)C=C[C@]5(C)[C@@]4(Cl)[C@@H](Cl)C[C@]3(C)[C@]2(C(=O)CO)O1,3.882600000000003,0.5990285726675203,72.83000000000001,5,1,487.39500000000027,2,5,0.75,32
CHEMBL462547,URETHANE,CCOC(N)=O,0.10160000000000025,0.4950193943469449,52.32,2,1,89.09400000000001,1,0,0.6666666666666666,6
CHEMBL1569,AMANTADINE HYDROCHLORIDE,Cl.NC12CC3CC(CC(C3)C1)C2,2.3357,0.6192438807936089,26.02,1,1,187.71399999999994,0,4,1.0,12
CHEMBL517199,XIPAMIDE,Cc1cccc(C)c1NC(=O)c1cc(S(N)(=O)=O)c(Cl)cc1O,2.5621400000000008,0.7862751201178846,109.49,4,3,354.81500000000005,3,2,0.13333333333333333,23
CHEMBL529888,GLIBORNURIDE,Cc1ccc(S(=O)(=O)NC(=O)N[C@H]2[C@H]3CC[C@@](C)([C@H]2O)C3(C)C)cc1,2.16852,0.7638586024536907,95.5,4,3,366.4830000000001,3,3,0.6111111111111112,25
CHEMBL1570,SULFOXONE,O=S(O)CNc1ccc(S(=O)(=O)c2ccc(NCS(=O)O)cc2)cc1,1.7015999999999998,0.4887779283307861,132.79999999999998,6,4,404.4910000000001,8,2,0.14285714285714285,25
CHEMBL452231,TENIPOSIDE,COc1cc([C@@H]2c3cc4c(cc3[C@@H](O[C@@H]3O[C@@H]5CO[C@@H](c6cccs6)O[C@H]5[C@H](O)[C@H]3O)[C@H]3COC(=O)[C@H]23)OCO4)cc(OC)c1O,2.752900000000001,0.33279567772779733,160.83,14,3,656.6620000000001,6,8,0.46875,46
CHEMBL1571,TESTOLACTONE,C[C@]12C=CC(=O)C=C1CC[C@@H]1[C@@H]2CC[C@]2(C)OC(=O)CC[C@@H]12,3.5899000000000028,0.6421056110726256,43.370000000000005,3,0,300.3980000000001,0,4,0.6842105263157895,22
CHEMBL460287,ETOGLUCID,C(COCCOCC1CO1)OCCOCC1CO1,-0.14959999999999862,0.339691530777197,61.980000000000004,6,0,262.3019999999999,13,2,1.0,18
CHEMBL501613,MEPARFYNOL,C#CC(C)(O)CC,0.7806,0.4803950453905759,20.23,1,1,98.14499999999998,1,0,0.6666666666666666,7
CHEMBL461522,METAMIZOLE,Cc1c(N(C)CS(=O)(=O)O)c(=O)n(-c2ccccc2)n1C,0.7659199999999997,0.8430014275958215,84.54000000000002,6,1,311.36300000000006,4,2,0.3076923076923077,21
CHEMBL462394,METRIZAMIDE,CC(=O)Nc1c(I)c(C(=O)N[C@H]2C(O)O[C@H](CO)[C@@H](O)[C@@H]2O)c(I)c(N(C)C(C)=O)c1I,-0.028800000000000603,0.22653247037256122,168.66,8,6,789.0989999999998,5,2,0.5,32
CHEMBL516476,METHYLATROPINE NITRATE,C[N+]1(C)[C@@H]2CC[C@H]1C[C@@H](OC(=O)C(CO)c1ccccc1)C2.O=[N+]([O-])[O-],1.8363999999999998,0.3764371068069606,112.73,6,1,366.4140000000001,4,3,0.6111111111111112,26
CHEMBL1572,NETILMICIN,CCN[C@@H]1C[C@H](N)[C@@H](O[C@H]2OC(CN)=CC[C@H]2N)[C@H](O)[C@H]1O[C@H]1OC[C@](C)(O)[C@H](NC)[C@H]1O,-3.200699999999992,0.17503537053091334,199.72999999999996,12,8,475.58700000000016,8,3,0.9047619047619048,33
CHEMBL1574,PHENTERMINE,CC(C)(N)Cc1ccccc1,1.9664,0.6831676333388244,26.02,1,1,149.237,2,1,0.4,11
CHEMBL1576,ETHINAMATE,C#CC1(OC(N)=O)CCCCC1,1.4178000000000002,0.6002616319602778,52.32,2,1,167.20799999999997,1,1,0.6666666666666666,12
CHEMBL460291,LACIDIPINE,CCOC(=O)C1=C(C)NC(C)=C(C(=O)OCC)C1c1ccccc1/C=C/C(=O)OC(C)(C)C,4.402500000000004,0.3700735420849879,90.92999999999999,7,1,455.5510000000002,7,2,0.4230769230769231,33
CHEMBL1577,METHYCLOTHIAZIDE,CN1C(CCl)Nc2cc(Cl)c(S(N)(=O)=O)cc2S1(=O)=O,0.5983000000000003,0.7508465680270321,109.57,5,2,360.2440000000001,2,2,0.3333333333333333,20
CHEMBL447629,MITOBRONITOL,O[C@@H]([C@H](O)[C@H](O)CBr)[C@H](O)CBr,-0.7802000000000002,0.5024317032601966,80.92,4,4,307.966,5,0,1.0,12
CHEMBL475534,NITRENDIPINE,CCOC(=O)C1=C(C)NC(C)=C(C(=O)OC)C1c1cccc([N+](=O)[O-])c1,2.5657000000000005,0.4882471812012686,107.77000000000001,7,1,360.36600000000004,5,2,0.3333333333333333,26
CHEMBL1578,ANISOTROPINE METHYLBROMIDE,CCCC(CCC)C(=O)O[C@H]1C[C@H]2CC[C@@H](C1)[N+]2(C)C.[Br-],0.5198000000000025,0.5088186857138703,26.3,2,0,362.352,6,2,0.9411764705882353,21
CHEMBL1580,PENTOSTATIN,OC[C@H]1O[C@@H](n2cnc3c2N=CNC[C@H]3O)C[C@@H]1O,-1.1798000000000006,0.5369588450641498,112.13000000000001,8,4,268.273,2,3,0.6363636363636364,19
CHEMBL1581,PERINDOPRIL,CCC[C@H](N[C@@H](C)C(=O)N1[C@H](C(=O)O)C[C@@H]2CCCC[C@@H]21)C(=O)OCC,1.940599999999999,0.6358209968803862,95.94000000000001,5,2,368.47400000000016,8,2,0.8421052631578947,26
CHEMBL515914,AZARIBINE,CC(=O)OC[C@H]1O[C@@H](n2ncc(=O)[nH]c2=O)[C@H](OC(C)=O)[C@@H]1OC(C)=O,-1.7444999999999975,0.46513972249238905,155.88,11,1,371.3020000000002,5,2,0.5714285714285714,26
CHEMBL455917,CHLORAL HYDRATE,OC(O)C(Cl)(Cl)Cl,0.6672999999999998,0.4090497087455616,40.46,2,2,165.403,0,0,1.0,7
CHEMBL515606,CILAZAPRIL,CCOC(=O)[C@H](CCc1ccccc1)N[C@H]1CCCN2CCC[C@@H](C(=O)O)N2C1=O,1.5955,0.619939920109502,99.18,6,2,417.5060000000003,8,3,0.5909090909090909,30
CHEMBL1583,BACAMPICILLIN,CCOC(=O)OC(C)OC(=O)[C@@H]1N2C(=O)[C@@H](NC(=O)[C@H](N)c3ccccc3)[C@H]2SC1(C)C,1.2958000000000012,0.3465790612399167,137.26000000000002,9,2,465.5280000000002,7,3,0.5238095238095238,32
CHEMBL1584,PIPERACETAZINE,CC(=O)c1ccc2c(c1)N(CCCN1CCC(CCO)CC1)c1ccccc1S2,4.976400000000005,0.6525728569553443,43.78,5,1,410.5830000000001,7,4,0.4583333333333333,29
CHEMBL1585,PIPOBROMAN,O=C(CCBr)N1CCN(C(=O)CCBr)CC1,1.2272,0.7114345138310305,40.620000000000005,2,0,356.058,4,1,0.8,16
CHEMBL1587,POLYTHIAZIDE,CN1C(CSCC(F)(F)F)Nc2cc(Cl)c(S(N)(=O)=O)cc2S1(=O)=O,1.655,0.7378988516920792,109.57,6,2,439.8900000000002,4,2,0.45454545454545453,25
CHEMBL487253,BENDAMUSTINE,Cn1c(CCCC(=O)O)nc2cc(N(CCCl)CCCl)ccc21,3.2646000000000024,0.6993362755354798,58.36000000000001,4,1,358.26900000000006,9,2,0.5,23
CHEMBL1588,THIAMINE,Cc1ncc(C[n+]2csc(CCO)c2C)c(N)n1.[Cl-],-2.388259999999998,0.6180885837075236,75.91,5,2,300.81499999999994,4,2,0.4166666666666667,19
CHEMBL1589,ACETOHEXAMIDE,CC(=O)c1ccc(S(=O)(=O)NC(=O)NC2CCCCC2)cc1,2.2098000000000004,0.8305743326907693,92.34,4,2,324.4020000000001,4,2,0.4666666666666667,22
CHEMBL1590,PSEUDOEPHEDRINE,CN[C@@H](C)[C@@H](O)c1ccccc1,1.3278999999999999,0.7078187228911748,32.26,2,2,165.236,3,1,0.4,12
CHEMBL1591,DEMECLOCYCLINE,CN(C)[C@@H]1C(O)=C(C(N)=O)C(=O)[C@@]2(O)C(O)=C3C(=O)c4c(O)ccc(Cl)c4[C@@H](O)[C@H]3C[C@@H]12,0.2649000000000006,0.3342986617953946,181.61999999999998,9,6,464.8580000000002,2,4,0.38095238095238093,32
CHEMBL1592,QUINAPRIL,CCOC(=O)[C@H](CCc1ccccc1)N[C@@H](C)C(=O)N1Cc2ccccc2C[C@H]1C(=O)O,2.5671,0.5844860779881329,95.94000000000001,5,2,438.5240000000003,9,3,0.4,32
CHEMBL444186,RAZOXANE,CC(CN1CC(=O)NC(=O)C1)N1CC(=O)NC(=O)C1,-2.708299999999996,0.5400927830602834,98.82,6,2,268.27299999999997,3,2,0.6363636363636364,19
CHEMBL1594,PANTOTHENIC ACID,CC(C)(CO)[C@@H](O)C(=O)NCCC(=O)O,-1.0432999999999995,0.4560957521485702,106.86,4,4,219.23699999999997,6,0,0.7777777777777778,15
CHEMBL499915,CARBENOXOLONE,CC1(C)[C@@H](OC(=O)CCC(=O)O)CC[C@]2(C)[C@H]3C(=O)C=C4[C@@H]5C[C@@](C)(C(=O)O)CC[C@]5(C)CC[C@@]4(C)[C@]3(C)CC[C@@H]12,6.828300000000008,0.34792496364812736,117.97000000000001,5,2,570.7670000000003,5,5,0.8235294117647058,41
CHEMBL509924,DIFLUCORTOLONE,C[C@@H]1C[C@H]2[C@@H]3C[C@H](F)C4=CC(=O)C=C[C@]4(C)[C@@]3(F)[C@@H](O)C[C@]2(C)[C@H]1C(=O)CO,2.728800000000001,0.7553196363126068,74.6,4,2,394.4580000000002,2,4,0.7272727272727273,28
CHEMBL1595,DIHYDROCODEINE,COc1ccc2c3c1O[C@H]1[C@@H](O)CC[C@H]4[C@@H](C2)N(C)CC[C@@]341,1.7251,0.857564110359614,41.93,4,1,301.3860000000001,1,5,0.6666666666666666,22
CHEMBL462605,PITOLISANT,Clc1ccc(CCCOCCCN2CCCCC2)cc1,4.165200000000003,0.6676423821298553,12.47,2,0,295.8539999999999,8,2,0.6470588235294118,20
CHEMBL1596,CARBENICILLIN INDANYL,CC1(C)S[C@@H]2[C@H](NC(=O)C(C(=O)Oc3ccc4c(c3)CCC4)c3ccccc3)C(=O)N2[C@H]1C(=O)O,2.4962,0.27458080786087424,113.01,6,2,494.5690000000003,6,5,0.38461538461538464,35
CHEMBL1597,DIMERCAPROL,OCC(S)CS,0.20690000000000003,0.4493996678556496,20.23,3,3,124.23,2,0,1.0,6
CHEMBL1599,CEPHAPIRIN,CC(=O)OCC1=C(C(=O)O)N2C(=O)[C@@H](NC(=O)CSc3ccncc3)[C@H]2SC1,0.4754000000000007,0.3656398276309724,125.89999999999999,8,2,423.4720000000001,7,3,0.35294117647058826,28
CHEMBL1601,CEFONICID,O=C(O)C1=C(CSc2nnnn2CS(=O)(=O)O)CS[C@@H]2[C@H](NC(=O)[C@H](O)c3ccccc3)C(=O)N12,-0.9172999999999991,0.17210207791289023,204.90999999999997,12,4,542.5770000000001,9,4,0.3333333333333333,35
CHEMBL1604,CEPHRADINE,CC1=C(C(=O)O)N2C(=O)[C@@H](NC(=O)[C@H](N)C3=CCC=CC3)[C@H]2SC1,0.34860000000000113,0.4985490439835023,112.73,5,3,349.4120000000001,4,3,0.4375,24
CHEMBL1605,CEFTIBUTEN,Nc1nc(/C(=C/CC(=O)O)C(=O)N[C@@H]2C(=O)N3C(C(=O)O)=CCS[C@H]23)cs1,-0.0481999999999998,0.3718098097586124,162.92,8,4,410.4330000000001,6,3,0.26666666666666666,27
CHEMBL454950,TETRACYCLINE HYDROCHLORIDE,CN(C)[C@@H]1C(O)=C(C(N)=O)C(=O)[C@@]2(O)C(O)=C3C(=O)c4c(O)cccc4[C@@](C)(O)[C@H]3C[C@@H]12.Cl,0.20740000000000103,0.32204439597554185,181.61999999999998,9,6,480.9010000000001,2,4,0.4090909090909091,33
CHEMBL502097,MIPOMERSEN SODIUM,COCCO[C@@H]1[C@H](SP(=O)([O-])OC[C@H]2O[C@@H](n3cc(C)c(=O)[nH]c3=O)[C@H](OCCOC)[C@@H]2SP(=O)([O-])OC[C@H]2O[C@@H](n3cc(C)c(N)nc3=O)[C@H](OCCOC)[C@@H]2SP(=O)([O-])OC[C@H]2O[C@@H](n3cnc4c(N)ncnc43)C[C@@H]2SP(=O)([O-])OC[C@H]2O[C@@H](n3cnc4c(=O)[nH]c(N)nc43)C[C@@H]2SP(=O)([O-])OC[C@H]2O[C@@H](n3cc(C)c(=O)[nH]c3=O)C[C@@H]2SP(=O)([O-])OC[C@H]2O[C@@H](n3cc(C)c(N)nc3=O)C[C@@H]2SP(=O)([O-])OC[C@H]2O[C@@H](n3cc(C)c(=O)[nH]c3=O)C[C@@H]2SP(=O)([O-])OC[C@H]2O[C@@H](n3cnc4c(=O)[nH]c(N)nc43)C[C@@H]2SP(=O)([O-])OC[C@H]2O[C@@H](n3cc(C)c(N)nc3=O)C[C@@H]2SP(=O)([O-])OC[C@H]2O[C@@H](n3cc(C)c(=O)[nH]c3=O)C[C@@H]2SP(=O)([O-])OC[C@H]2O[C@@H](n3cc(C)c(=O)[nH]c3=O)C[C@@H]2SP(=O)([O-])OC[C@H]2O[C@@H](n3cc(C)c(N)nc3=O)C[C@@H]2SP(=O)([O-])OC[C@H]2O[C@@H](n3cnc4c(=O)[nH]c(N)nc43)[C@H](OCCOC)[C@@H]2SP(=O)([O-])OC[C@@H]2O[C@H](n3cc(C)c(N)nc3=O)[C@@H](OCCOC)[C@H]2SP(=O)([O-])OC[C@@H]2O[C@H](n3cnc4c(N)ncnc43)[C@@H](OCCOC)[C@H]2SP(=O)([O-])OC[C@@H]2O[C@H](n3cc(C)c(N)nc3=O)[C@@H](OCCOC)[C@H]2SP(=O)([O-])OC[C@@H]2O[C@H](n3cc(C)c(N)nc3=O)[C@@H](OCCOC)[C@H]2O)[C@@H](COP(=O)([O-])S[C@H]2[C@@H](OCCOC)[C@H](n3cc(C)c(N)nc3=O)O[C@@H]2COP(=O)([O-])S[C@H]2[C@@H](OCCOC)[C@H](n3cnc4c(=O)[nH]c(N)nc43)O[C@@H]2CO)O[C@H]1n1cc(C)c(N)nc1=O.[Na+].[Na+].[Na+].[Na+].[Na+].[Na+].[Na+].[Na+].[Na+].[Na+].[Na+].[Na+].[Na+].[Na+].[Na+].[Na+].[Na+].[Na+].[Na+],-63.94361999999847,0.009560170033907548,2667.59,199,26,7594.905999999991,156,46,0.6260869565217392,476
CHEMBL1607,TOPOTECAN HYDROCHLORIDE,CC[C@@]1(O)C(=O)OCc2c1cc1n(c2=O)Cc2cc3c(CN(C)C)c(O)ccc3nc2-1.Cl,2.2686000000000006,0.4545068709232466,104.89,8,2,457.91400000000016,3,5,0.34782608695652173,32
CHEMBL461101,ELTROMBOPAG,CC1=NN(c2ccc(C)c(C)c2)C(=O)/C1=N\Nc1cccc(-c2cccc(C(=O)O)c2)c1O,4.564840000000005,0.39569275781020385,114.59,6,3,442.47500000000014,5,4,0.12,33
CHEMBL465026,NEFOPAM,CN1CCOC(c2ccccc2)c2ccccc2C1,3.238000000000002,0.7733298315151295,12.47,2,0,253.345,1,3,0.29411764705882354,19
CHEMBL474579,CEFOTETAN,CO[C@@]1(NC(=O)C2SC(=C(C(N)=O)C(=O)O)S2)C(=O)N2C(C(=O)O)=C(CSc3nnnn3C)CS[C@@H]21,-1.3974999999999984,0.06641669832653377,219.92999999999995,14,4,575.6320000000002,9,4,0.4117647058823529,36
CHEMBL514800,APREMILAST,CCOc1cc([C@@H](CS(C)(=O)=O)N2C(=O)c3cccc(NC(C)=O)c3C2=O)ccc1OC,2.4342000000000006,0.6010508245322796,119.08,7,1,460.5080000000002,8,3,0.3181818181818182,32
CHEMBL1609,MANDELIC ACID,O=C(O)C(O)c1ccccc1,0.8046,0.6586905854079069,57.53,2,2,152.149,2,1,0.125,11
CHEMBL1611,PHENYTOIN SODIUM,O=C1N=C([O-])NC1(c1ccccc1)c1ccccc1.[Na+],-2.219699999999998,0.6310501773016779,64.52,3,1,274.255,2,3,0.06666666666666667,20
CHEMBL473159,PHLOROGLUCINOL,Oc1cc(O)cc(O)c1,0.8033999999999999,0.4815450388236752,60.69,3,3,126.11099999999996,0,1,0.0,9
CHEMBL512351,BETRIXABAN,COc1ccc(NC(=O)c2ccc(C(=N)N(C)C)cc2)c(C(=O)Nc2ccc(Cl)cn2)c1,4.135170000000002,0.38545316609716934,107.41000000000001,5,3,451.91400000000016,6,3,0.13043478260869565,32
CHEMBL515387,GOSOGLIPTIN,O=C([C@@H]1C[C@H](N2CCN(c3ncccn3)CC2)CN1)N1CCC(F)(F)C1,0.19670000000000054,0.8244792330819213,64.60000000000001,6,1,366.4160000000001,3,4,0.7058823529411765,26
CHEMBL473417,VISMODEGIB,CS(=O)(=O)c1ccc(C(=O)Nc2ccc(Cl)c(-c3ccccn3)c2)c(Cl)c1,4.7112000000000025,0.6621021756233525,76.13,4,1,421.30500000000006,4,3,0.05263157894736842,27
CHEMBL446061,TROLAMINE,OCCN(CCO)CCO,-1.734699999999999,0.419530358360434,63.93000000000001,4,3,149.19,6,0,1.0,10
CHEMBL491571,DORIPENEM,C[C@@H](O)[C@H]1C(=O)N2C(C(=O)O)=C(S[C@@H]3CN[C@H](CNS(N)(=O)=O)C3)[C@H](C)[C@H]12,-1.6030999999999969,0.307507906873262,162.06,7,5,420.5130000000002,7,3,0.7333333333333333,27
CHEMBL521606,NADOLOL,CC(C)(C)NCC(O)COc1cccc2c1CC(O)C(O)C2,0.6347999999999998,0.641468123492022,81.95,5,4,309.406,5,2,0.6470588235294118,22
CHEMBL359744,DOXORUBICIN HYDROCHLORIDE,COc1cccc2c1C(=O)c1c(O)c3c(c(O)c1C2=O)C[C@@](O)(C(=O)CO)C[C@@H]3O[C@H]1C[C@H](N)[C@H](O)[C@H](C)O1.Cl,0.4230999999999994,0.22743156330268519,206.07,12,6,579.9860000000003,5,5,0.4444444444444444,40
CHEMBL447868,SODIUM SALICYLATE,O=C([O-])c1ccccc1O.[Na+],-3.240299999999999,0.43903436258790457,60.36,3,1,160.10399999999998,1,1,0.0,11
CHEMBL506247,TANNIC ACID,O=C(OC[C@H]1O[C@@H](OC(=O)c2cc(O)c(O)c(OC(=O)c3cc(O)c(O)c(O)c3)c2)[C@H](OC(=O)c2cc(O)c(O)c(OC(=O)c3cc(O)c(O)c(O)c3)c2)[C@@H](OC(=O)c2cc(O)c(O)c(OC(=O)c3cc(O)c(O)c(O)c3)c2)[C@@H]1OC(=O)c1cc(O)c(O)c(OC(=O)c2cc(O)c(O)c(O)c2)c1)c1cc(O)c(O)c(OC(=O)c2cc(O)c(O)c(O)c2)c1,4.838100000000016,0.01979820055574047,777.9800000000005,46,25,1701.2060000000006,21,11,0.07894736842105263,122
CHEMBL506569,LANATOSIDE C,CC(=O)O[C@H]1C[C@H](O[C@H]2[C@@H](O)C[C@H](O[C@H]3[C@@H](O)C[C@H](O[C@H]4CC[C@@]5(C)[C@H](CC[C@@H]6[C@@H]5C[C@@H](O)[C@]5(C)[C@@H](C7=CC(=O)OC7)CC[C@]65O)C4)O[C@@H]3C)O[C@@H]2C)O[C@H](C)[C@H]1O[C@@H]1O[C@H](CO)[C@@H](O)[C@H](O)[C@H]1O,0.6131000000000075,0.10399352567221964,288.28,20,8,985.1270000000004,11,9,0.9183673469387755,69
CHEMBL1614,DESLANOSIDE,C[C@H]1O[C@@H](O[C@H]2CC[C@@]3(C)[C@H](CC[C@@H]4[C@@H]3C[C@@H](O)[C@]3(C)[C@@H](C5=CC(=O)OC5)CC[C@]43O)C2)C[C@H](O)[C@@H]1O[C@H]1C[C@H](O)[C@H](O[C@H]2C[C@H](O)[C@H](O[C@@H]3O[C@H](CO)[C@@H](O)[C@H](O)[C@H]3O)[C@@H](C)O2)[C@@H](C)O1,0.04230000000000822,0.10331025430662995,282.21,19,9,943.0900000000007,10,9,0.9361702127659575,66
CHEMBL457299,MACROGOL,OCCO,-1.0290000000000001,0.40752789066641704,40.46,2,2,62.068000000000005,1,0,1.0,4
CHEMBL1617,RIFAXIMIN,CO[C@H]1/C=C/O[C@@]2(C)Oc3c(C)c(O)c4c(O)c(c5c(nc6cc(C)ccn65)c4c3C2=O)NC(=O)/C(C)=C\C=C\[C@H](C)[C@H](O)[C@@H](C)[C@@H](O)[C@@H](C)[C@H](OC(C)=O)[C@@H]1C,6.157840000000009,0.11485548301223952,198.37999999999997,13,5,785.8910000000003,2,6,0.4418604651162791,57
CHEMBL1618,CEFAMANDOLE NAFATE,Cn1nnnc1SCC1=C(C(=O)[O-])N2C(=O)[C@@H](NC(=O)[C@H](OC=O)c3ccccc3)[C@H]2SC1.[Na+],-4.375599999999993,0.14964679479051743,159.43999999999997,12,1,512.5050000000001,9,4,0.3157894736842105,34
CHEMBL1619,CLADRIBINE,Nc1nc(Cl)nc2c1ncn2[C@H]1C[C@H](O)[C@@H](CO)O1,-0.29740000000000044,0.6481668237451135,119.31000000000002,8,3,285.69100000000003,2,3,0.5,19
CHEMBL1620,DIPHENHYDRAMINE HYDROCHLORIDE,CN(C)CCOC(c1ccccc1)c1ccccc1.Cl,3.776000000000004,0.803057891281749,12.47,2,0,291.822,6,2,0.29411764705882354,20
CHEMBL1621,PALIPERIDONE,Cc1nc2n(c(=O)c1CCN1CCC(c3noc4cc(F)ccc34)CC1)CCCC2O,3.081320000000002,0.6902887957170618,84.39,7,1,426.49200000000025,4,5,0.5217391304347826,31
CHEMBL1622,FOLIC ACID,Nc1nc(=O)c2nc(CNc3ccc(C(=O)N[C@@H](CCC(=O)O)C(=O)O)cc3)cnc2[nH]1,-0.04479999999999945,0.25885401450618384,213.27999999999994,9,6,441.40400000000017,9,3,0.21052631578947367,32
CHEMBL524004,MEPENZOLATE,C[N+]1(C)CCCC(OC(=O)C(O)(c2ccccc2)c2ccccc2)C1,2.7045000000000012,0.6875579142294286,46.53,3,1,340.4430000000001,4,3,0.38095238095238093,25
CHEMBL1623,MECLIZINE,Cc1cccc(CN2CCN(C(c3ccccc3)c3ccc(Cl)cc3)CC2)c1,5.555620000000006,0.5626410757187412,6.48,2,0,390.9580000000002,5,4,0.28,28
CHEMBL1624,LEVOTHYROXINE,N[C@@H](Cc1cc(I)c(Oc2cc(I)c(O)c(I)c2)c(I)c1)C(=O)O,4.5573000000000015,0.38815663223607033,92.78000000000002,4,3,776.8720000000001,5,2,0.13333333333333333,24
CHEMBL1625,OXYBENZONE,COc1ccc(C(=O)c2ccccc2)c(O)c1,2.631800000000001,0.8212834753282111,46.53,3,1,228.247,3,2,0.07142857142857142,17
CHEMBL1626,CLEMASTINE,CN1CCC[C@@H]1CCO[C@](C)(c1ccccc1)c1ccc(Cl)cc1,5.104400000000005,0.7227145221154115,12.47,2,0,343.898,6,3,0.42857142857142855,24
CHEMBL521686,OLAPARIB,O=C(c1cc(Cc2n[nH]c(=O)c3ccccc23)ccc1F)N1CCN(C(=O)C2CC2)CC1,2.3474000000000004,0.6830916301031819,86.37,4,1,434.47100000000034,4,5,0.3333333333333333,32
CHEMBL493287,GLUCOSAMINE,N[C@H]1C(O)O[C@H](CO)[C@@H](O)[C@@H]1O,-3.2549999999999994,0.28843989800463615,116.17000000000002,6,5,179.17200000000003,1,1,1.0,12
CHEMBL518520,RALTEGRAVIR POTASSIUM,Cc1nnc(C(=O)NC(C)(C)c2nc(C(=O)NCc3ccc(F)cc3)c([O-])c(=O)n2C)o1.[K+],-2.716479999999997,0.35934211270007405,155.07,9,2,482.5130000000002,6,3,0.3,33
CHEMBL443605,HEXYLRESORCINOL,CCCCCCc1ccc(O)cc1O,3.2206000000000023,0.7064082483225956,40.46,2,2,194.274,5,1,0.5,14
CHEMBL459324,DIACETYLMORPHINE,CC(=O)Oc1ccc2c3c1O[C@H]1[C@@H](OC(C)=O)C=C[C@H]4[C@@H](C2)N(C)CC[C@@]341,1.9886,0.4513002015208058,65.07000000000001,6,0,369.41700000000014,2,5,0.5238095238095238,27
CHEMBL522038,XIMELAGATRAN,CCOC(=O)CN[C@@H](C(=O)N1CC[C@H]1C(=O)NCc1ccc(/C(N)=N\O)cc1)C1CCCCC1,1.099800000000003,0.13080898105232214,146.35,7,4,473.5740000000003,10,3,0.5833333333333334,34
CHEMBL1632,CEPHALOTHIN SODIUM,CC(=O)OCC1=C(C(=O)[O-])N2C(=O)[C@@H](NC(=O)Cc3cccs3)[C@H]2SC1.[Na+],-3.738399999999995,0.28680468288279504,115.84,8,1,418.4280000000001,6,3,0.375,27
CHEMBL1633,KETOTIFEN FUMARATE,CN1CCC(=C2c3ccccc3CC(=O)c3sccc32)CC1.O=C(O)/C=C/C(=O)O,3.7262000000000013,0.7122908098412754,94.91000000000001,5,2,425.5060000000002,2,4,0.2608695652173913,30
CHEMBL467058,LANINAMIVIR OCTANOATE,CCCCCCCC(=O)OC[C@@H](O)[C@@H](OC)[C@@H]1OC(C(=O)O)=C[C@H](NC(=N)N)[C@H]1NC(C)=O,-0.010329999999994788,0.0866164266696187,193.29000000000002,8,6,472.53900000000016,14,1,0.7142857142857143,33
CHEMBL466659,PENTAERYTHRITOL TETRANITRATE,O=[N+]([O-])OCC(CO[N+](=O)[O-])(CO[N+](=O)[O-])CO[N+](=O)[O-],-1.1939999999999997,0.30676486910754824,209.48,12,0,316.135,12,0,1.0,21
CHEMBL1637,GEMCITABINE HYDROCHLORIDE,Cl.Nc1ccn([C@@H]2O[C@H](CO)[C@@H](O)C2(F)F)c(=O)n1,-0.8668,0.6547976969462345,110.60000000000001,7,3,299.66100000000006,2,2,0.5555555555555556,19
CHEMBL1639,ALISKIREN,COCCCOc1cc(C[C@@H](C[C@H](N)[C@@H](O)C[C@H](C(=O)NCC(C)(C)C(N)=O)C(C)C)C(C)C)ccc1OC,3.2935000000000043,0.19299410257077063,146.13,7,4,551.7690000000003,19,1,0.7333333333333333,39
CHEMBL1640,TRYPAN BLUE,Cc1cc(-c2ccc(/N=N/c3c(S(=O)(=O)[O-])cc4cc(S(=O)(=O)[O-])cc(N)c4c3O)c(C)c2)ccc1/N=N/c1c(S(=O)(=O)[O-])cc2cc(S(=O)(=O)[O-])cc(N)c2c1O.[Na+].[Na+].[Na+].[Na+],-6.6843600000000025,0.04528977720552377,370.74,20,4,960.8220000000001,9,6,0.058823529411764705,62
CHEMBL1641,HYDROCORTISONE PHOSPHORIC ACID,C[C@]12CCC(=O)C=C1CC[C@@H]1[C@@H]2[C@@H](O)C[C@@]2(C)[C@H]1CC[C@]2(O)C(=O)COP(=O)(O)O,1.8986,0.4839209730150783,141.36,6,4,442.4450000000002,4,4,0.8095238095238095,30
CHEMBL485253,METHYSERGIDE,CCC(CO)NC(=O)[C@@H]1C=C2c3cccc4c3c(cn4C)C[C@H]2N(C)C1,1.9351,0.8831423888921255,57.5,4,2,353.4660000000001,4,4,0.47619047619047616,26
CHEMBL1642,IMATINIB MESYLATE,CS(=O)(=O)O.Cc1ccc(NC(=O)c2ccc(CN3CCN(C)CC3)cc2)cc1Nc1nccc(-c2cccnc2)n1,4.094320000000002,0.2699949784744892,140.64999999999998,9,3,589.7220000000003,7,5,0.26666666666666666,42
CHEMBL1643,RIBAVIRIN,NC(=O)c1ncn([C@@H]2O[C@H](CO)[C@@H](O)[C@H]2O)n1,-3.0114999999999994,0.44284203167437103,143.72000000000003,8,4,244.20700000000002,3,2,0.625,17
CHEMBL1644,CEFADROXIL,CC1=C(C(=O)O)N2C(=O)[C@@H](NC(=O)[C@H](N)c3ccc(O)cc3)[C@H]2SC1,0.15050000000000108,0.5597037383059922,132.96,6,4,363.3950000000001,4,3,0.3125,25
CHEMBL494753,ESTRONE SULFURIC ACID,C[C@]12CC[C@@H]3c4ccc(OS(=O)(=O)O)cc4CC[C@H]3[C@@H]1CCC2=O,3.293400000000002,0.8279121640505417,80.67000000000002,4,1,350.43600000000015,2,4,0.6111111111111112,24
CHEMBL1646,INDOCYANINE GREEN,CC1(C)C(/C=C/C=C/C=C/C=C2\N(CCCCS(=O)(=O)[O-])c3ccc4ccccc4c3C2(C)C)=[N+](CCCCS(=O)(=O)[O-])c2ccc3ccccc3c21.[Na+],5.374300000000005,0.05556123580137446,120.65,7,0,774.981,14,6,0.32558139534883723,54
CHEMBL1648,ISRADIPINE,COC(=O)C1=C(C)NC(C)=C(C(=O)OC(C)C)C1c1cccc2nonc12,2.5822000000000003,0.8181000978992072,103.55,8,1,371.3930000000001,4,3,0.3684210526315789,27
CHEMBL493982,VORAPAXAR,CCOC(=O)N[C@@H]1CC[C@@H]2[C@@H](C1)C[C@H]1C(=O)O[C@H](C)[C@H]1[C@H]2/C=C/c1ccc(-c2cccc(F)c2)cn1,5.6295000000000055,0.5476460146101547,77.52,5,1,492.5910000000001,5,5,0.4827586206896552,36
CHEMBL1650,CORTISONE ACETATE,CC(=O)OCC(=O)[C@@]1(O)CC[C@H]2[C@@H]3CCC4=CC(=O)CC[C@]4(C)[C@H]3C(=O)C[C@@]21C,2.560600000000001,0.7288385619310164,97.74000000000001,6,1,402.48700000000025,3,4,0.7391304347826086,29
CHEMBL477772,PAZOPANIB,Cc1ccc(Nc2nccc(N(C)c3ccc4c(C)n(C)nc4c3)n2)cc1S(N)(=O)=O,3.1390400000000005,0.4921501033338167,119.03,8,2,437.52900000000017,5,4,0.19047619047619047,31
CHEMBL1652,AMBENONIUM,CC[N+](CC)(CCNC(=O)C(=O)NCC[N+](CC)(CC)Cc1ccccc1Cl)Cc1ccccc1Cl,4.639200000000005,0.2726617298998794,58.2,2,2,537.5760000000002,14,2,0.5,36
CHEMBL476960,VOGLIBOSE,OCC(CO)N[C@H]1C[C@](O)(CO)[C@@H](O)[C@H](O)[C@H]1O,-4.492399999999994,0.24788620199052747,153.64,8,8,267.278,5,1,1.0,18
CHEMBL501867,VINCRISTINE SULFATE,CC[C@]1(O)C[C@H]2CN(CCc3c([nH]c4ccccc34)[C@@](C(=O)OC)(c3cc4c(cc3OC)N(C=O)[C@H]3[C@@](O)(C(=O)OC)[C@H](OC(C)=O)[C@]5(CC)C=CCN6CC[C@]43[C@@H]65)C2)C1.O=S(=O)(O)O,2.8647000000000036,0.07170803192852135,245.76999999999995,14,5,923.051,8,9,0.5652173913043478,65
CHEMBL1653,PHENIRAMINE MALEATE,CN(C)CCC(c1ccccc1)c1ccccn1.O=C(O)/C=C\C(=O)O,2.877,0.7414956838610092,90.73,4,2,356.42200000000014,7,2,0.25,26
CHEMBL450449,TRABECTEDIN,COc1cc2c(cc1O)CCN[C@]21CS[C@@H]2c3c(OC(C)=O)c(C)c4c(c3[C@H](COC1=O)N1[C@@H]2[C@H]2c3c(cc(C)c(OC)c3O)C[C@@H]([C@@H]1O)N2C)OCO4,3.413240000000002,0.22630334308273858,168.72,15,4,761.8500000000001,3,10,0.48717948717948717,54
CHEMBL1654,RISEDRONATE SODIUM,O=P([O-])(O)C(O)(Cc1cccnc1)P(=O)(O)O.[Na+],-4.002399999999999,0.3243716800627579,151.01,5,4,305.095,4,1,0.2857142857142857,18
CHEMBL1655,TOREMIFENE,CN(C)CCOc1ccc(/C(=C(/CCCl)c2ccccc2)c2ccccc2)cc1,6.215000000000006,0.30945335399668383,12.47,2,0,405.969,9,3,0.23076923076923078,29
CHEMBL1657,TAZAROTENE,CCOC(=O)c1ccc(C#Cc2ccc3c(c2)C(C)(C)CCS3)nc1,4.431500000000004,0.5925551443407949,39.19,4,0,351.47100000000006,2,3,0.3333333333333333,25
CHEMBL1658,RETAPAMULIN,C=C[C@]1(C)C[C@@H](OC(=O)CS[C@@H]2C[C@H]3CC[C@@H](C2)N3C)[C@]2(C)[C@H](C)CC[C@]3(CCC(=O)[C@H]32)[C@@H](C)[C@@H]1O,5.251300000000007,0.3968262654096404,66.84,6,1,517.7760000000004,5,5,0.8666666666666667,36
CHEMBL1659,CHLORPHENIRAMINE MALEATE,CN(C)CCC(c1ccc(Cl)cc1)c1ccccn1.O=C(O)/C=C\C(=O)O,3.5304,0.702606427782716,90.73,4,2,390.86700000000013,7,2,0.25,27
CHEMBL453514,SPIRAMYCIN,CO[C@@H]1[C@@H](O[C@@H]2O[C@H](C)[C@@H](O[C@H]3C[C@@](C)(O)[C@@H](O)[C@H](C)O3)[C@H](N(C)C)[C@H]2O)[C@@H](CC=O)C[C@@H](C)[C@@H](O[C@H]2CC[C@H](N(C)C)[C@@H](C)O2)/C=C/C=C/C[C@@H](C)OC(=O)C[C@H]1O,2.3251000000000093,0.1747493275936287,195.37999999999997,16,4,843.0649999999999,11,4,0.8604651162790697,59
CHEMBL507870,TELAVANCIN,CCCCCCCCCCNCCN[C@@]1(C)C[C@H](O[C@H]2[C@H](Oc3c4cc5cc3Oc3ccc(cc3Cl)[C@@H](O)[C@@H](NC(=O)[C@@H](CC(C)C)NC)C(=O)N[C@@H](CC(N)=O)C(=O)N[C@H]5C(=O)N[C@H]3C(=O)N[C@H](C(=O)N[C@H](C(=O)O)c5cc(O)c(CNCP(=O)(O)O)c(O)c5-c5cc3ccc5O)[C@H](O)c3ccc(c(Cl)c3)O4)O[C@H](CO)[C@@H](O)[C@@H]2O)O[C@@H](C)[C@H]1O,2.692200000000017,0.023203451841293275,598.0900000000001,28,23,1755.6580000000004,30,12,0.525,121
CHEMBL501122,CEFTAROLINE FOSAMIL,CCO/N=C(\C(=O)N[C@@H]1C(=O)N2C(C(=O)[O-])=C(Sc3nc(-c4cc[n+](C)cc4)cs3)CS[C@H]12)c1nsc(NP(=O)(O)O)n1,-0.11499999999999982,0.06802350181154992,223.23999999999995,14,4,684.7000000000002,11,5,0.2727272727272727,43
CHEMBL1660,RIFAPENTINE,CO[C@H]1/C=C/O[C@@]2(C)Oc3c(C)c(O)c4c(O)c(c(/C=N/N5CCN(C6CCCC6)CC5)c(O)c4c3C2=O)NC(=O)/C(C)=C\C=C\[C@H](C)[C@H](O)[C@@H](C)[C@@H](O)[C@@H](C)[C@H](OC(C)=O)[C@@H]1C,5.6482200000000065,0.09263818792629527,220.14999999999995,15,6,877.0450000000004,5,7,0.574468085106383,63
CHEMBL1661,LACTITOL,OC[C@@H](O)[C@@H](O[C@@H]1O[C@H](CO)[C@H](O)[C@H](O)[C@H]1O)[C@H](O)[C@@H](O)CO,-5.761199999999992,0.2029803994672465,200.52999999999997,11,9,344.3130000000001,8,1,1.0,23
CHEMBL498847,SECNIDAZOLE,Cc1ncc([N+](=O)[O-])n1CC(C)O,0.4805199999999999,0.5481589825040829,81.19,5,1,185.183,3,1,0.5714285714285714,13
CHEMBL1663,PERFLUTREN,FC(F)(F)C(F)(F)C(F)(F)F,2.7462999999999997,0.5123885421431201,0.0,0,0,188.017,0,0,1.0,11
CHEMBL523299,UMECLIDINIUM BROMIDE,OC(c1ccccc1)(c1ccccc1)C12CC[N+](CCOCc3ccccc3)(CC1)CC2.[Br-],2.1439999999999992,0.3735182401106017,29.46,2,1,508.5000000000003,8,6,0.3793103448275862,33
CHEMBL483254,PANOBINOSTAT,Cc1[nH]c2ccccc2c1CCNCc1ccc(/C=C/C(=O)NO)cc1,3.3272200000000014,0.22867159767800987,77.15,3,4,349.43399999999997,7,3,0.19047619047619047,26
CHEMBL489411,AMOROLFINE,CCC(C)(C)c1ccc(CC(C)CN2C[C@@H](C)O[C@@H](C)C2)cc1,4.662000000000004,0.7562509669580478,12.47,2,0,317.517,6,2,0.7142857142857143,23
CHEMBL1664,FOSAMPRENAVIR,CC(C)CN(C[C@@H](OP(=O)(O)O)[C@H](Cc1ccccc1)NC(=O)O[C@H]1CCOC1)S(=O)(=O)c1ccc(N)cc1,2.5198,0.20168648332543115,177.72,8,4,585.6160000000002,13,3,0.48,39
CHEMBL525610,TERIPARATIDE,CC[C@H](C)[C@H](NC(=O)[C@H](CCC(=O)O)NC(=O)[C@H](CO)NC(=O)[C@@H](NC(=O)[C@@H](N)CO)C(C)C)C(=O)N[C@@H](CCC(N)=O)C(=O)N[C@@H](CC(C)C)C(=O)N[C@@H](CCSC)C(=O)N[C@@H](Cc1cnc[nH]1)C(=O)N[C@@H](CC(N)=O)C(=O)N[C@@H](CC(C)C)C(=O)NCC(=O)N[C@@H](CCCCN)C(=O)N[C@@H](Cc1cnc[nH]1)C(=O)N[C@@H](CC(C)C)C(=O)N[C@@H](CC(N)=O)C(=O)N[C@@H](CO)C(=O)N[C@@H](CCSC)C(=O)N[C@@H](CCC(=O)O)C(=O)N[C@@H](CCCNC(=N)N)C(=O)N[C@H](C(=O)N[C@@H](CCC(=O)O)C(=O)N[C@@H](Cc1c[nH]c2ccccc12)C(=O)N[C@@H](CC(C)C)C(=O)N[C@@H](CCCNC(=N)N)C(=O)N[C@@H](CCCCN)C(=O)N[C@@H](CCCCN)C(=O)N[C@@H](CC(C)C)C(=O)N[C@@H](CCC(N)=O)C(=O)N[C@@H](CC(=O)O)C(=O)N[C@H](C(=O)N[C@@H](Cc1cnc[nH]1)C(=O)N[C@@H](CC(N)=O)C(=O)N[C@@H](Cc1ccccc1)C(=O)O)C(C)C)C(C)C,-15.2402600000003,0.00957634366358822,1752.6499999999985,57,60,4117.786999999987,144,6,0.6243093922651933,289
CHEMBL486696,DOMIPHEN BROMIDE,CCCCCCCCCCCC[N+](C)(C)CCOc1ccccc1.[Br-],3.0667000000000018,0.31670158942956933,9.23,1,0,414.472,15,1,0.7272727272727273,25
CHEMBL457547,MICAFUNGIN,CCCCCOc1ccc(-c2cc(-c3ccc(C(=O)N[C@H]4C[C@@H](O)[C@@H](O)NC(=O)[C@@H]5[C@@H](O)[C@@H](C)CN5C(=O)[C@H]([C@H](O)CC(N)=O)NC(=O)[C@H]([C@H](O)[C@@H](O)c5ccc(O)c(OS(=O)(=O)O)c5)NC(=O)[C@@H]5C[C@@H](O)CN5C(=O)[C@H]([C@@H](C)O)NC4=O)cc3)no2)cc1,-3.9019999999999966,0.03343966617063972,510.14,23,16,1270.2910000000004,18,7,0.48214285714285715,89
CHEMBL1668,RESCINNAMINE,COC(=O)[C@H]1[C@H]2C[C@@H]3c4[nH]c5cc(OC)ccc5c4CCN3C[C@H]2C[C@@H](OC(=O)/C=C/c2cc(OC)c(OC)c(OC)c2)[C@@H]1OC,4.570700000000004,0.2650263928374025,117.78000000000003,10,1,634.7260000000003,9,6,0.4857142857142857,46
CHEMBL464982,GAMOLENIC ACID,CCCCC/C=C\C/C=C\C/C=C\CCCCC(=O)O,5.660500000000005,0.3484104486085374,37.3,1,1,278.4359999999999,13,0,0.6111111111111112,20
CHEMBL459265,HEXAMETHYL PARAROSANILINE,CN(C)c1ccc(C(=C2C=CC(=[N+](C)C)C=C2)c2ccc(N(C)C)cc2)cc1,4.4596000000000044,0.7332076636758533,9.49,2,0,372.53600000000006,4,3,0.24,28
CHEMBL1670,MITOTANE,Clc1ccc(C(c2ccccc2Cl)C(Cl)Cl)cc1,5.929000000000002,0.6150214671313037,0.0,0,0,320.04600000000005,3,2,0.14285714285714285,18
CHEMBL1671,PROPRANOLOL HYDROCHLORIDE,CC(C)NCC(O)COc1cccc2ccccc12.Cl,2.999300000000001,0.8606826609080008,41.489999999999995,3,2,295.81,6,2,0.375,20
CHEMBL1672,CEFPODOXIME,COCC1=C(C(=O)O)N2C(=O)[C@@H](NC(=O)/C(=N\OC)c3csc(N)n3)[C@H]2SC1,-0.539199999999999,0.2952921043536589,156.44,10,3,427.4640000000001,7,3,0.4,28
CHEMBL454446,CEFDITOREN PIVOXIL,CO/N=C(\C(=O)N[C@@H]1C(=O)N2C(C(=O)OCOC(=O)C(C)(C)C)=C(/C=C\c3scnc3C)CS[C@H]12)c1csc(N)n1,2.2981199999999986,0.13831685783482067,175.40000000000003,14,2,620.735,9,4,0.4,41
CHEMBL1675,VITAMIN A PALMITATE,CCCCCCCCCCCCCCCC(=O)OC/C=C(C)/C=C/C=C(C)/C=C/C1=C(C)CCCC1(C)C,11.542499999999986,0.08987434515285701,26.3,2,0,524.8740000000004,20,1,0.6944444444444444,38
CHEMBL1676,FLUTICASONE FUROATE,C[C@@H]1C[C@H]2[C@@H]3C[C@H](F)C4=CC(=O)C=C[C@]4(C)[C@@]3(F)[C@@H](O)C[C@]2(C)[C@@]1(OC(=O)c1ccco1)C(=O)SCF,4.9268000000000045,0.5437695227604175,93.81,7,1,538.5840000000003,4,5,0.5925925925925926,37
CHEMBL1677,TACRINE HYDROCHLORIDE,Cl.Nc1c2c(nc3ccccc13)CCCC2,3.1176000000000013,0.7608532205240113,38.91,2,1,234.72999999999996,0,3,0.3076923076923077,16
CHEMBL1678,DONEPEZIL HYDROCHLORIDE,COc1cc2c(cc1OC)C(=O)C(CC1CCN(Cc3ccccc3)CC1)C2.Cl,4.782900000000006,0.679924189657892,38.77,4,0,415.9610000000002,6,4,0.4583333333333333,29
CHEMBL507674,CEFOPERAZONE,CCN1CCN(C(=O)N[C@@H](C(=O)N[C@@H]2C(=O)N3C(C(=O)O)=C(CSc4nnnn4C)CS[C@H]23)c2ccc(O)cc2)C(=O)C1=O,-1.1119999999999965,0.14453824042940433,220.25999999999996,13,4,645.6800000000003,9,5,0.4,44
CHEMBL525076,ENFUVIRTIDE,CC[C@H](C)[C@H](NC(=O)[C@H](CC(C)C)NC(=O)[C@H](CO)NC(=O)[C@H](Cc1cnc[nH]1)NC(=O)[C@@H](NC(=O)[C@H](CC(C)C)NC(=O)[C@H](CO)NC(=O)[C@@H](NC(=O)[C@H](Cc1ccc(O)cc1)NC(C)=O)[C@@H](C)O)[C@@H](C)CC)C(=O)N[C@@H](CCC(=O)O)C(=O)N[C@@H](CCC(=O)O)C(=O)N[C@@H](CO)C(=O)N[C@@H](CCC(N)=O)C(=O)N[C@@H](CC(N)=O)C(=O)N[C@@H](CCC(N)=O)C(=O)N[C@@H](CCC(N)=O)C(=O)N[C@@H](CCC(=O)O)C(=O)N[C@@H](CCCCN)C(=O)N[C@@H](CC(N)=O)C(=O)N[C@@H](CCC(=O)O)C(=O)N[C@@H](CCC(N)=O)C(=O)N[C@@H](CCC(=O)O)C(=O)N[C@@H](CC(C)C)C(=O)N[C@@H](CC(C)C)C(=O)N[C@@H](CCC(=O)O)C(=O)N[C@@H](CC(C)C)C(=O)N[C@@H](CC(=O)O)C(=O)N[C@@H](CCCCN)C(=O)N[C@@H](Cc1c[nH]c2ccccc12)C(=O)N[C@@H](C)C(=O)N[C@@H](CO)C(=O)N[C@@H](CC(C)C)C(=O)N[C@@H](Cc1c[nH]c2ccccc12)C(=O)N[C@@H](CC(N)=O)C(=O)N[C@@H](Cc1c[nH]c2ccccc12)C(=O)N[C@@H](Cc1ccccc1)C(N)=O,-15.378400000000333,0.01574252821534243,1902.889999999998,60,63,4491.944999999988,151,9,0.5588235294117647,319
CHEMBL1679,LEUCOVORIN,Nc1nc(=O)c2c([nH]1)NCC(CNc1ccc(C(=O)N[C@@H](CCC(=O)O)C(=O)O)cc1)N2C=O,-0.7310999999999974,0.21313148229853152,219.83999999999997,9,7,473.4460000000002,10,3,0.3,34
CHEMBL1680,OCTREOTIDE,C[C@@H](O)[C@@H]1NC(=O)[C@H](CCCCN)NC(=O)[C@@H](Cc2c[nH]c3ccccc23)NC(=O)[C@H](Cc2ccccc2)NC(=O)[C@@H](NC(=O)[C@H](N)Cc2ccccc2)CSSC[C@@H](C(=O)N[C@H](CO)[C@@H](C)O)NC1=O,-0.8053999999999897,0.045517553484694905,332.21999999999997,14,13,1019.2609999999999,17,5,0.4489795918367347,71
CHEMBL502135,XYLOSE,OC1OC[C@@H](O)[C@H](O)[C@H]1O,-2.5823000000000005,0.3042503204978373,90.15,5,4,150.13,0,1,1.0,10
CHEMBL1681,IODOHIPPURATE,O=C(O)CNC(=O)c1ccccc1I,1.1055999999999995,0.8221065399859238,66.4,2,2,305.071,3,1,0.1111111111111111,14
CHEMBL1682,SORBITOL,OC[C@@H](O)[C@@H](O)[C@H](O)[C@@H](O)CO,-3.5854000000000004,0.2612626527203185,121.38000000000001,6,6,182.172,5,0,1.0,12
CHEMBL490665,NALFURAFINE HYDROCHLORIDE,CN(C(=O)/C=C/c1ccoc1)[C@@H]1CC[C@@]2(O)[C@H]3Cc4ccc(O)c5c4[C@@]2(CCN3CC2CC2)[C@H]1O5.Cl,3.511500000000003,0.5962135806122049,86.38000000000001,6,2,513.0340000000003,5,7,0.5357142857142857,36
CHEMBL1683,HYDROCORTISONE BUTYRATE,CCCC(=O)O[C@]1(C(=O)CO)CC[C@H]2[C@@H]3CCC4=CC(=O)CC[C@]4(C)[C@H]3[C@@H](O)C[C@@]21C,3.132600000000002,0.6475279981236738,100.90000000000002,6,2,432.5570000000002,5,4,0.8,31
CHEMBL514446,DEHYDROCHOLIC ACID,C[C@H](CCC(=O)O)[C@H]1CC[C@H]2[C@@H]3C(=O)C[C@@H]4CC(=O)CC[C@]4(C)[C@H]3CC(=O)[C@]12C,4.073300000000003,0.7655240247039157,88.50999999999999,4,1,402.53100000000023,4,4,0.8333333333333334,29
CHEMBL502182,ELAGOLIX SODIUM,COc1cccc(-c2c(C)n(Cc3c(F)cccc3C(F)(F)F)c(=O)n(C[C@H](NCCCC(=O)[O-])c3ccccc3)c2=O)c1F.[Na+],1.204319999999999,0.14016114870745644,105.38999999999999,8,1,653.5800000000004,12,4,0.28125,46
CHEMBL1684,BENDROFLUMETHIAZIDE,NS(=O)(=O)c1cc2c(cc1C(F)(F)F)NC(Cc1ccccc1)NS2(=O)=O,1.6254000000000004,0.6961649733786912,118.35999999999999,5,3,421.4220000000001,3,3,0.2,27
CHEMBL503160,FUMARIC ACID,O=C(O)/C=C/C(=O)O,-0.28819999999999985,0.4859839100851221,74.6,2,2,116.07199999999999,2,0,0.0,8
CHEMBL508102,CARBIMAZOLE,CCOC(=O)n1ccn(C)c1=S,1.56069,0.6243484453464476,36.16,5,0,186.236,1,1,0.42857142857142855,12
CHEMBL1685,DEZOCINE,C[C@@]12CCCCC[C@@H](Cc3ccc(O)cc31)[C@@H]2N,3.113600000000001,0.7374329703078921,46.25,2,2,245.366,0,3,0.625,18
CHEMBL515408,MARIBAVIR,CC(C)Nc1nc2cc(Cl)c(Cl)cc2n1[C@H]1O[C@@H](CO)[C@H](O)[C@@H]1O,1.7748999999999993,0.6493088431254908,99.77000000000001,7,4,376.24000000000007,4,3,0.5333333333333333,24
CHEMBL484785,CRISABOROLE,N#Cc1ccc(Oc2ccc3c(c2)COB3O)cc1,1.5682799999999997,0.8225758081895174,62.480000000000004,4,1,251.04999999999998,2,3,0.07142857142857142,19
CHEMBL451887,CARFILZOMIB,CC(C)C[C@H](NC(=O)[C@H](CCc1ccccc1)NC(=O)CN1CCOCC1)C(=O)N[C@@H](Cc1ccccc1)C(=O)N[C@@H](CC(C)C)C(=O)[C@@]1(C)CO1,2.583500000000007,0.15223408493908502,158.47,8,4,719.9240000000002,20,4,0.575,52
CHEMBL502835,NINTEDANIB,COC(=O)c1ccc2c(c1)NC(=O)/C2=C(\Nc1ccc(N(C)C(=O)CN2CCN(C)CC2)cc1)c1ccccc1,3.6159000000000026,0.34997926244425176,94.21999999999997,7,2,539.6360000000004,7,5,0.25806451612903225,40
CHEMBL1689,TOLAZOLINE HYDROCHLORIDE,Cl.c1ccc(CC2=NCCN2)cc1,1.6525999999999996,0.7646323876371975,24.39,2,1,196.681,2,2,0.3,13
CHEMBL1690,HYDROXYCHLOROQUINE SULFATE,CCN(CCO)CCCC(C)Nc1ccnc2cc(Cl)ccc12.O=S(=O)(O)O,3.1302000000000003,0.4445646399161154,122.99000000000001,6,4,433.95800000000014,9,2,0.5,28
CHEMBL588046,QUININE HYDROCHLORIDE,C=C[C@H]1CN2CC[C@H]1C[C@H]2[C@H](O)c1ccnc2ccc(OC)cc12.Cl,3.595000000000003,0.846143076289084,45.59,4,1,360.88500000000005,4,5,0.45,25
CHEMBL535650,MEFLOQUINE HYDROCHLORIDE,Cl.OC(c1cc(C(F)(F)F)nc2c(C(F)(F)F)cccc12)C1CCCCN1,4.869700000000003,0.6891157276739135,45.150000000000006,3,2,414.77700000000016,2,3,0.47058823529411764,27
CHEMBL1691,BETAXOLOL HYDROCHLORIDE,CC(C)NCC(O)COc1ccc(CCOCC2CC2)cc1.Cl,2.8152000000000013,0.606569080084936,50.72,4,2,343.89500000000004,11,2,0.6666666666666666,23
CHEMBL542541,HYDRALAZINE HYDROCHLORIDE,Cl.NNc1nncc2ccccc12,1.3372,0.5338127117344065,63.83,4,2,196.64100000000002,1,2,0.0,13
CHEMBL544665,FINGOLIMOD HYDROCHLORIDE,CCCCCCCCc1ccc(CCC(N)(CO)CO)cc1.Cl,3.6261000000000023,0.5076106958791712,66.48,3,3,343.939,12,1,0.6842105263157895,23
CHEMBL544428,MIANSERIN HYDROCHLORIDE,CN1CCN2c3ccccc3Cc3ccccc3C2C1.Cl,3.505700000000003,0.7345312474177313,6.48,2,0,300.833,0,4,0.3333333333333333,21
CHEMBL1692,IMIPRAMINE HYDROCHLORIDE,CN(C)CCCN1c2ccccc2CCc2ccccc21.Cl,4.296800000000005,0.8296313675542119,6.48,2,0,316.87600000000003,4,3,0.3684210526315789,22
CHEMBL1693,DIETHYLPROPION HYDROCHLORIDE,CCN(CC)C(C)C(=O)c1ccccc1.Cl,3.021400000000002,0.7390237733304519,20.310000000000002,2,0,241.76200000000003,5,1,0.46153846153846156,16
CHEMBL1694,BENAZEPRIL HYDROCHLORIDE,CCOC(=O)[C@H](CCc1ccccc1)N[C@H]1CCc2ccccc2N(CC(=O)O)C1=O.Cl,2.9949000000000017,0.5583498039358472,95.94,5,2,460.95800000000025,9,3,0.375,32
CHEMBL1695,TIAGABINE HYDROCHLORIDE,Cc1ccsc1C(=CCCN1CCC[C@@H](C(=O)O)C1)c1sccc1C.Cl,5.466640000000005,0.6848996884060582,40.540000000000006,4,1,412.02000000000004,6,3,0.45,26
CHEMBL1696,DESIPRAMINE HYDROCHLORIDE,CNCCCN1c2ccccc2CCc2ccccc21.Cl,3.954600000000004,0.8602597856715056,15.27,2,1,302.849,4,3,0.3333333333333333,21
CHEMBL1697,DILTIAZEM HYDROCHLORIDE,COc1ccc([C@@H]2Sc3ccccc3N(CCN(C)C)C(=O)[C@@H]2OC(C)=O)cc1.Cl,3.7903000000000024,0.6238874206911541,59.080000000000005,6,0,450.9880000000001,6,3,0.36363636363636365,30
CHEMBL1698,BUPROPION HYDROCHLORIDE,CC(NC(C)(C)C)C(=O)c1cccc(Cl)c1.Cl,3.721100000000003,0.8523538514649887,29.1,2,1,276.207,3,1,0.46153846153846156,17
CHEMBL1699,MEMANTINE HYDROCHLORIDE,CC12CC3CC(C)(C1)CC(N)(C3)C2.Cl,3.1159000000000012,0.6604659572662127,26.02,1,1,215.768,0,4,1.0,14
CHEMBL1700,SOTALOL HYDROCHLORIDE,CC(C)NCC(O)c1ccc(NS(C)(=O)=O)cc1.Cl,1.5112999999999999,0.7441948773332322,78.43,4,3,308.83099999999996,6,1,0.5,19
CHEMBL552659,FLUNARIZINE HYDROCHLORIDE,Cl.Cl.Fc1ccc(C(c2ccc(F)cc2)N2CCN(C/C=C/c3ccccc3)CC2)cc1,6.228800000000008,0.4155271569068122,6.48,2,0,477.42600000000033,6,4,0.23076923076923078,32
CHEMBL1701,MEPERIDINE HYDROCHLORIDE,CCOC(=O)C1(c2ccccc2)CCN(C)CC1.Cl,2.6349000000000014,0.798932562363172,29.54,3,0,283.7989999999999,3,2,0.5333333333333333,19
CHEMBL1702,ATOMOXETINE HYDROCHLORIDE,CNCC[C@@H](Oc1ccccc1C)c1ccccc1.Cl,4.146420000000004,0.8632623386728676,21.259999999999998,2,1,291.82199999999995,6,2,0.29411764705882354,20
CHEMBL1703,METFORMIN HYDROCHLORIDE,CN(C)C(=N)NC(=N)N.Cl,-0.6123600000000003,0.2852351042118208,88.99000000000001,2,4,165.62800000000001,0,0,0.5,10
CHEMBL1705,CLONIDINE HYDROCHLORIDE,Cl.Clc1cccc(Cl)c1NC1=NCCN1,2.7863000000000007,0.8199301502319355,36.42,3,2,266.55899999999997,1,2,0.2222222222222222,15
CHEMBL1706,NAPHAZOLINE HYDROCHLORIDE,Cl.c1ccc2c(CC3=NCCN3)cccc2c1,2.8058000000000005,0.8659642643361525,24.39,2,1,246.741,2,3,0.21428571428571427,17
CHEMBL1707,LOPERAMIDE HYDROCHLORIDE,CN(C)C(=O)C(CCN1CCC(O)(c2ccc(Cl)cc2)CC1)(c1ccccc1)c1ccccc1.Cl,5.5098000000000065,0.45332979142146923,43.78,3,1,513.5090000000002,7,4,0.3448275862068966,35
CHEMBL559180,ISOXSUPRINE HYDROCHLORIDE,CC(COc1ccccc1)NC(C)C(O)c1ccc(O)cc1.Cl,3.2930000000000024,0.7251993344095784,61.72,4,3,337.84700000000004,7,2,0.3333333333333333,23
CHEMBL1708,PAROXETINE HYDROCHLORIDE,Cl.Fc1ccc([C@@H]2CCNC[C@H]2COc2ccc3c(c2)OCO3)cc1,3.748300000000002,0.8953933091927087,39.72,4,1,365.8320000000001,4,4,0.3684210526315789,25
CHEMBL1709,SERTRALINE HYDROCHLORIDE,CN[C@H]1CC[C@@H](c2ccc(Cl)c(Cl)c2)c2ccccc21.Cl,5.601400000000004,0.7485814572414206,12.03,1,1,342.69699999999995,2,3,0.29411764705882354,21
CHEMBL535396,RIMANTADINE HYDROCHLORIDE,CC(N)C12CC3CC(CC(C3)C1)C2.Cl,2.971800000000002,0.7153673250562516,26.02,1,1,215.76799999999997,1,4,1.0,14
CHEMBL537669,YOHIMBINE HYDROCHLORIDE,COC(=O)[C@@H]1[C@H]2C[C@H]3c4[nH]c5ccccc5c4CCN3C[C@@H]2CC[C@@H]1O.Cl,3.068900000000003,0.734289770682735,65.56,4,2,390.9110000000001,1,5,0.5714285714285714,27
CHEMBL1711,ISOPROTERENOL HYDROCHLORIDE,CC(C)NCC(O)c1ccc(O)c(O)c1.Cl,1.5510000000000004,0.6095123828277141,72.72,4,4,247.722,4,1,0.45454545454545453,16
CHEMBL1713,CHLORPROMAZINE HYDROCHLORIDE,CN(C)CCCN1c2ccccc2Sc2ccc(Cl)cc21.Cl,5.316200000000005,0.7332564874299623,6.48,3,0,355.3340000000001,4,3,0.29411764705882354,22
CHEMBL556578,MORPHINE HYDROCHLORIDE,CN1CC[C@]23c4c5ccc(O)c4O[C@H]2[C@@H](O)C=C[C@H]3[C@H]1C5.Cl,1.6198999999999997,0.7130662188562803,52.93000000000001,4,2,321.80400000000003,0,5,0.5294117647058824,22
CHEMBL1714,KETAMINE HYDROCHLORIDE,CNC1(c2ccccc2Cl)CCCCC1=O.Cl,3.3196000000000025,0.8959263775791354,29.1,2,1,274.19099999999986,2,2,0.46153846153846156,17
CHEMBL1715,PIOGLITAZONE HYDROCHLORIDE,CCc1ccc(CCOc2ccc(CC3SC(=O)NC3=O)cc2)nc1.Cl,3.5814000000000026,0.7794757351213483,68.28999999999999,5,1,392.9080000000001,7,3,0.3157894736842105,26
CHEMBL1716,CYPROHEPTADINE HYDROCHLORIDE,CN1CCC(=C2c3ccccc3C=Cc3ccccc32)CC1.Cl,5.119700000000004,0.5547631845066624,3.24,1,0,323.86700000000013,0,4,0.23809523809523808,23
CHEMBL1717,TICLOPIDINE HYDROCHLORIDE,Cl.Clc1ccccc1CN1CCc2sccc2C1,4.381600000000003,0.7952235100313724,3.24,2,0,300.254,2,3,0.2857142857142857,18
CHEMBL1718,NALOXONE HYDROCHLORIDE,C=CCN1CC[C@]23c4c5ccc(O)c4O[C@H]2C(=O)CC[C@@]3(O)[C@H]1C5.Cl,1.7231999999999998,0.782957740727573,70.0,5,2,363.84100000000007,2,5,0.5263157894736842,25
CHEMBL539770,TERODILINE HYDROCHLORIDE,CC(CC(c1ccccc1)c1ccccc1)NC(C)(C)C.Cl,5.407000000000005,0.7774257063939803,12.03,1,1,317.90400000000005,5,2,0.4,22
CHEMBL1719,OLOPATADINE HYDROCHLORIDE,CN(C)CC/C=C1/c2ccccc2COc2ccc(CC(=O)O)cc21.Cl,4.011300000000004,0.8598014441128611,49.769999999999996,3,1,373.88000000000005,5,3,0.2857142857142857,26
CHEMBL1720,PALONOSETRON HYDROCHLORIDE,Cl.O=C1c2cccc3c2[C@H](CCC3)CN1[C@@H]1CN2CCC1CC2,3.0783000000000014,0.7887459000179493,23.550000000000004,2,0,332.8750000000001,1,6,0.631578947368421,23
CHEMBL1722,METHYLPHENIDATE HYDROCHLORIDE,COC(=O)C(c1ccccc1)C1CCCCN1.Cl,2.5071000000000008,0.8572108764494875,38.33,3,1,269.77199999999993,3,2,0.5,18
CHEMBL1723,ALFUZOSIN HYDROCHLORIDE,COc1cc2nc(N(C)CCCNC(=O)C3CCCO3)nc(N)c2cc1OC.Cl,1.7724999999999995,0.6152455219760098,111.83,8,2,425.9170000000002,8,3,0.5263157894736842,29
CHEMBL1724,MEPENZOLATE BROMIDE,C[N+]1(C)CCCC(OC(=O)C(O)(c2ccccc2)c2ccccc2)C1.[Br-],-0.291499999999999,0.5465294101781325,46.53,3,1,420.3470000000001,4,3,0.38095238095238093,26
CHEMBL1725,IOPROMIDE,COCC(=O)Nc1c(I)c(C(=O)NCC(O)CO)c(I)c(C(=O)N(C)CC(O)CO)c1I,-0.4065000000000002,0.1647921655486171,168.66,8,6,791.115,11,1,0.5,32
CHEMBL1726,NISOLDIPINE,COC(=O)C1=C(C)NC(C)=C(C(=O)OCC(C)C)C1c1ccccc1[N+](=O)[O-],3.201800000000002,0.45278603663958333,107.77000000000001,7,1,388.4200000000001,6,2,0.4,28
CHEMBL1727,CEPHALEXIN ANHYDROUS,CC1=C(C(=O)O)N2C(=O)[C@@H](NC(=O)[C@H](N)c3ccccc3)[C@H]2SC1,0.4449000000000012,0.6816125812503079,112.73,5,3,347.3960000000001,4,3,0.3125,24
CHEMBL1728,LOMEFLOXACIN HYDROCHLORIDE,CCn1cc(C(=O)O)c(=O)c2cc(F)c(N3CCNC(C)C3)c(F)c21.Cl,2.2177000000000002,0.844344780355663,74.57000000000001,5,2,387.814,3,3,0.4117647058823529,26
CHEMBL1729,CISAPRIDE,COc1cc(N)c(Cl)cc1C(=O)NC1CCN(CCCOc2ccc(F)cc2)CC1OC,3.358100000000002,0.43603493823663086,86.05,6,2,465.9530000000003,9,3,0.43478260869565216,32
CHEMBL561157,TREPROSTINIL SODIUM,CCCCC[C@H](O)CC[C@@H]1[C@H]2Cc3cccc(OCC(=O)[O-])c3C[C@H]2C[C@H]1O.[Na+],-0.7474999999999967,0.3900742327906737,89.82000000000001,5,2,412.50200000000024,10,3,0.6956521739130435,29
CHEMBL1730,CEFOTAXIME,CO/N=C(\C(=O)N[C@@H]1C(=O)N2C(C(=O)O)=C(COC(C)=O)CS[C@H]12)c1csc(N)n1,-0.6224999999999987,0.2079442341493163,173.51,11,3,455.47400000000016,7,3,0.375,30
CHEMBL1731,MEZLOCILLIN,CC1(C)S[C@@H]2[C@H](NC(=O)[C@H](NC(=O)N3CCN(S(C)(=O)=O)C3=O)c3ccccc3)C(=O)N2[C@H]1C(=O)O,-0.23379999999999784,0.4125553337107078,173.49999999999997,8,3,539.5920000000003,6,4,0.47619047619047616,36
CHEMBL1732,DIHYDROERGOTAMINE,CN1C[C@H](C(=O)N[C@]2(C)O[C@@]3(O)[C@@H]4CCCN4C(=O)[C@H](Cc4ccccc4)N3C2=O)C[C@@H]2c3cccc4[nH]cc(c34)C[C@H]21,2.0811000000000024,0.43313608627344474,118.21000000000001,6,3,583.6890000000001,4,8,0.48484848484848486,43
CHEMBL564085,TROLEANDOMYCIN,CO[C@H]1C[C@H](O[C@H]2[C@H](C)[C@@H](O[C@@H]3O[C@H](C)C[C@H](N(C)C)[C@H]3OC(C)=O)[C@@H](C)C[C@@]3(CO3)C(=O)[C@H](C)[C@@H](OC(C)=O)[C@@H](C)[C@@H](C)OC(=O)[C@@H]2C)O[C@@H](C)[C@@H]1OC(C)=O,3.6209000000000087,0.1866995587423804,184.18999999999997,16,0,813.9790000000003,9,4,0.8780487804878049,57
CHEMBL553025,VINORELBINE,CCC1=C[C@@H]2CN(C1)Cc1c([nH]c3ccccc13)[C@@](C(=O)OC)(c1cc3c(cc1OC)N(C)[C@H]1[C@@](O)(C(=O)OC)[C@H](OC(C)=O)[C@]4(CC)C=CCN5CC[C@]31[C@@H]54)C2,4.753600000000004,0.19568989046031227,133.87,11,2,778.9469999999999,7,9,0.5333333333333333,57
CHEMBL539697,DABIGATRAN ETEXILATE,CCCCCCOC(=O)NC(=N)c1ccc(NCc2nc3cc(C(=O)N(CCC(=O)OCC)c4ccccn4)ccc3n2C)cc1,5.812270000000005,0.06462972023778543,151.52999999999997,10,3,627.7460000000003,15,4,0.35294117647058826,46
CHEMBL1734,SOLIFENACIN,O=C(O[C@H]1CN2CCC1CC2)N1CCc2ccccc2[C@@H]1c1ccccc1,3.864900000000003,0.8131189816830356,32.78,3,0,362.47300000000007,2,6,0.43478260869565216,27
CHEMBL551466,ACLIDINIUM BROMIDE,O=C(O[C@H]1C[N+]2(CCCOc3ccccc3)CCC1CC2)C(O)(c1cccs1)c1cccs1.[Br-],1.6707999999999998,0.24431501547013773,55.760000000000005,6,1,564.5670000000002,9,6,0.4230769230769231,34
CHEMBL1735,INDINAVIR SULFATE,CC(C)(C)NC(=O)[C@@H]1CN(Cc2cccnc2)CCN1C[C@@H](O)C[C@@H](Cc1ccccc1)C(=O)N[C@H]1c2ccccc2C[C@H]1O.O=S(=O)(O)O,2.2141000000000024,0.15991632358230246,192.63,9,6,711.8820000000005,11,5,0.4722222222222222,50
CHEMBL550495,METHYLENE BLUE,CN(C)c1ccc2nc3ccc(=[N+](C)C)cc-3sc2c1.O.O.O.[Cl-],-2.9711999999999983,0.3346143869528862,113.64,3,0,373.9060000000002,1,3,0.25,24
CHEMBL1736,METRIZOIC ACID,CC(=O)Nc1c(I)c(C(=O)O)c(I)c(N(C)C(C)=O)c1I,3.1397000000000013,0.5047465616448636,86.71000000000001,3,2,627.9420000000001,3,1,0.25,21
CHEMBL557555,CIPROFIBRATE,CC(C)(Oc1ccc(C2CC2(Cl)Cl)cc1)C(=O)O,3.589800000000003,0.8615348244596426,46.53,2,1,289.158,4,2,0.46153846153846156,18
CHEMBL538943,VINORELBINE TARTRATE,CCC1=C[C@@H]2CN(C1)Cc1c([nH]c3ccccc13)[C@@](C(=O)OC)(c1cc3c(cc1OC)N(C)[C@H]1[C@@](O)(C(=O)OC)[C@H](OC(C)=O)[C@]4(CC)C=CCN5CC[C@]31[C@@H]54)C2.O=C(O)C(O)C(O)C(=O)O.O=C(O)C(O)C(O)C(=O)O,0.5084000000000097,0.06330916214142718,363.99,19,10,1079.1190000000004,13,9,0.5283018867924528,77
CHEMBL1737,SILDENAFIL CITRATE,CCCc1nn(C)c2c(=O)[nH]c(-c3cc(S(=O)(=O)N4CCN(C)CC4)ccc3OCC)nc12.O=C(O)CC(O)(CC(=O)O)C(=O)O,0.36240000000000505,0.17526625152608813,245.54999999999993,12,5,666.7100000000005,12,4,0.5,46
CHEMBL550348,DEFERASIROX,O=C(O)c1ccc(-n2nc(-c3ccccc3O)nc2-c2ccccc2O)cc1,3.710700000000001,0.5031628713401722,108.47,6,3,373.3680000000001,4,4,0.0,28
CHEMBL1738,DEXRAZOXANE,C[C@@H](CN1CC(=O)NC(=O)C1)N1CC(=O)NC(=O)C1,-2.708299999999996,0.5400927830602834,98.82,6,2,268.27299999999997,3,2,0.6363636363636364,19
CHEMBL1739,METOCURINE IODIDE,COc1ccc2cc1Oc1cc3c(cc1OC)CC[N+](C)(C)[C@H]3Cc1ccc(cc1)Oc1c(OC)c(OC)cc3c1[C@@H](C2)[N+](C)(C)CC3.[I-].[I-],1.4596000000000033,0.22893453821045806,55.38000000000001,6,0,906.6399999999999,4,8,0.4,50
CHEMBL1741,CLARITHROMYCIN,CC[C@H]1OC(=O)[C@H](C)[C@@H](O[C@H]2C[C@@](C)(OC)[C@@H](O)[C@H](C)O2)[C@H](C)[C@@H](O[C@@H]2O[C@H](C)C[C@H](N(C)C)[C@H]2O)[C@](C)(OC)C[C@@H](C)C(=O)[C@H](C)[C@@H](O)[C@]1(C)O,2.439700000000004,0.2658294280815995,182.91,14,4,747.9640000000002,8,3,0.9473684210526315,52
CHEMBL576982,QUIZARTINIB,CC(C)(C)c1cc(NC(=O)Nc2ccc(-c3cn4c(n3)sc3cc(OCCN5CCOCC5)ccc34)cc2)no1,5.856500000000005,0.25694797911853023,106.16000000000001,9,2,560.6800000000004,7,6,0.3448275862068966,40
CHEMBL566534,ARTEMETHER,CO[C@H]1O[C@@H]2O[C@@]3(C)CC[C@H]4[C@H](C)CC[C@@H]([C@H]1C)[C@@]24OO3,2.8408000000000015,0.6966147525766675,46.150000000000006,5,0,298.379,1,5,1.0,21
CHEMBL566315,OBETICHOLIC ACID,CC[C@H]1[C@@H](O)[C@@H]2[C@H](CC[C@]3(C)[C@@H]([C@H](C)CCC(=O)O)CC[C@@H]23)[C@@]2(C)CC[C@@H](O)C[C@@H]12,5.114000000000006,0.5771567485068269,77.76,3,3,420.63400000000024,5,4,0.9615384615384616,30
CHEMBL566752,FLORBETABEN F18,CNc1ccc(/C=C/c2ccc(OCCOCCOCC[18F])cc2)cc1,4.280200000000003,0.4540520119268499,39.72,4,1,358.44393800000006,12,2,0.3333333333333333,26
CHEMBL567597,ARTEMISININ,C[C@@H]1CC[C@H]2[C@@H](C)C(=O)O[C@@H]3O[C@]4(C)CC[C@@H]1[C@]32OO4,2.3949000000000007,0.5042031477298718,53.99000000000001,5,0,282.33599999999996,0,5,0.9333333333333333,20
CHEMBL1746,SODIUM PHENYLBUTYRATE,O=C([O-])CCCc1ccccc1.[Na+],-2.236799999999998,0.49893035996409696,40.129999999999995,2,0,186.186,4,1,0.3,13
CHEMBL579205,FLUTEMETAMOL,CNc1ccc(-c2nc3ccc(O)cc3s2)cc1F,3.8497000000000012,0.7457547162863496,45.150000000000006,4,2,274.32000000000005,2,3,0.07142857142857142,19
CHEMBL1747,TOBRAMYCIN,NC[C@H]1O[C@H](O[C@H]2[C@H](O)[C@@H](O[C@H]3O[C@H](CO)[C@@H](O)[C@H](N)[C@H]3O)[C@H](N)C[C@@H]2N)[C@H](N)C[C@@H]1O,-6.295800000000006,0.17400656822855506,268.1700000000001,14,10,467.5200000000002,6,3,1.0,32
CHEMBL577736,TYROTHRICIN,CC(C)C[C@@H]1NC(=O)[C@H](CCCN)NC(=O)[C@H](C(C)C)NC(=O)[C@H](Cc2ccc(O)cc2)N[C@@H](CCC(=O)O)C(=O)N[C@@H](CC(N)=O)C(=O)[C@@H](Cc2ccccc2)NC(=O)[C@H](Cc2ccccc2)NC(=O)[C@@H]2CCCN2C(=O)[C@@H](Cc2ccccc2)NC1=O,1.138099999999992,0.06264635367666267,379.7499999999999,14,12,1228.459,19,6,0.46153846153846156,89
CHEMBL569713,SCOPOLAMINE,CN1[C@@H]2C[C@@H](OC(=O)[C@H](CO)c3ccccc3)C[C@H]1[C@@H]1O[C@@H]12,0.9180999999999995,0.6618093940597772,62.3,5,1,303.358,4,4,0.5882352941176471,22
CHEMBL571546,TIRBANIBULIN,O=C(Cc1ccc(-c2ccc(OCCN3CCOCC3)cc2)cn1)NCc1ccccc1,3.318500000000001,0.5631942375722424,63.69,5,1,431.5360000000001,9,4,0.3076923076923077,32
CHEMBL1749,EDETATE DISODIUM ANHYDROUS,O=C([O-])CN(CCN(CC(=O)[O-])CC(=O)O)CC(=O)O.[Na+].[Na+],-10.732600000000007,0.3464484652222726,161.34,8,2,336.208,11,0,0.6,22
CHEMBL1750,CLOFARABINE,Nc1nc(Cl)nc2c1ncn2[C@@H]1O[C@H](CO)[C@@H](O)[C@@H]1F,-0.34940000000000027,0.648649936215886,119.31000000000002,8,3,303.681,2,3,0.5,20
CHEMBL576127,FENSPIRIDE,O=C1NCC2(CCN(CCc3ccccc3)CC2)O1,1.8034999999999997,0.9008052178700257,41.57000000000001,3,1,260.337,3,3,0.5333333333333333,19
CHEMBL1751,DIGOXIN,C[C@H]1O[C@@H](O[C@H]2[C@@H](O)C[C@H](O[C@H]3[C@@H](O)C[C@H](O[C@H]4CC[C@@]5(C)[C@H](CC[C@@H]6[C@@H]5C[C@@H](O)[C@]5(C)[C@@H](C7=CC(=O)OC7)CC[C@]65O)C4)O[C@@H]3C)O[C@@H]2C)C[C@H](O)[C@@H]1O,2.218100000000003,0.16221462387574467,203.05999999999997,14,6,780.9490000000002,7,8,0.926829268292683,55
CHEMBL1752,DYPHYLLINE,Cn1c(=O)c2c(ncn2CC(O)CO)n(C)c1=O,-2.213099999999999,0.6460832424087163,102.28,8,2,254.24599999999998,3,2,0.5,18
CHEMBL1753,CLINDAMYCIN,CCC[C@@H]1C[C@@H](C(=O)N[C@@H]([C@H]2O[C@H](SC)[C@H](O)[C@@H](O)[C@H]2O)[C@H](C)Cl)N(C)C1,0.3895000000000004,0.4382730169795818,102.26,7,4,424.9910000000001,7,2,0.9444444444444444,27
CHEMBL1754,DOXAPRAM,CCN1CC(CCN2CCOCC2)C(c2ccccc2)(c2ccccc2)C1=O,3.173300000000001,0.7740303952237003,32.78,3,0,378.5160000000001,6,4,0.4583333333333333,28
CHEMBL1755,CONIVAPTAN,Cc1nc2c([nH]1)-c1ccccc1N(C(=O)c1ccc(NC(=O)c3ccccc3-c3ccccc3)cc1)CC2,6.507320000000005,0.29660705972876805,78.09,3,2,498.58600000000024,4,6,0.09375,38
CHEMBL1756,ESTRAMUSTINE PHOSPHATE,C[C@]12CC[C@@H]3c4ccc(OC(=O)N(CCCl)CCCl)cc4CC[C@H]3[C@@H]1CC[C@@H]2OP(=O)(O)O,5.299000000000007,0.37442337569212464,96.3,4,2,520.3900000000002,7,4,0.6956521739130435,33
CHEMBL1757,FOSFOMYCIN,C[C@@H]1O[C@@H]1P(=O)(O)O,-0.09110000000000007,0.39203873860249056,70.06,2,2,138.059,1,1,1.0,8
CHEMBL1760,TERBUTALINE,CC(C)(C)NCC(O)c1cc(O)cc(O)c1,1.5192999999999997,0.6290731330689312,72.72,4,4,225.288,3,1,0.5,16
CHEMBL1761,PROCYCLIDINE HYDROCHLORIDE,Cl.OC(CCN1CCCC1)(c1ccccc1)C1CCCCC1,4.362200000000004,0.8697919929983713,23.47,2,1,323.90800000000024,5,3,0.6842105263157895,22
CHEMBL1762,TOCAINIDE,Cc1cccc(C)c1NC(=O)C(C)N,1.58914,0.7472361299391438,55.120000000000005,2,2,192.262,2,1,0.36363636363636365,14
CHEMBL1763,HYDROFLUMETHIAZIDE,NS(=O)(=O)c1cc2c(cc1C(F)(F)F)NCNS2(=O)=O,0.014100000000000557,0.6699841555806898,118.35999999999999,5,3,331.29699999999997,1,2,0.25,20
CHEMBL1764,LEVOMEPROMAZINE,COc1ccc2c(c1)N(C[C@H](C)CN(C)C)c1ccccc1S2,4.495600000000004,0.8027021109078474,15.71,4,0,328.481,5,3,0.3684210526315789,23
CHEMBL1766,DESOXIMETASONE,C[C@@H]1C[C@H]2[C@@H]3CCC4=CC(=O)C=C[C@]4(C)[C@@]3(F)[C@@H](O)C[C@]2(C)[C@H]1C(=O)CO,2.7808000000000015,0.7771649436279087,74.6,4,2,376.4680000000002,2,4,0.7272727272727273,27
CHEMBL1768,BETHANECHOL CHLORIDE,CC(C[N+](C)(C)C)OC(N)=O.[Cl-],-2.8195999999999968,0.4955627064594527,52.32,2,1,196.67799999999997,3,0,0.8571428571428571,12
CHEMBL1769,PROPOXYCAINE HYDROCHLORIDE,CCCOc1cc(N)ccc1C(=O)OCCN(CC)CC.Cl,2.978000000000002,0.5567519495556754,64.78999999999999,5,1,330.85600000000005,9,1,0.5625,22
CHEMBL1770,LEVAMISOLE HYDROCHLORIDE,Cl.c1ccc([C@H]2CN3CCSC3=N2)cc1,2.5679,0.7499904202867267,15.6,3,0,240.759,1,3,0.36363636363636365,15
CHEMBL591665,SODIUM ASCORBATE,O=C1O[C@H]([C@@H](O)CO)C([O-])=C1O.[Na+],-5.601099999999998,0.3012007736869436,110.05000000000001,6,3,198.106,2,1,0.5,13
CHEMBL590540,CYSTINE,N[C@@H](CSSC[C@H](N)C(=O)O)C(=O)O,-0.8083999999999993,0.33602476320889413,126.64,6,4,240.306,7,0,0.6666666666666666,14
CHEMBL1771,CLOPIDOGREL,COC(=O)[C@H](c1ccccc1Cl)N1CCc2sccc2C1,3.6739000000000024,0.807761185070717,29.54,4,0,321.829,3,3,0.3125,21
CHEMBL1773,CAPECITABINE,CCCCCOC(=O)Nc1nc(=O)n([C@@H]2O[C@H](C)[C@@H](O)[C@H]2O)cc1F,0.7601999999999995,0.640839151584694,122.91000000000001,8,3,359.35400000000004,6,2,0.6666666666666666,25
CHEMBL589586,MONOMETHYL FUMARATE,COC(=O)/C=C/C(=O)O,-0.19980000000000003,0.4149910533965467,63.60000000000001,3,1,130.099,2,0,0.2,9
CHEMBL601719,CRIZOTINIB,C[C@@H](Oc1cc(-c2cnn(C3CCNCC3)c2)cnc1N)c1c(Cl)ccc(F)c1Cl,5.037700000000004,0.533055458733566,77.99,6,2,450.34500000000014,5,4,0.3333333333333333,30
CHEMBL605846,OLODATEROL,COc1ccc(CC(C)(C)NC[C@H](O)c2cc(O)cc3c2OCC(=O)N3)cc1,2.3760000000000003,0.5830459262462236,100.05000000000001,6,4,386.44800000000015,7,3,0.38095238095238093,28
CHEMBL607710,CHLORPHENESIN CARBAMATE,NC(=O)OCC(O)COc1ccc(Cl)cc1,1.1750000000000003,0.8160595704353588,81.78000000000002,4,2,245.662,5,1,0.3,16
CHEMBL606260,CARBENICILLIN DISODIUM,CC1(C)S[C@@H]2[C@H](NC(=O)C(C(=O)[O-])c3ccccc3)C(=O)N2[C@H]1C(=O)[O-].[Na+].[Na+],-8.17490000000001,0.28343177053717233,129.67000000000002,7,1,422.3700000000001,5,3,0.4117647058823529,28
CHEMBL604608,FRUCTOSE,OC[C@H]1O[C@](O)(CO)[C@@H](O)[C@@H]1O,-3.2197999999999998,0.3055865708949447,110.38000000000001,6,5,180.156,2,1,1.0,12
CHEMBL608533,MIDOSTAURIN,CO[C@@H]1[C@H](N(C)C(=O)c2ccccc2)C[C@H]2O[C@]1(C)n1c3ccccc3c3c4c(c5c6ccccc6n2c5c31)C(=O)NC4,5.906800000000007,0.28721839165619395,77.72999999999999,6,1,570.6490000000002,3,9,0.2571428571428571,43
CHEMBL607400,BRIVARACETAM,CCC[C@@H]1CC(=O)N([C@@H](CC)C(N)=O)C1,0.8988999999999999,0.7355284136638995,63.4,2,1,212.29299999999995,5,1,0.8181818181818182,15
CHEMBL43708,IMIPENEM,C[C@@H](O)[C@H]1C(=O)N2C(C(=O)O)=C(SCCNC=N)C[C@H]12.O,-1.000729999999999,0.20497284964798215,145.22,5,4,317.3670000000001,7,2,0.5833333333333334,21
CHEMBL1079742,ERLOTINIB HYDROCHLORIDE,C#Cc1cccc(Nc2ncnc3cc(OCCOC)c(OCCOC)cc23)c1.Cl,3.8269000000000033,0.387493846825601,74.73000000000002,7,1,429.90400000000017,10,3,0.2727272727272727,30
CHEMBL1079604,METAXALONE,Cc1cc(C)cc(OCC2CNC(=O)O2)c1,1.7906399999999998,0.8460710155484404,47.56,3,1,221.256,3,2,0.4166666666666667,16
CHEMBL1076347,TRICLOCARBAN,O=C(Nc1ccc(Cl)cc1)Nc1ccc(Cl)c(Cl)c1,5.290800000000001,0.7763463610501176,41.13,1,2,315.587,2,2,0.0,19
CHEMBL1086863,FLUDEOXYGLUCOSE,OC[C@H]1O[C@H](O)[C@H](F)[C@@H](O)[C@@H]1O,-2.2441999999999998,0.36778785152667176,90.15,5,4,182.14700000000002,1,1,1.0,12
CHEMBL1076903,VARENICLINE,c1cnc2cc3c(cc2n1)[C@@H]1CNC[C@H]3C1,1.8038999999999998,0.721762960406491,37.81,3,1,211.26799999999994,0,4,0.38461538461538464,16
CHEMBL1078178,MOMELOTINIB,N#CCNC(=O)c1ccc(-c2ccnc(Nc3ccc(N4CCOCC4)cc3)n2)cc1,2.9771800000000015,0.597823059764905,103.17,7,2,414.4690000000002,6,4,0.21739130434782608,31
CHEMBL1078261,PROPIVERINE,CCCOC(C(=O)OC1CCN(C)CC1)(c1ccccc1)c1ccccc1,3.994200000000003,0.6937242687137712,38.77,4,0,367.489,7,3,0.43478260869565216,27
CHEMBL1077896,ROPIVACAINE,CCCN1CCCC[C@H]1C(=O)Nc1c(C)cccc1C,3.5064400000000013,0.9109962827378179,32.34,2,1,274.408,4,2,0.5882352941176471,20
CHEMBL1089221,BENDAZAC,O=C(O)COc1nn(Cc2ccccc2)c2ccccc12,2.548,0.7807555823629457,64.35,4,1,282.29900000000004,5,3,0.125,21
CHEMBL1088977,ADEMETIONINE,C[S+](CC[C@H](N)C(=O)[O-])C[C@H]1O[C@@H](n2cnc3c(N)ncnc32)[C@H](O)[C@@H]1O,-3.256899999999996,0.34496993620130295,185.45999999999998,11,4,398.4450000000001,7,3,0.6,27
CHEMBL1089318,OPICAPONE,Cc1c(Cl)c(C)[n+]([O-])c(Cl)c1-c1noc(-c2cc(O)c(O)c([N+](=O)[O-])c2)n1,3.2800400000000014,0.16589362206160763,149.46000000000004,8,2,413.1730000000002,3,3,0.13333333333333333,27
CHEMBL1089641,TRYPAN BLUE FREE ACID,Cc1cc(-c2ccc(/N=N/c3c(S(=O)(=O)O)cc4cc(S(=O)(=O)O)cc(N)c4c3O)c(C)c2)ccc1/N=N/c1c(S(=O)(=O)O)cc2cc(S(=O)(=O)O)cc(N)c2c1O,6.6700400000000055,0.04268171932269672,359.42,16,8,872.8940000000001,9,6,0.058823529411764705,58
CHEMBL1092067,FLUDEOXYGLUCOSE F 18,OC[C@H]1O[C@H](O)[C@H]([18F])[C@@H](O)[C@@H]1O,-2.2441999999999998,0.36688465709756146,90.15,5,4,181.14993800000002,1,1,1.0,12
CHEMBL1091250,INDIGOTINDISULFONATE,O=C1/C(=C2\Nc3ccc(S(=O)(=O)O)cc3C2=O)Nc2ccc(S(=O)(=O)O)cc21,1.3082,0.4090145937435253,166.93999999999997,8,4,422.3960000000001,2,4,0.0,28
CHEMBL1096562,METHYL AMINOLEVULINATE,COC(=O)CCC(=O)CN,-0.5326000000000002,0.5396004092310056,69.39,4,1,145.158,4,0,0.6666666666666666,10
CHEMBL1096882,FLUDARABINE PHOSPHATE,Nc1nc(F)nc2c1ncn2[C@@H]1O[C@H](COP(=O)(O)O)[C@@H](O)[C@@H]1O,-1.7239000000000007,0.30617189529250766,186.07,10,5,365.21400000000006,4,3,0.5,24
CHEMBL1097620,IOTHALAMATE SODIUM,CNC(=O)c1c(I)c(NC(C)=O)c(I)c(C(=O)[O-])c1I.[Na+],-1.8140999999999994,0.30240536544145785,98.33000000000001,4,2,635.8970000000002,3,1,0.18181818181818182,21
CHEMBL1094966,PIRBUTEROL,CC(C)(C)NCC(O)c1ccc(O)c(CO)n1,0.7009999999999998,0.6222799026086435,85.61,5,4,240.303,4,1,0.5833333333333334,17
CHEMBL1096885,VALRUBICIN,CCCCC(=O)OCC(=O)[C@]1(O)Cc2c(O)c3c(c(O)c2[C@@H](O[C@H]2C[C@H](NC(=O)C(F)(F)F)[C@H](O)[C@H](C)O2)C1)C(=O)c1c(OC)cccc1C3=O,2.4622,0.15037535419403683,215.21999999999997,13,5,723.65,10,5,0.5,51
CHEMBL1094636,NIRAPARIB,NC(=O)c1cccc2cn(-c3ccc([C@@H]4CCCNC4)cc3)nc12,2.591400000000001,0.7788736009496425,72.94,4,2,320.396,3,4,0.2631578947368421,24
CHEMBL1095607,REPROTEROL,Cn1c(=O)c2c(ncn2CCCNCC(O)c2cc(O)cc(O)c2)n(C)c1=O,-0.44180000000000064,0.4024151692498397,134.54,10,4,389.4120000000001,7,3,0.3888888888888889,28
CHEMBL1095292,BRETYLIUM TOSYLATE,CC[N+](C)(C)Cc1ccccc1Br.Cc1ccc(S(=O)(=O)[O-])cc1,3.9445200000000034,0.5625609495499733,57.2,3,0,414.3650000000001,4,2,0.3333333333333333,24
CHEMBL1095283,CARBENICILLIN PHENYL,CC1(C)S[C@@H]2[C@H](NC(=O)C(C(=O)Oc3ccccc3)c3ccccc3)C(=O)N2[C@H]1C(=O)O,2.0075,0.29710363972176956,113.01,6,2,454.50400000000013,6,4,0.30434782608695654,32
CHEMBL1095930,CEFUROXIME AXETIL,CO/N=C(\C(=O)N[C@@H]1C(=O)N2C(C(=O)OC(C)OC(C)=O)=C(COC(N)=O)CS[C@H]12)c1ccco1,-0.16829999999999856,0.14747154295004614,189.06,12,2,510.4810000000003,9,3,0.4,35
CHEMBL1098319,2-MERCAPTOETHANESULFONIC ACID,O=S(=O)(O)CCS,-0.19599999999999984,0.4146177358421434,54.370000000000005,3,2,142.201,2,0,1.0,7
CHEMBL1098285,DISTIGMINE BROMIDE,CN(CCCCCCN(C)C(=O)Oc1ccc[n+](C)c1)C(=O)Oc1ccc[n+](C)c1.[Br-].[Br-],-3.534599999999994,0.22956611653364875,66.84,4,0,576.3300000000002,9,2,0.45454545454545453,32
CHEMBL1095777,INDACATEROL,CCc1cc2c(cc1CC)CC(NC[C@H](O)c1ccc(O)c3[nH]c(=O)ccc13)C2,3.148900000000001,0.5191742847910432,85.35,4,4,392.49900000000014,6,4,0.375,29
CHEMBL1097279,CANGRELOR TETRASODIUM,CSCCNc1nc(SCCC(F)(F)F)nc2c1ncn2[C@@H]1O[C@H](COP(=O)([O-])OP(=O)([O-])C(Cl)(Cl)P(=O)([O-])[O-])[C@@H](O)[C@H]1O.[Na+].[Na+].[Na+].[Na+],-11.661500000000013,0.03747639403646765,267.23,19,3,864.2940000000004,15,3,0.7058823529411765,48
CHEMBL1095097,EPLERENONE,COC(=O)[C@@H]1CC2=CC(=O)CC[C@]2(C)[C@@]23O[C@@H]2C[C@@]2(C)[C@@H](CC[C@@]24CCC(=O)O4)[C@H]13,3.124500000000002,0.4843337144772066,82.2,6,0,414.4980000000003,1,6,0.7916666666666666,30
CHEMBL1096979,BENSERAZIDE,NC(CO)C(=O)NNCc1ccc(O)c(O)c1O,-1.7562,0.24400755497559506,148.07,7,7,257.246,5,1,0.3,18
CHEMBL1098659,WATER,O,-0.8247,0.3277476769246249,31.5,0,0,18.015,0,0,0.0,1
CHEMBL1096146,PONESIMOD,CCC/N=C1\S/C(=C\c2ccc(OC[C@H](O)CO)c(Cl)c2)C(=O)N1c1ccccc1C,4.267320000000003,0.5747649132046131,82.36,6,2,460.9830000000001,8,3,0.30434782608695654,31
CHEMBL1083659,SUVOREXANT,Cc1ccc(-n2nccn2)c(C(=O)N2CCN(c3nc4cc(Cl)ccc4o3)CC[C@H]2C)c1,4.111320000000004,0.46694253158904875,80.29,7,0,450.9300000000002,3,5,0.30434782608695654,32
CHEMBL1083385,CLOPIDOGREL BISULFATE,COC(=O)[C@H](c1ccccc1Cl)N1CCc2sccc2C1.O=S(=O)(O)O,3.0211000000000006,0.5815647707047376,104.14,6,2,419.9080000000001,3,3,0.3125,26
CHEMBL1083993,AMIODARONE HYDROCHLORIDE,CCCCc1oc2ccccc2c1C(=O)c1cc(I)c(OCCN(CC)CC)c(I)c1.Cl,7.358000000000007,0.15685729131379306,42.68,4,0,681.7800000000002,11,3,0.4,32
CHEMBL1086440,TRICLABENDAZOLE,CSc1nc2cc(Cl)c(Oc3cccc(Cl)c3Cl)cc2[nH]1,6.037300000000002,0.5794661724334339,37.91,3,1,359.665,3,3,0.07142857142857142,21
CHEMBL1082407,ENZALUTAMIDE,CNC(=O)c1ccc(N2C(=S)N(c3ccc(C#N)c(C(F)(F)F)c3)C(=O)C2(C)C)cc1F,3.992480000000003,0.5492417106050057,76.44,4,1,464.44400000000013,3,3,0.23809523809523808,32
CHEMBL1082607,SALMETEROL XINAFOATE,O=C(O)c1ccc2ccccc2c1O.OCc1cc(C(O)CNCCCCCCOCCCCc2ccccc2)ccc1O,6.351000000000008,0.07677266135666631,139.48000000000002,7,6,603.7560000000007,17,4,0.3611111111111111,44
CHEMBL1084172,VILANTEROL TRIFENATATE,O=C(O)C(c1ccccc1)(c1ccccc1)c1ccccc1.OCc1cc([C@@H](O)CNCCCCCCOCCOCc2c(Cl)cccc2Cl)ccc1O,8.713700000000003,0.03927590509539919,128.48000000000002,7,5,774.7820000000002,20,5,0.29545454545454547,54
CHEMBL1159650,CLOBETASOL PROPIONATE,CCC(=O)O[C@]1(C(=O)CCl)[C@@H](C)C[C@H]2[C@@H]3CCC4=CC(=O)C=C[C@]4(C)[C@@]3(F)[C@@H](O)C[C@@]21C,4.103100000000003,0.49795893985199036,80.67,5,1,466.97700000000026,4,4,0.72,32
CHEMBL1159717,TULOBUTEROL,CC(C)(C)NCC(O)c1ccccc1Cl,2.7615000000000007,0.8325282375400225,32.26,2,2,227.735,3,1,0.5,15
CHEMBL1160819,"AMMONIA SOLUTION, STRONG",N,0.16199999999999998,0.3975550616040572,35.0,1,1,17.031,0,0,0.0,1
CHEMBL1161681,NITROUS ACID,O=NO,0.14200000000000002,0.3118969056684334,49.66,2,1,47.013000000000005,0,0,0.0,3
CHEMBL1165342,VINCAMINE,CC[C@]12CCCN3CCc4c(n(c5ccccc45)[C@@](O)(C(=O)OC)C1)[C@@H]32,2.9525000000000015,0.8427392256408339,54.7,5,1,354.45000000000016,2,5,0.5714285714285714,26
CHEMBL1165268,IODIPAMIDE,O=C(CCCCC(=O)Nc1c(I)cc(I)c(C(=O)O)c1I)Nc1c(I)cc(I)c(C(=O)O)c1I,6.848200000000003,0.1607061463313033,132.79999999999998,4,4,1139.7640000000001,9,2,0.2,34
CHEMBL1164729,FEBUXOSTAT,Cc1nc(-c2ccc(OCC(C)C)c(C#N)c2)sc1C(=O)O,3.723200000000002,0.9084929504991409,83.21,5,1,316.382,5,2,0.3125,22
CHEMBL1171837,PONATINIB,Cc1ccc(C(=O)Nc2ccc(CN3CCN(C)CC3)c(C(F)(F)F)c2)cc1C#Cc1cnc2cccnn12,4.456020000000003,0.3935993292770261,65.77000000000001,6,1,532.5700000000002,4,5,0.27586206896551724,39
CHEMBL1173655,AFATINIB,CN(C)C/C=C/C(=O)Nc1cc2c(Nc3ccc(F)c(Cl)c3)ncnc2cc1O[C@H]1CCOC1,4.389900000000002,0.45729335341237065,88.61000000000001,7,2,485.94700000000023,8,4,0.2916666666666667,34
CHEMBL1173055,RUCAPARIB,CNCc1ccc(-c2[nH]c3cc(F)cc4c3c2CCNC4=O)cc1,2.979300000000001,0.6939222125348533,56.92,2,3,323.371,3,4,0.21052631578947367,24
CHEMBL1179047,CHLOROPROCAINE,CCN(CC)CCOC(=O)c1ccc(N)cc1Cl,2.4208,0.6371230261185129,55.56,4,1,270.76,6,1,0.46153846153846156,18
CHEMBL1180725,PROPANTHELINE,CC(C)[N+](C)(CCOC(=O)C1c2ccccc2Oc2ccccc21)C(C)C,4.730800000000005,0.5460960608858308,35.53,3,0,368.4970000000001,6,3,0.43478260869565216,27
CHEMBL1182833,MIVACURIUM,COc1cc2c(cc1OC)[C@@H](Cc1cc(OC)c(OC)c(OC)c1)[N+](C)(CCCOC(=O)CC/C=C/CCC(=O)OCCC[N+]1(C)CCc3cc(OC)c(OC)cc3[C@H]1Cc1cc(OC)c(OC)c(OC)c1)CC2,9.029000000000005,0.023091239864102397,144.9,14,0,1029.2779999999996,28,6,0.5172413793103449,74
CHEMBL1183349,ISAVUCONAZONIUM,CNCC(=O)OCc1cccnc1N(C)C(=O)OC(C)[n+]1cnn(C[C@](O)(c2cc(F)ccc2F)[C@@H](C)c2nc(-c3ccc(C#N)cc3)cs2)c1,4.584580000000004,0.13041838283661952,159.37,12,2,717.7789999999999,13,5,0.2857142857142857,51
CHEMBL1183717,ALMITRINE,C=CCNc1nc(NCC=C)nc(N2CCN(C(c3ccc(F)cc3)c3ccc(F)cc3)CC2)n1,4.257200000000004,0.423119679276289,69.21000000000001,7,2,477.56300000000016,10,4,0.2692307692307692,35
CHEMBL1184360,DIAMTHAZOLE,CCN(CC)CCOc1ccc2nc(N(C)C)sc2c1,3.0829000000000013,0.7841721598452027,28.6,5,0,293.43600000000004,7,2,0.5333333333333333,20
CHEMBL1185568,DITHIAZANINE,CCN1C(=CC=CC=Cc2sc3ccccc3[n+]2CC)Sc2ccccc21,6.251700000000006,0.37466521509943346,7.12,3,0,391.5850000000001,5,4,0.17391304347826086,27
CHEMBL1186579,METHYLNALTREXONE,C[N+]1(CC2CC2)CC[C@]23c4c5ccc(O)c4O[C@H]2C(=O)CC[C@@]3(O)[C@H]1C5,1.6699999999999997,0.7913895398394191,66.76,4,2,356.44200000000023,2,6,0.6666666666666666,26
CHEMBL1186610,ANISOTROPINE,CCCC(CCC)C(=O)O[C@H]1C[C@H]2CC[C@@H](C1)[N+]2(C)C,3.5158000000000023,0.5502340470711022,26.3,2,0,282.448,6,2,0.9411764705882353,20
CHEMBL1187011,DOMIPHEN,CCCCCCCCCCCC[N+](C)(C)CCOc1ccccc1,6.062700000000007,0.2795736563113409,9.23,1,0,334.568,15,1,0.7272727272727273,24
CHEMBL1187417,BENZALKONIUM,CCCCCCCCCCCCC[N+](C)(C)Cc1ccccc1,6.574000000000007,0.26852094533831367,0.0,0,0,318.56899999999996,14,1,0.7272727272727273,23
CHEMBL1187724,METHYLATROPINE,C[N+]1(C)[C@@H]2CC[C@H]1C[C@@H](OC(=O)C(CO)c1ccccc1)C2,2.0755,0.6841283679821213,46.53,3,1,304.41,4,3,0.6111111111111112,22
CHEMBL1187833,UMECLIDINIUM,OC(c1ccccc1)(c1ccccc1)C12CC[N+](CCOCc3ccccc3)(CC1)CC2,5.140000000000005,0.3976273688512239,29.46,2,1,428.5960000000003,8,6,0.3793103448275862,32
CHEMBL1189432,OLOPATADINE,CN(C)CC/C=C1/c2ccccc2COc2ccc(CC(=O)O)cc21,3.589500000000002,0.9057552159605037,49.769999999999996,3,1,337.4190000000001,5,3,0.2857142857142857,25
CHEMBL1189679,PALONOSETRON,O=C1c2cccc3c2[C@H](CCC3)CN1[C@@H]1CN2CCC1CC2,2.656500000000001,0.7952497114867856,23.550000000000004,2,0,296.414,1,6,0.631578947368421,22
CHEMBL1194325,ACLIDINIUM,O=C(O[C@H]1C[N+]2(CCCOc3ccccc3)CCC1CC2)C(O)(c1cccs1)c1cccs1,4.666800000000005,0.272537178442321,55.760000000000005,6,1,484.66300000000024,9,6,0.4230769230769231,33
CHEMBL1194666,DIETHYLPROPION,CCN(CC)C(C)C(=O)c1ccccc1,2.5996000000000006,0.6885993839924636,20.310000000000002,2,0,205.30100000000002,5,1,0.46153846153846156,15
CHEMBL1197051,ISOXSUPRINE,CC(COc1ccccc1)NC(C)C(O)c1ccc(O)cc1,2.871200000000001,0.7357108216476381,61.72,4,3,301.386,7,2,0.3333333333333333,22
CHEMBL1198857,VILANTEROL,OCc1cc([C@@H](O)CNCCCCCCOCCOCc2c(Cl)cccc2Cl)ccc1O,4.608100000000005,0.25930699824746595,91.18,6,4,486.43600000000015,16,2,0.5,32
CHEMBL1199080,BRETYLIUM,CC[N+](C)(C)Cc1ccccc1Br,3.0454000000000017,0.7156100675468327,0.0,0,0,243.16799999999998,3,1,0.45454545454545453,13
CHEMBL1199307,DISTIGMINE,CN(CCCCCCN(C)C(=O)Oc1ccc[n+](C)c1)C(=O)Oc1ccc[n+](C)c1,2.4574000000000007,0.46526210388499506,66.84,4,0,416.52200000000016,9,2,0.45454545454545453,30
CHEMBL1199324,FOSAPREPITANT,C[C@@H](O[C@H]1OCCN(Cc2nn(P(=O)(O)O)c(=O)[nH]2)[C@H]1c1ccc(F)cc1)c1cc(C(F)(F)F)cc(C(F)(F)F)c1,4.366300000000003,0.2645675860464442,129.91,7,3,614.4110000000003,7,4,0.391304347826087,41
CHEMBL1200321,SULFISOXAZOLE DIOLAMINE,Cc1noc(NS(=O)(=O)c2ccc(N)cc2)c1C.OCCNCCO,0.23503999999999975,0.3423026018726471,150.70999999999998,8,5,372.4470000000002,7,2,0.4,25
CHEMBL1200322,ESCITALOPRAM OXALATE,CN(C)CCC[C@@]1(c2ccc(F)cc2)OCc2cc(C#N)ccc21.O=C(O)C(=O)O,2.968580000000001,0.7237724204466454,110.86,5,2,414.43300000000016,5,3,0.3181818181818182,30
CHEMBL1200323,LABETALOL HYDROCHLORIDE,CC(CCc1ccccc1)NCC(O)c1ccc(O)c(C(N)=O)c1.Cl,2.5572000000000004,0.5785210057280791,95.57999999999998,4,4,364.8730000000001,8,2,0.3157894736842105,25
CHEMBL1200326,NICARDIPINE HYDROCHLORIDE,COC(=O)C1=C(C)NC(C)=C(C(=O)OCCN(C)Cc2ccccc2)C1c1cccc([N+](=O)[O-])c1.Cl,4.099600000000004,0.30169343677627636,111.00999999999999,8,1,515.9940000000003,9,3,0.3076923076923077,36
CHEMBL1200328,DULOXETINE HYDROCHLORIDE,CNCC[C@H](Oc1cccc2ccccc12)c1cccs1.Cl,5.052700000000004,0.6809814729769105,21.259999999999998,3,1,333.88399999999996,6,3,0.2222222222222222,22
CHEMBL1200329,TIZANIDINE HYDROCHLORIDE,Cl.Clc1ccc2nsnc2c1NC1=NCCN1,2.1376,0.8443729783280897,62.2,6,2,290.1790000000001,1,3,0.2222222222222222,17
CHEMBL1200330,PILOCARPINE HYDROCHLORIDE,CC[C@@H]1C(=O)OC[C@@H]1Cc1cncn1C.Cl,1.5836000000000001,0.7587636926785595,44.12,4,0,244.722,3,2,0.6363636363636364,16
CHEMBL1200331,FOSFOMYCIN TROMETHAMINE,C[C@@H]1O[C@@H]1P(=O)(O)O.NC(CO)(CO)CO,-2.4302999999999986,0.24012983015327216,156.76999999999998,6,6,259.19499999999994,4,1,1.0,16
CHEMBL1200332,PROTRIPTYLINE HYDROCHLORIDE,CNCCCC1c2ccccc2C=Cc2ccccc21.Cl,4.7237000000000045,0.8052987995852723,12.03,1,1,299.84499999999997,4,3,0.2631578947368421,21
CHEMBL1200334,MORICIZINE HYDROCHLORIDE,CCOC(=O)Nc1ccc2c(c1)N(C(=O)CCN1CCOCC1)c1ccccc1S2.Cl,4.528400000000005,0.7020850153313432,71.11,6,1,463.98700000000025,5,4,0.36363636363636365,31
CHEMBL1200335,TESTOSTERONE ENANTHATE,CCCCCCC(=O)O[C@H]1CC[C@H]2[C@@H]3CCC4=CC(=O)CC[C@]4(C)[C@H]3CC[C@]12C,6.400500000000007,0.3825496385561263,43.370000000000005,3,0,400.6030000000003,6,4,0.8461538461538461,29
CHEMBL1200338,PINACIDIL,CC(N/C(=N\C#N)Nc1ccncc1)C(C)(C)C.O,1.5300799999999999,0.47925301409376364,104.6,3,2,263.345,2,1,0.46153846153846156,19
CHEMBL1200339,PHENYLEPHRINE HYDROCHLORIDE,CNC[C@H](O)c1cccc(O)c1.Cl,1.0668,0.6890154036451535,52.489999999999995,3,3,203.66899999999998,3,1,0.3333333333333333,13
CHEMBL1200340,OSELTAMIVIR PHOSPHATE,CCOC(=O)C1=C[C@@H](OC(CC)CC)[C@H](NC(C)=O)[C@@H](N)C1.O=P(O)(O)O,0.3568000000000003,0.29369334924969565,168.41,6,5,410.40400000000005,7,1,0.75,27
CHEMBL1200341,INDECAINIDE HYDROCHLORIDE,CC(C)NCCCC1(C(N)=O)c2ccccc2-c2ccccc21.Cl,3.638400000000002,0.7859479282363724,55.12,2,2,344.886,6,3,0.35,24
CHEMBL1200342,PARAMETHASONE ACETATE,CC(=O)OCC(=O)[C@@]1(O)[C@H](C)C[C@H]2[C@@H]3C[C@H](F)C4=CC(=O)C=C[C@]4(C)[C@H]3[C@@H](O)C[C@@]21C,2.3224,0.661485150928691,100.90000000000002,6,2,434.50400000000025,3,4,0.7083333333333334,31
CHEMBL1200343,PERINDOPRIL ERBUMINE,CC(C)(C)N.CCC[C@H](N[C@@H](C)C(=O)N1[C@H](C(=O)O)C[C@@H]2CCCC[C@@H]21)C(=O)OCC,2.6842000000000015,0.4950216872706158,121.96000000000002,6,3,441.6130000000004,8,2,0.8695652173913043,31
CHEMBL1200345,SODIUM SUCCINATE,O=C([O-])CCC(=O)O.[Na+],-4.3949,0.40139633784799533,77.42999999999999,3,1,140.07,3,0,0.5,9
CHEMBL1200347,ISOPROPAMIDE IODIDE,CC(C)[N+](C)(CCC(C(N)=O)(c1ccccc1)c1ccccc1)C(C)C.[I-],1.1155000000000013,0.4468851885788222,43.09,1,1,480.4340000000001,8,2,0.43478260869565216,27
CHEMBL1200348,SULCONAZOLE NITRATE,Clc1ccc(CSC(Cn2ccnc2)c2ccc(Cl)cc2Cl)cc1.O=[N+]([O-])O,6.170300000000004,0.3512060082235248,81.19,5,1,460.7700000000002,6,3,0.16666666666666666,28
CHEMBL1200350,IODIPAMIDE SODIUM,O=C(CCCCC(=O)Nc1c(I)cc(I)c(C(=O)[O-])c1I)Nc1c(I)cc(I)c(C(=O)[O-])c1I.[Na+].[Na+],-1.8131999999999986,0.172828170652053,138.46,6,2,1183.728,9,2,0.2,36
CHEMBL1200351,SULFADIAZINE SODIUM,Nc1ccc(S(=O)(=O)[N-]c2ncccn2)cc1.[Na+],-1.5431,0.5387425794608911,100.04,5,1,272.26500000000004,3,2,0.0,18
CHEMBL1200353,MEGLUMINE METRIZOATE,CC(=O)Nc1c(I)c(C(=O)O)c(I)c(N(C)C(C)=O)c1I.CNC[C@H](O)[C@@H](O)[C@H](O)[C@H](O)CO,-0.21860000000000007,0.15429291815333548,199.89,9,8,823.1570000000003,9,1,0.5263157894736842,34
CHEMBL1200354,SODIUM TETRADECYL SULFATE,CCCCC(CC)CCC(CC(C)C)OS(=O)(=O)[O-].[Na+],0.8785000000000007,0.3223254984619563,66.43,4,0,316.4390000000001,11,0,1.0,20
CHEMBL1200356,CYCLACILLIN,CC1(C)S[C@@H]2[C@H](NC(=O)C3(N)CCCCC3)C(=O)N2[C@H]1C(=O)O,0.2797000000000011,0.6356637725177712,112.73,5,3,341.433,3,3,0.8,23
CHEMBL1200357,MOXALACTAM DISODIUM,CO[C@@]1(NC(=O)C(C(=O)[O-])c2ccc(O)cc2)C(=O)N2C(C(=O)[O-])=C(CSc3nnnn3C)CO[C@@H]21.[Na+].[Na+],-9.78910000000001,0.09533748435973578,211.95999999999995,14,2,564.4440000000004,9,4,0.35,38
CHEMBL1200358,SODIUM PHENYLACETATE,O=C([O-])Cc1ccccc1.[Na+],-3.0169999999999995,0.4298166451005559,40.129999999999995,2,0,158.13199999999998,2,1,0.125,11
CHEMBL1200359,SULFAMETER,COc1cnc(NS(=O)(=O)c2ccc(N)cc2)nc1,0.8681999999999999,0.8045216732232587,107.19999999999999,6,2,280.30899999999997,4,2,0.09090909090909091,19
CHEMBL1200360,IOFETAMINE HYDROCHLORIDE I 123,CC(C)NC(C)Cc1ccc([123I])cc1.Cl,3.6420000000000026,0.8284275087312809,12.03,1,1,335.64958899999993,4,1,0.5,15
CHEMBL1200365,AMINOHIPPURATE SODIUM,Nc1ccc(C(=O)NCC(=O)[O-])cc1.[Na+],-4.247499999999999,0.3949391281916663,95.25,4,2,216.17200000000003,3,1,0.1111111111111111,15
CHEMBL1200366,CEPHALEXIN HYDROCHLORIDE,CC1=C(C(=O)O)N2C(=O)[C@@H](NC(=O)[C@H](N)c3ccccc3)[C@H]2SC1.Cl.O,0.04200000000000126,0.6073493069834214,144.23000000000002,5,3,401.87200000000007,4,3,0.3125,26
CHEMBL1200367,ECHOTHIOPHATE IODIDE,CCOP(=O)(OCC)SCC[N+](C)(C)C.[I-],-0.38909999999999867,0.3251591398097626,35.53,4,0,383.23199999999997,8,0,1.0,16
CHEMBL1200368,BENTIROMIDE,O=C(O)c1ccc(NC(=O)[C@H](Cc2ccc(O)cc2)NC(=O)c2ccccc2)cc1,3.0702000000000016,0.48302303925439344,115.73000000000002,4,4,404.4220000000001,7,3,0.08695652173913043,30
CHEMBL1200370,BENZOYL PEROXIDE,O=C(OOC(=O)c1ccccc1)c1ccccc1,2.615400000000001,0.5996635086620677,52.6,4,0,242.23000000000002,2,2,0.0,18
CHEMBL1200374,EXEMESTANE,C=C1C[C@@H]2[C@H](CC[C@]3(C)C(=O)CC[C@@H]23)[C@@]2(C)C=CC(=O)C=C12,4.029500000000003,0.6760895538895387,34.14,2,0,296.41,0,4,0.6,22
CHEMBL1200375,EDETATE CALCIUM DISODIUM ANHYDROUS,O=C([O-])CN(CCN(CC(=O)[O-])CC(=O)[O-])CC(=O)[O-].[Ca+2].[Na+].[Na+],-13.782800000000009,0.3166797913329394,167.0,10,0,374.27,11,0,0.6,23
CHEMBL1200376,BETAMETHASONE BENZOATE,C[C@H]1C[C@H]2[C@@H]3CCC4=CC(=O)C=C[C@]4(C)[C@@]3(F)[C@@H](O)C[C@]2(C)[C@@]1(OC(=O)c1ccccc1)C(=O)CO,3.760400000000003,0.6159542688928459,100.9,6,2,496.57500000000033,4,5,0.5517241379310345,36
CHEMBL1200377,AMPHETAMINE ASPARTATE,CC(N)Cc1ccccc1.NC(CC(=O)O)C(=O)O,0.44930000000000037,0.6137456922602698,126.64,4,4,268.31299999999993,5,1,0.38461538461538464,19
CHEMBL1200379,APRACLONIDINE HYDROCHLORIDE,Cl.Nc1cc(Cl)c(N=C2NCCN2)c(Cl)c1,2.1776999999999997,0.6914906603035105,62.44,2,3,281.574,1,2,0.2222222222222222,16
CHEMBL1200380,ACYCLOVIR SODIUM,Nc1nc([O-])c2ncn(COCCO)c2n1.[Na+],-4.5474999999999985,0.41177118659345086,122.14,8,2,247.18999999999997,4,2,0.375,17
CHEMBL1200381,ARGININE HYDROCHLORIDE,Cl.N=C(N)NCCC[C@H](N)C(=O)O,-0.9166299999999994,0.22810320668701137,125.22000000000001,3,5,210.66500000000002,5,0,0.6666666666666666,13
CHEMBL1200382,BEPRIDIL HYDROCHLORIDE,CC(C)COCC(CN(Cc1ccccc1)c1ccccc1)N1CCCC1.Cl.O,4.427300000000007,0.5708596704487062,47.21,3,0,421.0250000000002,10,3,0.5,29
CHEMBL1200383,BENZTROPINE MESYLATE,CN1[C@@H]2CC[C@H]1C[C@@H](OC(c1ccccc1)c1ccccc1)C2.CS(=O)(=O)O,3.921800000000003,0.7839478160336634,66.84,4,1,403.54400000000015,4,4,0.45454545454545453,28
CHEMBL1200384,BETAMETHASONE DIPROPIONATE,CCC(=O)OCC(=O)[C@@]1(OC(=O)CC)[C@@H](C)C[C@H]2[C@@H]3CCC4=CC(=O)C=C[C@]4(C)[C@@]3(F)[C@@H](O)C[C@@]21C,3.8175000000000026,0.5482119854331166,106.97000000000001,7,1,504.5950000000003,6,4,0.7142857142857143,36
CHEMBL1200385,ARBUTAMINE HYDROCHLORIDE,Cl.Oc1ccc(CCCCNC[C@H](O)c2ccc(O)c(O)c2)cc1,2.8711,0.37151680398769205,92.95,5,5,353.84600000000006,8,2,0.3333333333333333,24
CHEMBL1200386,PREDNICARBATE,CCOC(=O)O[C@]1(C(=O)COC(=O)CC)CC[C@H]2[C@@H]3CCC4=CC(=O)C=C[C@]4(C)[C@H]3[C@@H](O)C[C@@]21C,3.6993000000000027,0.562816868972934,116.2,8,1,488.5770000000002,6,4,0.7037037037037037,35
CHEMBL1200387,AMPHETAMINE ADIPATE,CC(N)Cc1ccccc1.O=C(O)CCCCC(=O)O,2.2923,0.6656404299220928,100.62000000000002,3,3,281.3519999999999,7,1,0.4666666666666667,20
CHEMBL1200388,CLOXACILLIN SODIUM,Cc1onc(-c2ccccc2Cl)c1C(=O)N[C@@H]1C(=O)N2[C@@H]1SC(C)(C)[C@@H]2C(=O)[O-].O.[Na+],-2.6066799999999963,0.3762109728235025,147.07,7,1,475.88600000000025,4,4,0.3684210526315789,31
CHEMBL1200391,TROMETHAMINE,NC(CO)(CO)CO,-2.3391999999999995,0.3368315430776369,86.71000000000001,4,4,121.136,3,0,1.0,8
CHEMBL1200392,DOXYLAMINE SUCCINATE,CN(C)CCOC(C)(c1ccccc1)c1ccccn1.O=C(O)CCC(=O)O,2.8591000000000006,0.6811649986882308,99.96,5,2,388.4640000000002,9,2,0.38095238095238093,28
CHEMBL1200393,GREPAFLOXACIN HYDROCHLORIDE,Cc1c(F)c(N2CCNC(C)C2)cc2c1c(=O)c(C(=O)O)cn2C1CC1.Cl,2.7020200000000005,0.8354053854261019,74.57,5,2,395.86200000000014,3,4,0.47368421052631576,27
CHEMBL1200395,ORPHENADRINE CITRATE,Cc1ccccc1C(OCCN(C)C)c1ccccc1.O=C(O)CC(O)(CC(=O)O)C(=O)O,2.4141199999999996,0.39629023286386356,144.6,6,4,461.51100000000025,11,2,0.375,33
CHEMBL1200396,BUPIVACAINE HYDROCHLORIDE,CCCCN1CCCCC1C(=O)Nc1c(C)cccc1C.Cl,4.3183400000000045,0.8745103781587379,32.34,2,1,324.896,5,2,0.6111111111111112,22
CHEMBL1200397,BUTENAFINE HYDROCHLORIDE,CN(Cc1ccc(C(C)(C)C)cc1)Cc1cccc2ccccc12.Cl,6.191100000000006,0.5400315356299066,3.24,1,0,353.93699999999995,4,3,0.30434782608695654,25
CHEMBL1200398,BUTOCONAZOLE NITRATE,Clc1ccc(CCC(Cn2ccnc2)Sc2c(Cl)cccc2Cl)cc1.O=[N+]([O-])O,6.289300000000003,0.24713061355629048,81.19,5,1,474.79700000000014,7,3,0.21052631578947367,29
CHEMBL1200399,BUSPIRONE HYDROCHLORIDE,Cl.O=C1CC2(CCCC2)CC(=O)N1CCCCN1CCN(c2ncccn2)CC1,2.5100000000000007,0.5188941827548458,69.64000000000001,6,0,421.9730000000002,6,4,0.7142857142857143,29
CHEMBL1200400,AZATHIOPRINE SODIUM,Cn1cnc([N+](=O)[O-])c1Sc1ncnc2nc[n-]c12.[Na+],-2.221099999999999,0.23113691829900596,113.72999999999999,8,0,299.25100000000003,3,3,0.1111111111111111,20
CHEMBL1200402,AMLODIPINE BESYLATE,CCOC(=O)C1=C(COCCN)NC(C)=C(C(=O)OC)C1c1ccccc1Cl.O=S(=O)(O)c1ccccc1,3.199600000000002,0.2339910802512774,154.25,9,3,567.0600000000002,9,3,0.3076923076923077,38
CHEMBL1200405,BITOLTEROL MESYLATE,CS(=O)(=O)O.Cc1ccc(C(=O)Oc2ccc(C(O)CNC(C)(C)C)cc2OC(=O)c2ccc(C)cc2)cc1,4.667340000000005,0.21482513052033347,139.23000000000002,8,3,557.6650000000003,7,3,0.3103448275862069,39
CHEMBL1200406,DIMENHYDRINATE,CN(C)CCOC(c1ccccc1)c1ccccc1.Cn1c(=O)c2[nH]c(Cl)nc2n(C)c1=O,2.967900000000001,0.43870827174350074,85.15,7,1,469.97300000000024,6,4,0.2916666666666667,33
CHEMBL1200409,LIDOCAINE HYDROCHLORIDE,CCN(CC)CC(=O)Nc1c(C)cccc1C.Cl.O,2.180840000000001,0.9024473990322767,63.84,2,1,288.819,5,1,0.5,19
CHEMBL1200410,PROCARBAZINE HYDROCHLORIDE,CNNCc1ccc(C(=O)NC(C)C)cc1.Cl,1.4705999999999997,0.7005684076841382,53.16,3,3,257.765,5,1,0.4166666666666667,17
CHEMBL1200411,ROPINIROLE HYDROCHLORIDE,CCCN(CCC)CCc1cccc2c1CC(=O)N2.Cl,3.2675000000000023,0.8374092277395009,32.34,2,1,296.8419999999999,7,2,0.5625,20
CHEMBL1200412,NANDROLONE PHENPROPIONATE,C[C@]12CC[C@H]3[C@@H](CCC4=CC(=O)CC[C@@H]43)[C@@H]1CC[C@@H]2OC(=O)CCc1ccccc1,5.672800000000006,0.6049275845173735,43.370000000000005,3,0,406.56600000000014,4,5,0.6296296296296297,30
CHEMBL1200413,TETRAHYDROZOLINE HYDROCHLORIDE,Cl.c1ccc2c(c1)CCCC2C1=NCCN1,2.5300000000000002,0.7964017956639132,24.39,2,1,236.74599999999998,1,3,0.46153846153846156,16
CHEMBL1200418,DOBUTAMINE HYDROCHLORIDE,CC(CCc1ccc(O)cc1)NCCc1ccc(O)c(O)c1.Cl,3.3786000000000036,0.5844061453967062,72.72,4,4,337.84700000000004,7,2,0.3333333333333333,23
CHEMBL1200419,MOLINDONE HYDROCHLORIDE,CCc1c(C)[nH]c2c1C(=O)C(CN1CCOCC1)CC2.Cl,2.3846200000000013,0.9318524593663999,45.33,3,1,312.84099999999995,3,3,0.6875,21
CHEMBL1200420,MIDAZOLAM HYDROCHLORIDE,Cc1ncc2n1-c1ccc(Cl)cc1C(c1ccccc1F)=NC2.Cl,4.746020000000003,0.6147185846913432,30.18,3,0,362.23500000000007,1,4,0.1111111111111111,24
CHEMBL1200423,METRIZOATE SODIUM,CC(=O)Nc1c(I)c(C(=O)[O-])c(I)c(N(C)C(C)=O)c1I.[Na+],-1.1909999999999994,0.3298169562661434,89.53999999999999,4,1,649.9240000000002,3,1,0.25,22
CHEMBL1200424,PENTETATE ZINC TRISODIUM,O=C([O-])CN(CCN(CC(=O)[O-])CC(=O)[O-])CCN(CC(=O)[O-])CC(=O)[O-].[Na+].[Na+].[Na+].[Zn+2],-18.34859999999998,0.17249204345319485,210.37,13,0,522.6690000000002,16,0,0.6428571428571429,31
CHEMBL1200425,PARGYLINE HYDROCHLORIDE,C#CCN(C)Cc1ccccc1.Cl,2.1734000000000004,0.6687571469459022,3.24,1,0,195.693,3,1,0.2727272727272727,13
CHEMBL1200426,METHIXENE HYDROCHLORIDE,CN1CCCC(CC2c3ccccc3Sc3ccccc32)C1.Cl.O,4.612100000000006,0.7802487156185398,34.74,2,0,363.95400000000006,2,4,0.4,24
CHEMBL1200430,ESTRADIOL ACETATE,CC(=O)Oc1ccc2c(c1)CC[C@@H]1[C@@H]2CC[C@]2(C)[C@@H](O)CC[C@@H]12,3.8289000000000026,0.6328232396055683,46.53,3,1,314.425,1,4,0.65,23
CHEMBL1200432,METHYLDOPATE HYDROCHLORIDE,CCOC(=O)[C@@](C)(N)Cc1ccc(O)c(O)c1.Cl,1.3425999999999993,0.569579815181922,92.78,5,3,275.732,4,1,0.4166666666666667,18
CHEMBL1200434,OXTRIPHYLLINE,C[N+](C)(C)CCO.Cn1c(=O)c2[n-]cnc2n(C)c1=O,-1.725699999999997,0.6616720186550181,91.22,6,1,283.332,2,2,0.5833333333333334,20
CHEMBL1200436,OXANDROLONE,C[C@]12COC(=O)C[C@@H]1CC[C@@H]1[C@@H]2CC[C@@]2(C)[C@H]1CC[C@]2(C)O,3.543100000000003,0.6962908532154631,46.53,3,1,306.446,0,4,0.9473684210526315,22
CHEMBL1200437,QUINIDINE GLUCONATE,C=C[C@H]1CN2CC[C@H]1C[C@@H]2[C@@H](O)c1ccnc2ccc(OC)cc12.O=C(O)[C@H](O)[C@@H](O)[C@H](O)[C@H](O)CO,-0.31989999999999963,0.215051518857299,184.04,10,7,520.5790000000003,9,5,0.5384615384615384,37
CHEMBL1200438,TIOCONAZOLE,Clc1ccc(C(Cn2ccnc2)OCc2ccsc2Cl)c(Cl)c1,5.8629000000000016,0.5291897722454129,27.05,4,0,387.71900000000005,6,3,0.1875,23
CHEMBL1200439,IODOHIPPURATE SODIUM I 123,O=C([O-])CNC(=O)c1ccccc1[123I].[Na+],-3.2250999999999976,0.46996032965920953,69.22999999999999,3,1,323.054589,3,1,0.1111111111111111,15
CHEMBL1200440,MEPIVACAINE HYDROCHLORIDE,Cc1cccc(C)c1NC(=O)C1CCCCN1C.Cl,3.148040000000002,0.9037139568839833,32.34,2,1,282.81499999999994,2,2,0.5333333333333333,19
CHEMBL1200444,PIRBUTEROL ACETATE,CC(=O)O.CC(C)(C)NCC(O)c1ccc(O)c(CO)n1,0.7918999999999998,0.556809182356454,122.91000000000001,6,5,300.355,4,1,0.5714285714285714,21
CHEMBL1200446,TRIPELENNAMINE HYDROCHLORIDE,CN(C)CCN(Cc1ccccc1)c1ccccn1.Cl,3.0716000000000014,0.8152888997981346,19.37,3,0,291.826,6,2,0.3125,20
CHEMBL1200448,TILUDRONATE DISODIUM,O=P([O-])(O)C(Sc1ccc(Cl)cc1)P(=O)([O-])O.[Na+].[Na+],-5.184899999999998,0.31195072690415454,120.72000000000001,5,2,362.5750000000001,4,1,0.14285714285714285,19
CHEMBL1200449,TRIAMCINOLONE DIACETATE,CC(=O)OCC(=O)[C@@]1(O)[C@H](OC(C)=O)C[C@H]2[C@@H]3CCC4=CC(=O)C=C[C@]4(C)[C@@]3(F)[C@@H](O)C[C@@]21C,1.7620999999999991,0.5855060519155003,127.2,8,2,478.5130000000003,4,4,0.68,34
CHEMBL1200453,DOCOSANOL,CCCCCCCCCCCCCCCCCCCCCCO,7.800600000000008,0.226191976485649,20.23,1,1,326.60900000000004,20,0,1.0,23
CHEMBL1200454,VALGANCICLOVIR HYDROCHLORIDE,CC(C)[C@H](N)C(=O)OCC(CO)OCn1cnc2c(=O)nc(N)[nH]c21.Cl,-1.014899999999999,0.41155594285964814,171.37,10,4,390.82800000000003,8,2,0.5714285714285714,26
CHEMBL1200455,IOHEXOL,CC(=O)N(CC(O)CO)c1c(I)c(C(=O)NCC(O)CO)c(I)c(C(=O)NCC(O)CO)c1I,-1.6274999999999986,0.11425581094764041,199.89,9,8,821.1410000000001,12,1,0.5263157894736842,34
CHEMBL1200458,POTASSIUM CITRATE ANHYDROUS,O=C([O-])CC(O)(CC(=O)[O-])C(=O)[O-].[K+].[K+].[K+],-14.240600000000004,0.49705399532953193,140.62,7,1,306.393,5,0,0.5,16
CHEMBL1200459,"POTASSIUM PHOSPHATE, DIBASIC",O=P([O-])([O-])O.[K+].[K+],-8.1846,0.29185128799470167,83.42,3,1,174.17399999999998,0,0,0.0,7
CHEMBL1200461,MIDODRINE HYDROCHLORIDE,COc1ccc(OC)c(C(O)CNC(=O)CN)c1.Cl,0.23390000000000027,0.6973906817310775,93.80999999999999,5,3,290.74699999999996,6,1,0.4166666666666667,19
CHEMBL1200463,OXAPROZIN POTASSIUM,O=C([O-])CCc1nc(-c2ccccc2)c(-c2ccccc2)o1.[K+],-0.30489999999999995,0.6020061182062483,66.16,4,0,331.4120000000001,5,3,0.1111111111111111,23
CHEMBL1200464,PROPARACAINE HYDROCHLORIDE,CCCOc1ccc(C(=O)OCCN(CC)CC)cc1N.Cl,2.978000000000001,0.5567519495556754,64.79,5,1,330.85599999999994,9,1,0.5625,22
CHEMBL1200467,HYDROXYZINE PAMOATE,O=C(O)c1cc2ccccc2c(Cc2c(O)c(C(=O)O)cc3ccccc23)c1O.OCCOCCN1CCN(C(c2ccccc2)c2ccc(Cl)cc2)CC1,7.447300000000008,0.07960610040668166,151.0,8,5,763.287,12,7,0.22727272727272727,55
CHEMBL1200468,MALATHION,CCOC(=O)CC(SP(=S)(OC)OC)C(=O)OCC,2.1218000000000004,0.4701971932858886,71.06,8,0,330.3640000000001,9,0,0.8,19
CHEMBL1200469,PROMAZINE HYDROCHLORIDE,CN(C)CCCN1c2ccccc2Sc2ccccc21.Cl,4.662800000000004,0.808463326754601,6.48,3,0,320.88900000000007,4,3,0.29411764705882354,21
CHEMBL1200470,ESOMEPRAZOLE SODIUM,COc1ccc2[n-]c([S@@+]([O-])Cc3ncc(C)c(OC)c3C)nc2c1.[Na+],-0.46715999999999913,0.44813948244639146,81.4,5,0,367.4060000000001,5,3,0.29411764705882354,25
CHEMBL1200472,QUAZEPAM,Fc1ccccc1C1=NCC(=S)N(CC(F)(F)F)c2ccc(Cl)cc21,5.026200000000003,0.5313446230748395,15.6,2,0,386.8010000000001,2,3,0.17647058823529413,25
CHEMBL1200473,CYCLOPENTOLATE HYDROCHLORIDE,CN(C)CCOC(=O)C(c1ccccc1)C1(O)CCCC1.Cl,2.601900000000001,0.8159554366198675,49.769999999999996,4,1,327.85200000000015,6,2,0.5882352941176471,22
CHEMBL1200474,DEMECLOCYCLINE HYDROCHLORIDE,CN(C)[C@@H]1C(O)=C(C(N)=O)C(=O)[C@@]2(O)C(O)=C3C(=O)c4c(O)ccc(Cl)c4[C@@H](O)[C@H]3C[C@@H]12.Cl,0.6867000000000003,0.31773970584724975,181.61999999999998,9,6,501.31900000000013,2,4,0.38095238095238093,33
CHEMBL1200475,DAUNORUBICIN CITRATE,COc1cccc2c1C(=O)c1c(O)c3c(c(O)c1C2=O)C[C@@](O)(C(C)=O)C[C@@H]3O[C@H]1C[C@H](N)[C@H](O)[C@H](C)O1.O=C(O)CC(O)(CC(=O)O)C(=O)O,-0.2195999999999983,0.129062379620518,317.97,15,9,719.6490000000003,9,5,0.45454545454545453,51
CHEMBL1200477,ALLOPURINOL SODIUM,O=c1[n-]cnc2[nH]ncc12.[Na+],-3.7207,0.40005104105237965,72.74000000000001,3,1,158.096,0,2,0.0,11
CHEMBL1200478,DYCLONINE HYDROCHLORIDE,CCCCOc1ccc(C(=O)CCN2CCCCC2)cc1.Cl,4.3460000000000045,0.5255467785606526,29.54,3,0,325.87999999999994,8,2,0.6111111111111112,22
CHEMBL1200479,DICYCLOMINE HYDROCHLORIDE,CCN(CC)CCOC(=O)C1(C2CCCCC2)CCCCC1.Cl,4.824000000000006,0.6191086725141113,29.54,3,0,345.9550000000001,7,2,0.9473684210526315,23
CHEMBL1200480,OCTREOTIDE ACETATE,CC(=O)O.C[C@@H](O)[C@@H]1NC(=O)[C@H](CCCCN)NC(=O)[C@@H](Cc2c[nH]c3ccccc23)NC(=O)[C@H](Cc2ccccc2)NC(=O)[C@@H](NC(=O)[C@H](N)Cc2ccccc2)CSSC[C@@H](C(=O)N[C@H](CO)[C@@H](C)O)NC1=O,-0.714499999999993,0.0458608206761137,369.5199999999999,15,14,1079.3129999999999,17,5,0.45098039215686275,75
CHEMBL1200482,CEFOPERAZONE SODIUM,CCN1CCN(C(=O)N[C@@H](C(=O)N[C@@H]2C(=O)N3C(C(=O)[O-])=C(CSc4nnnn4C)CS[C@H]23)c2ccc(O)cc2)C(=O)C1=O.[Na+],-5.442699999999995,0.09843919259039594,223.08999999999995,14,3,667.6620000000004,9,5,0.4,45
CHEMBL1200483,PHENMETRAZINE HYDROCHLORIDE,CC1NCCOC1c1ccccc1.Cl,2.1578000000000004,0.7722252019917194,21.259999999999998,2,1,213.70800000000003,1,2,0.45454545454545453,14
CHEMBL1200485,SORAFENIB TOSYLATE,CNC(=O)c1cc(Oc2ccc(NC(=O)Nc3ccc(Cl)c(C(F)(F)F)c3)cc2)ccn1.Cc1ccc(S(=O)(=O)O)cc1,6.791420000000006,0.1703941586464757,146.72,6,4,637.0360000000003,6,4,0.10714285714285714,43
CHEMBL1200487,ETHACRYNATE SODIUM,C=C(CC)C(=O)c1ccc(OCC(=O)[O-])c(Cl)c1Cl.[Na+],-0.7250000000000003,0.39315381497167773,66.43,4,0,325.12299999999993,6,1,0.23076923076923078,20
CHEMBL1200490,CETRORELIX,CC(=O)N[C@H](Cc1ccc2ccccc2c1)C(=O)N[C@H](Cc1ccc(Cl)cc1)C(=O)N[C@H](Cc1cccnc1)C(=O)N[C@@H](CO)C(=O)N[C@@H](Cc1ccc(O)cc1)C(=O)N[C@H](CCCNC(N)=O)C(=O)N[C@@H](CC(C)C)C(=O)N[C@@H](CCCNC(=N)N)C(=O)N1CCC[C@H]1C(=O)N[C@H](C)C(N)=O,-0.506130000000012,0.01344728720162339,495.66999999999985,16,17,1431.0640000000003,38,6,0.42857142857142855,102
CHEMBL1200491,EPINASTINE HYDROCHLORIDE,Cl.NC1=NCC2c3ccccc3Cc3ccccc3N12,2.888600000000001,0.8085749172146357,41.62,3,1,285.778,0,4,0.1875,20
CHEMBL1200492,NEFAZODONE HYDROCHLORIDE,CCc1nn(CCCN2CCN(c3cccc(Cl)c3)CC2)c(=O)n1CCOc1ccccc1.Cl,3.973700000000003,0.4167060854057817,55.53,7,0,506.47800000000035,10,4,0.44,34
CHEMBL1200493,NAFTIFINE HYDROCHLORIDE,CN(C/C=C/c1ccccc1)Cc1cccc2ccccc12.Cl,5.406800000000005,0.6067682137137237,3.24,1,0,323.867,5,3,0.14285714285714285,23
CHEMBL1200494,GUANFACINE HYDROCHLORIDE,Cl.N=C(N)NC(=O)Cc1c(Cl)cccc1Cl,1.9673699999999998,0.5725777791060908,78.97,2,3,282.558,2,1,0.1111111111111111,16
CHEMBL1200495,HYDROCORTISONE SODIUM SUCCINATE,C[C@]12CCC(=O)C=C1CC[C@@H]1[C@@H]2[C@@H](O)C[C@@]2(C)[C@H]1CC[C@]2(O)C(=O)COC(=O)CCC(=O)[O-].[Na+],-2.1333999999999937,0.32172279553438154,141.03,8,2,484.5210000000004,6,4,0.76,34
CHEMBL1200497,CYCLIZINE LACTATE,CC(O)C(=O)O.CN1CCN(C(c2ccccc2)c2ccccc2)CC1,2.4752,0.8811317281302217,64.01,4,2,356.4660000000001,4,3,0.38095238095238093,26
CHEMBL1200498,ALATROFLOXACIN MESYLATE,CS(=O)(=O)O.C[C@H](N)C(=O)N[C@@H](C)C(=O)N[C@H]1[C@@H]2CN(c3nc4c(cc3F)c(=O)c(C(=O)O)cn4-c3ccc(F)cc3F)C[C@@H]21,0.40790000000000054,0.22007675540108784,214.02,10,5,654.6240000000001,7,5,0.37037037037037035,45
CHEMBL1200500,BECLOMETHASONE DIPROPIONATE,CCC(=O)OCC(=O)[C@@]1(OC(=O)CC)[C@@H](C)C[C@H]2[C@@H]3CCC4=CC(=O)C=C[C@]4(C)[C@@]3(Cl)[C@@H](O)C[C@@]21C,4.086800000000004,0.4149432383701715,106.97000000000001,7,1,521.0500000000003,6,4,0.7142857142857143,36
CHEMBL1200501,GOSERELIN ACETATE,CC(=O)O.CC(C)C[C@H](NC(=O)[C@@H](COC(C)(C)C)NC(=O)[C@H](Cc1ccc(O)cc1)NC(=O)[C@H](CO)NC(=O)[C@H](Cc1c[nH]c2ccccc12)NC(=O)[C@H](Cc1cnc[nH]1)NC(=O)[C@@H]1CCC(=O)N1)C(=O)N[C@@H](CCCNC(=N)N)C(=O)N1CCC[C@H]1C(=O)NNC(N)=O,-2.8051300000000214,0.010468694719609286,530.6899999999998,17,19,1329.4850000000008,31,6,0.5081967213114754,95
CHEMBL1200503,BROMOCRIPTINE MESYLATE,CC(C)C[C@H]1C(=O)N2CCC[C@H]2[C@]2(O)O[C@](NC(=O)[C@@H]3C=C4c5cccc6[nH]c(Br)c(c56)C[C@H]4N(C)C3)(C(C)C)C(=O)N12.CS(=O)(=O)O,2.6968000000000005,0.33566016866231274,172.57999999999998,8,4,750.713,5,7,0.6060606060606061,48
CHEMBL1200506,ERYTHROMYCIN LACTOBIONATE,CC[C@H]1OC(=O)[C@H](C)[C@@H](O[C@H]2C[C@@](C)(OC)[C@@H](O)[C@H](C)O2)[C@H](C)[C@@H](O[C@@H]2O[C@H](C)C[C@H](N(C)C)[C@H]2O)[C@](C)(O)C[C@@H](C)C(=O)[C@H](C)[C@@H](O)[C@]1(C)O.O=C(O)[C@H](O)[C@@H](O)[C@H](O[C@@H]1O[C@H](CO)[C@H](O)[C@H](O)[C@H]1O)[C@H](O)CO,-3.8832999999999998,0.06975612242490181,411.5100000000001,25,14,1092.2330000000009,15,4,0.9387755102040817,75
CHEMBL1200507,IODIXANOL,CC(=O)N(CC(O)CN(C(C)=O)c1c(I)c(C(=O)NCC(O)CO)c(I)c(C(=O)NCC(O)CO)c1I)c1c(I)c(C(=O)NCC(O)CO)c(I)c(C(=O)NCC(O)CO)c1I,-1.5868999999999964,0.059188514179741025,339.09,15,13,1550.1880000000006,22,2,0.4857142857142857,62
CHEMBL1200508,IOXAGLATE MEGLUMINE,CNC(=O)c1c(I)c(C(=O)NCC(=O)Nc2c(I)c(C(=O)O)c(I)c(C(=O)NCCO)c2I)c(I)c(N(C)C(C)=O)c1I.CNC[C@H](O)[C@@H](O)[C@H](O)[C@H](O)CO,0.08700000000000013,0.09929008568685647,307.42,13,12,1464.098,16,2,0.41935483870967744,56
CHEMBL1200509,HISTRELIN ACETATE,CC(=O)O.CCNC(=O)[C@@H]1CCCN1C(=O)[C@H](CCCNC(=N)N)NC(=O)[C@H](CC(C)C)NC(=O)[C@@H](Cc1cn(Cc2ccccc2)cn1)NC(=O)[C@H](Cc1ccc(O)cc1)NC(=O)[C@H](CO)NC(=O)[C@H](Cc1c[nH]c2ccccc12)NC(=O)[C@H](Cc1cnc[nH]1)NC(=O)[C@@H]1CCC(=O)N1,-0.6961300000000059,0.013496316300052413,484.15999999999985,17,17,1383.5800000000004,34,8,0.4411764705882353,100
CHEMBL1200510,ERYTHROMYCIN STEARATE,CCCCCCCCCCCCCCCCCC(=O)O.CC[C@H]1OC(=O)[C@H](C)[C@@H](O[C@H]2C[C@@](C)(OC)[C@@H](O)[C@H](C)O2)[C@H](C)[C@@H](O[C@@H]2O[C@H](C)C[C@H](N(C)C)[C@H]2O)[C@](C)(O)C[C@@H](C)C(=O)[C@H](C)[C@@H](O)[C@]1(C)O,8.11810000000001,0.04191925019480482,231.20999999999998,15,6,1018.4210000000002,23,3,0.9454545454545454,71
CHEMBL1200511,GONADORELIN ACETATE,CC(=O)O.CC(C)C[C@H](NC(=O)CNC(=O)[C@H](Cc1ccc(O)cc1)NC(=O)[C@H](CO)NC(=O)[C@H](Cc1c[nH]c2ccccc12)NC(=O)[C@H](Cc1cnc[nH]1)NC(=O)[C@@H]1CCC(=O)N1)C(=O)N[C@@H](CCCNC(=N)N)C(=O)N1CCC[C@H]1C(=O)NCC(N)=O,-4.0868300000000195,0.012940465718218778,509.42999999999984,16,18,1242.3630000000003,31,6,0.47368421052631576,89
CHEMBL1200514,DEMECARIUM BROMIDE,CN(CCCCCCCCCCN(C)C(=O)Oc1cccc([N+](C)(C)C)c1)C(=O)Oc1cccc([N+](C)(C)C)c1.[Br-].[Br-],0.7702000000000064,0.20224196782935647,59.08,4,0,716.6000000000001,15,2,0.5625,42
CHEMBL1200515,DESERPIDINE,COC(=O)[C@H]1[C@H]2C[C@@H]3c4[nH]c5ccccc5c4CCN3C[C@H]2C[C@@H](OC(=O)c2cc(OC)c(OC)c(OC)c2)[C@@H]1OC,4.162500000000003,0.4135684352582827,108.55000000000001,9,1,578.6620000000004,7,6,0.5,42
CHEMBL1200516,GONADORELIN HYDROCHLORIDE,CC(C)C[C@H](NC(=O)CNC(=O)[C@H](Cc1ccc(O)cc1)NC(=O)[C@H](CO)NC(=O)[C@H](Cc1c[nH]c2ccccc12)NC(=O)[C@H](Cc1cnc[nH]1)NC(=O)[C@@H]1CCC(=O)N1)C(=O)N[C@@H](CCCNC(=N)N)C(=O)N1CCC[C@H]1C(=O)NCC(N)=O.Cl,-3.7559300000000113,0.013074657263326536,472.1299999999998,15,17,1218.772,31,6,0.4727272727272727,86
CHEMBL1200517,DIHYDROERGOTAMINE MESYLATE,CN1C[C@H](C(=O)N[C@]2(C)O[C@@]3(O)[C@@H]4CCCN4C(=O)[C@H](Cc4ccccc4)N3C2=O)C[C@@H]2c3cccc4[nH]cc(c34)C[C@H]21.CS(=O)(=O)O,1.585100000000004,0.29898350711263993,172.57999999999998,8,4,679.7960000000002,4,8,0.5,48
CHEMBL1200521,ALMOTRIPTAN MALATE,CN(C)CCc1c[nH]c2ccc(CS(=O)(=O)N3CCCC3)cc12.O=C(O)CC(O)C(=O)O,1.1042000000000007,0.4262101503734198,151.24,6,4,469.56000000000034,9,3,0.5238095238095238,32
CHEMBL1200522,AVOBENZONE,COc1ccc(C(=O)CC(=O)c2ccc(C(C)(C)C)cc2)cc1,4.448400000000004,0.6051449189078485,43.370000000000005,3,0,310.393,5,2,0.3,23
CHEMBL1200523,CEFAZOLIN SODIUM,Cc1nnc(SCC2=C(C(=O)[O-])N3C(=O)[C@@H](NC(=O)Cn4cnnn4)[C@H]3SC2)s1.[Na+],-4.966779999999997,0.2316550414677886,158.91999999999996,13,1,476.5010000000002,7,4,0.42857142857142855,30
CHEMBL1200527,ATRACURIUM BESYLATE,COc1ccc(CC2c3cc(OC)c(OC)cc3CC[N+]2(C)CCC(=O)OCCCCCOC(=O)CC[N+]2(C)CCc3cc(OC)c(OC)cc3C2Cc2ccc(OC)c(OC)c2)cc1OC.O=S(=O)([O-])c1ccccc1.O=S(=O)([O-])c1ccccc1,9.246900000000004,0.021258056024081737,240.84000000000003,18,0,1243.5010000000002,26,8,0.4153846153846154,87
CHEMBL1200530,CEFOXITIN SODIUM,CO[C@@]1(NC(=O)Cc2cccs2)C(=O)N2C(C(=O)[O-])=C(COC(N)=O)CS[C@@H]21.[Na+],-4.232099999999998,0.24144030965779215,151.09,9,2,449.44200000000023,7,3,0.375,29
CHEMBL1200531,ALFENTANIL HYDROCHLORIDE,CCC(=O)N(c1ccccc1)C1(COC)CCN(CCn2nnn(CC)c2=O)CC1.Cl,1.8056999999999994,0.5764029162660548,85.49000000000001,8,0,452.98700000000025,9,3,0.6190476190476191,31
CHEMBL1200532,METHDILAZINE HYDROCHLORIDE,CN1CCC(CN2c3ccccc3Sc3ccccc32)C1.Cl,4.662800000000004,0.7891871865718201,6.48,3,0,332.90000000000003,2,4,0.3333333333333333,22
CHEMBL1200534,MOEXIPRIL HYDROCHLORIDE,CCOC(=O)[C@H](CCc1ccccc1)N[C@@H](C)C(=O)N1Cc2cc(OC)c(OC)cc2C[C@H]1C(=O)O.Cl,3.0061000000000013,0.42283742472751223,114.40000000000002,7,2,535.0370000000005,11,3,0.4444444444444444,37
CHEMBL1200538,BETAMETHASONE ACETATE,CC(=O)OCC(=O)[C@@]1(O)[C@@H](C)C[C@H]2[C@@H]3CCC4=CC(=O)C=C[C@]4(C)[C@@]3(F)[C@@H](O)C[C@@]21C,2.466500000000001,0.6621165611785135,100.90000000000002,6,2,434.5040000000002,3,4,0.7083333333333334,31
CHEMBL1200539,CALCIUM CARBONATE,O=C([O-])[O-].[Ca+2],-2.8278,0.30816258436845,63.19,3,0,100.08600000000001,0,0,0.0,5
CHEMBL1200541,AMBENONIUM CHLORIDE,CC[N+](CC)(CCNC(=O)C(=O)NCC[N+](CC)(CC)Cc1ccccc1Cl)Cc1ccccc1Cl.[Cl-].[Cl-],-1.3527999999999927,0.2061136073725602,58.2,2,2,608.4820000000002,14,2,0.5,38
CHEMBL1200542,DESOXYCORTICOSTERONE ACETATE,CC(=O)OCC(=O)[C@H]1CC[C@H]2[C@@H]3CCC4=CC(=O)CC[C@]4(C)[C@H]3CC[C@]12C,4.266700000000004,0.6943873137939288,60.440000000000005,4,0,372.5050000000002,3,4,0.782608695652174,27
CHEMBL1200543,ANILERIDINE PHOSPHATE,CCOC(=O)C1(c2ccccc2)CCN(CCc2ccc(N)cc2)CC1.O=P(O)(O)O,2.479600000000001,0.2997048976927542,133.32,5,4,450.4720000000001,6,3,0.4090909090909091,31
CHEMBL1200544,CEPHALEXIN,CC1=C(C(=O)O)N2C(=O)[C@@H](NC(=O)[C@H](N)c3ccccc3)[C@H]2SC1.O,-0.37979999999999803,0.6204265138162577,144.23000000000002,5,3,365.4110000000001,4,3,0.3125,25
CHEMBL1200545,DIFLORASONE DIACETATE,CC(=O)OCC(=O)[C@@]1(OC(C)=O)[C@@H](C)C[C@H]2[C@@H]3C[C@H](F)C4=CC(=O)C=C[C@]4(C)[C@@]3(F)[C@@H](O)C[C@@]21C,2.9853000000000014,0.5990209425922626,106.97000000000001,7,1,494.53100000000023,4,4,0.6923076923076923,35
CHEMBL1200549,RAPACURONIUM BROMIDE,C=CC[N+]1([C@H]2C[C@H]3[C@@H]4CC[C@H]5C[C@H](OC(C)=O)[C@@H](N6CCCCC6)C[C@]5(C)[C@H]4CC[C@]3(C)[C@H]2OC(=O)CC)CCCCC1.[Br-],3.9162000000000052,0.232642283478431,55.839999999999996,5,0,677.8090000000001,7,6,0.8918918918918919,44
CHEMBL1200550,ANTAZOLINE PHOSPHATE,O=P(O)(O)O.c1ccc(CN(CC2=NCCN2)c2ccccc2)cc1,1.7663,0.6036143905762714,105.39,4,4,363.354,5,3,0.23529411764705882,25
CHEMBL1200554,TRIPTORELIN PAMOATE,CC(C)C[C@H](NC(=O)[C@@H](Cc1c[nH]c2ccccc12)NC(=O)[C@H](Cc1ccc(O)cc1)NC(=O)[C@H](CO)NC(=O)[C@H](Cc1c[nH]c2ccccc12)NC(=O)[C@H](Cc1c[nH]cn1)NC(=O)[C@@H]1CCC(=O)N1)C(=O)N[C@@H](CCCNC(=N)N)C(=O)N1CCC[C@H]1C(=O)NCC(N)=O.O=C(O)c1cc2ccccc2c(Cc2c(O)c(C(=O)O)cc3ccccc23)c1O,2.306269999999991,0.015084526574273453,602.9799999999999,19,22,1699.8480000000006,37,12,0.3218390804597701,124
CHEMBL1200555,IOTROLAN,CN(C(=O)CC(=O)N(C)c1c(I)c(C(=O)NC(CO)C(O)CO)c(I)c(C(=O)NC(CO)C(O)CO)c1I)c1c(I)c(C(=O)NC(CO)C(O)CO)c(I)c(C(=O)NC(CO)C(O)CO)c1I,-3.894299999999989,0.03529258957547206,399.78000000000003,18,16,1626.2390000000007,24,2,0.5135135135135135,67
CHEMBL1200556,DESMOPRESSIN ACETATE,CC(=O)O.N=C(N)NCCC[C@@H](NC(=O)[C@@H]1CCCN1C(=O)[C@@H]1CSSCCC(=O)N[C@@H](Cc2ccc(O)cc2)C(=O)N[C@@H](Cc2ccccc2)C(=O)N[C@@H](CCC(N)=O)C(=O)N[C@@H](CC(N)=O)C(=O)N1)C(=O)NCC(N)=O,-4.041130000000012,0.027555533042920195,472.7099999999998,16,15,1129.2900000000002,19,4,0.4791666666666667,78
CHEMBL1200558,BACITRACIN,CC[C@H](C)[C@H](N)C1=N[C@H](C(=O)N[C@@H](CC(C)C)C(=O)N[C@H](CCC(=O)O)C(=O)N[C@H](C(=O)N[C@H]2CCCCNC(=O)[C@H](CC(N)=O)NC(=O)[C@@H](CC(=O)O)NC(=O)[C@H](Cc3cnc[nH]3)NC(=O)[C@@H](Cc3ccccc3)NC(=O)[C@H]([C@@H](C)CC)NC(=O)[C@@H](CCCN)NC2=O)[C@@H](C)CC)CS1,-1.6776000000000149,0.04009446299855542,530.8699999999999,19,17,1422.7199999999998,31,4,0.6363636363636364,100
CHEMBL1200559,LACTIC ACID,CC(O)C(=O)O,-0.5482,0.45393595064720316,57.53,2,2,90.07799999999999,1,0,0.6666666666666666,6
CHEMBL1200560,GUANABENZ ACETATE,CC(=O)O.N=C(N)N/N=C/c1c(Cl)cccc1Cl,1.90127,0.37851969459664936,111.56,3,4,291.13800000000003,2,1,0.1,18
CHEMBL1200561,DOXAZOSIN MESYLATE,COc1cc2nc(N3CCN(C(=O)C4COc5ccccc5O4)CC3)nc(N)c2cc1OC.CS(=O)(=O)O,1.2218000000000007,0.44910806487616045,166.64,11,2,547.5900000000004,4,5,0.375,38
CHEMBL1200562,HYDROCORTISONE VALERATE,CCCCC(=O)O[C@]1(C(=O)CO)CC[C@H]2[C@@H]3CCC4=CC(=O)CC[C@]4(C)[C@H]3[C@@H](O)C[C@@]21C,3.522700000000002,0.6056137866355813,100.90000000000002,6,2,446.58400000000023,6,4,0.8076923076923077,32
CHEMBL1200563,CERIVASTATIN SODIUM,COCc1c(C(C)C)nc(C(C)C)c(/C=C/[C@@H](O)C[C@@H](O)CC(=O)[O-])c1-c1ccc(F)cc1.[Na+],0.5500000000000004,0.4547580567514618,102.71000000000001,6,2,481.54000000000025,11,2,0.46153846153846156,34
CHEMBL1200569,CAFFEINE CITRATE,Cn1c(=O)c2c(ncn2C)n(C)c1=O.O=C(O)CC(O)(CC(=O)O)C(=O)O,-2.2777999999999974,0.43465802601886067,193.95,10,4,386.3170000000001,5,2,0.42857142857142855,27
CHEMBL1200570,MEGLUMINE,CNC[C@H](O)[C@@H](O)[C@H](O)[C@H](O)CO,-3.3582999999999994,0.26379950587316064,113.18,6,6,195.21499999999997,6,0,1.0,13
CHEMBL1200572,MAGNESIUM OXIDE,O=[Mg],-0.49960000000000004,0.3329664784220224,17.07,1,0,40.304,0,0,0.0,2
CHEMBL1200574,SODIUM CHLORIDE,[Cl-].[Na+],-5.992,0.24339242075148573,0.0,0,0,58.443,0,0,0.0,2
CHEMBL1200578,THEOPHYLLINE SODIUM GLYCINATE,Cn1c(=O)c2[nH]cnc2n(C)c1=O.NCC(=O)[O-].[Na+],-6.340699999999999,0.4969297107274771,138.83,8,2,277.21599999999995,1,2,0.3333333333333333,19
CHEMBL1200580,SULFOXONE SODIUM,O=S([O-])CNc1ccc(S(=O)(=O)c2ccc(NCS(=O)[O-])cc2)cc1.[Na+].[Na+],-4.975599999999998,0.3025555644999728,138.45999999999998,8,2,448.45500000000015,8,2,0.14285714285714285,27
CHEMBL1200581,DIATRIZOATE SODIUM,CC(=O)Nc1c(I)c(NC(C)=O)c(I)c(C(=O)[O-])c1I.[Na+],-1.2152999999999998,0.32187690507149685,98.33000000000001,4,2,635.8970000000002,3,1,0.18181818181818182,21
CHEMBL1200582,AMINOLEVULINIC ACID HYDROCHLORIDE,Cl.NCC(=O)CCC(=O)O,-0.19920000000000032,0.6079089543611564,80.39,3,2,167.592,4,0,0.6,10
CHEMBL1200584,AMINOSALICYLATE POTASSIUM,Nc1ccc(C(=O)[O-])c(O)c1.[K+],-3.6581,0.35374001583035336,86.38000000000001,4,2,191.22700000000003,1,1,0.0,12
CHEMBL1200585,OXYMETHOLONE,C[C@]12C/C(=C/O)C(=O)C[C@@H]1CC[C@@H]1[C@@H]2CC[C@@]2(C)[C@H]1CC[C@]2(C)O,4.401000000000005,0.5104218936123291,57.53,3,2,332.4840000000001,0,4,0.8571428571428571,24
CHEMBL1200586,PRILOCAINE HYDROCHLORIDE,CCCNC(C)C(=O)Nc1ccccc1C.Cl,2.743420000000001,0.8506654440585338,41.13,2,2,256.777,5,1,0.46153846153846156,17
CHEMBL1200588,CLINDAMYCIN HYDROCHLORIDE,CCC[C@@H]1C[C@@H](C(=O)N[C@@H]([C@H]2O[C@H](SC)[C@H](O)[C@@H](O)[C@H]2O)[C@H](C)Cl)N(C)C1.Cl,0.8112999999999999,0.4164786851879507,102.26,7,4,461.45200000000006,7,2,0.9444444444444444,28
CHEMBL1200589,CEFOTIAM HYDROCHLORIDE,CN(C)CCn1nnnc1SCC1=C(C(=O)O)N2C(=O)[C@@H](NC(=O)Cc3csc(N)n3)[C@H]2SC1.Cl,-0.23139999999999683,0.2570844764699827,172.45999999999998,13,3,562.1030000000002,10,4,0.5,35
CHEMBL1200592,DESOXYCORTICOSTERONE PIVALATE,CC(C)(C)C(=O)OCC(=O)[C@H]1CC[C@H]2[C@@H]3CCC4=CC(=O)CC[C@]4(C)[C@H]3CC[C@]12C,5.292900000000006,0.5885932991379204,60.440000000000005,4,0,414.58600000000024,3,4,0.8076923076923077,30
CHEMBL1200595,CHLORPHENTERMINE HYDROCHLORIDE,CC(C)(N)Cc1ccc(Cl)cc1.Cl,3.041600000000001,0.8138977693139884,26.02,1,1,220.143,2,1,0.4,13
CHEMBL1200596,CHLOROXINE,Oc1c(Cl)cc(Cl)c2cccnc12,3.2472000000000003,0.7295228001546942,33.120000000000005,2,1,214.051,0,2,0.0,13
CHEMBL1200597,ETIDOCAINE HYDROCHLORIDE,CCCN(CC)C(CC)C(=O)Nc1c(C)cccc1C.Cl,4.174240000000004,0.8190711057441773,32.34,2,1,312.88500000000005,7,1,0.5882352941176471,21
CHEMBL1200598,DIETHYLSTILBESTROL DIPHOSPHATE,CC/C(=C(/CC)c1ccc(OP(=O)(O)O)cc1)c1ccc(OP(=O)(O)O)cc1,4.3604000000000065,0.3600305737273551,133.52,4,4,428.3140000000001,8,2,0.2222222222222222,28
CHEMBL1200599,DIFENOXIN HYDROCHLORIDE,Cl.N#CC(CCN1CCC(C(=O)O)(c2ccccc2)CC1)(c1ccccc1)c1ccccc1,5.426580000000005,0.5104430461757646,64.33,3,1,461.00500000000017,7,4,0.2857142857142857,33
CHEMBL1200600,FLUOROMETHOLONE,CC(=O)[C@@]1(O)CC[C@H]2[C@@H]3C[C@H](C)C4=CC(=O)C=C[C@]4(C)[C@@]3(F)[C@@H](O)C[C@@]21C,2.923300000000001,0.7379088954419751,74.6,4,2,376.46800000000013,1,4,0.7272727272727273,27
CHEMBL1200601,NARATRIPTAN HYDROCHLORIDE,CNS(=O)(=O)CCc1ccc2[nH]cc(C3CCN(C)CC3)c2c1.Cl,2.490600000000001,0.8481749772496198,65.2,3,2,371.93400000000014,5,3,0.5294117647058824,24
CHEMBL1200604,TROPICAMIDE,CCN(Cc1ccncc1)C(=O)C(CO)c1ccccc1,2.2062,0.8845260918021192,53.43000000000001,3,1,284.359,6,2,0.29411764705882354,21
CHEMBL1200606,MEXILETINE HYDROCHLORIDE,Cc1cccc(C)c1OCC(C)N.Cl,2.45124,0.8409528636862176,35.25,2,1,215.724,3,1,0.45454545454545453,14
CHEMBL1200607,PERFLEXANE,FC(F)(F)C(F)(F)C(F)(F)C(F)(F)C(F)(F)C(F)(F)F,4.652200000000001,0.6573124695290601,0.0,0,0,338.03799999999995,3,0,1.0,20
CHEMBL1200609,PAROXETINE MESYLATE,CS(=O)(=O)O.Fc1ccc([C@@H]2CCNC[C@H]2COc2ccc3c(c2)OCO3)cc1,2.8305000000000016,0.7277174310178284,94.09000000000002,6,2,425.47800000000024,4,4,0.4,29
CHEMBL1200610,LORACARBEF,N[C@@H](C(=O)N[C@@H]1C(=O)N2C(C(=O)O)=C(Cl)CC[C@H]12)c1ccccc1.O,-0.11389999999999956,0.6354770731665281,144.23000000000002,4,3,367.7890000000001,4,3,0.3125,25
CHEMBL1200612,DIBUCAINE HYDROCHLORIDE,CCCCOc1cc(C(=O)NCCN(CC)CC)c2ccccc2n1.Cl,3.907100000000004,0.6357537336334892,54.46,4,1,379.93199999999996,10,2,0.5,26
CHEMBL1200613,TOLMETIN SODIUM,Cc1ccc(C(=O)c2ccc(CC(=O)[O-])n2C)cc1.[Na+],-2.139079999999997,0.4739303092496801,62.13,4,0,279.27099999999996,4,2,0.2,20
CHEMBL1200614,IOVERSOL,O=C(NCC(O)CO)c1c(I)c(C(=O)NCC(O)CO)c(I)c(N(CCO)C(=O)CO)c1I,-2.016,0.11004906552258675,199.89,9,8,807.114,12,1,0.5,33
CHEMBL1200616,CHLOROTHIAZIDE SODIUM,NS(=O)(=O)c1cc2c(cc1Cl)N=C[N-]S2(=O)=O.[Na+],-2.2727999999999993,0.5867847447962781,120.75999999999999,5,1,317.71100000000007,1,2,0.0,18
CHEMBL1200617,RIMEXOLONE,CCC(=O)[C@@]1(C)[C@H](C)C[C@H]2[C@@H]3CCC4=CC(=O)C=C[C@]4(C)[C@H]3[C@@H](O)C[C@@]21C,4.496500000000005,0.7786891088285057,54.370000000000005,3,1,370.53300000000013,2,4,0.75,27
CHEMBL1200618,FEXOFENADINE HYDROCHLORIDE,CC(C)(C(=O)O)c1ccc(C(O)CCCN2CCC(C(O)(c3ccccc3)c3ccccc3)CC2)cc1.Cl,5.932300000000009,0.29838235042063393,81.0,4,3,538.1280000000002,10,4,0.40625,38
CHEMBL1200621,GEMIFLOXACIN MESYLATE,CO/N=C1\CN(c2nc3c(cc2F)c(=O)c(C(=O)O)cn3C2CC2)CC1CN.CS(=O)(=O)O,0.47000000000000114,0.3982203281684284,177.41,10,3,485.49400000000026,5,4,0.47368421052631576,33
CHEMBL1200622,PARICALCITOL,C[C@H](/C=C/[C@H](C)C(C)(C)O)[C@H]1CC[C@H]2/C(=C/C=C3C[C@@H](O)C[C@H](O)C3)CCC[C@]12C,5.560600000000008,0.5141969070179693,60.69,3,3,416.6460000000003,5,3,0.7777777777777778,30
CHEMBL1200623,ETHYLESTRENOL,CC[C@]1(O)CC[C@H]2[C@@H]3CCC4=CCCC[C@@H]4[C@H]3CC[C@@]21C,5.090300000000005,0.6662692979783309,20.23,1,1,288.475,1,4,0.9,21
CHEMBL1200624,ETHYNODIOL DIACETATE,C#C[C@]1(OC(C)=O)CC[C@H]2[C@@H]3CCC4=C[C@@H](OC(C)=O)CC[C@@H]4[C@H]3CC[C@@]21C,4.425900000000004,0.4015627733780324,52.6,4,0,384.51600000000025,2,4,0.75,28
CHEMBL1200625,STRONTIUM CHLORIDE SR 89,[89Sr+2].[Cl-].[Cl-],-6.3728,0.30891455017622244,0.0,0,0,159.8134507,0,0,0.0,3
CHEMBL1200627,PROPIOLACTONE,O=C1CCO1,-0.06669999999999998,0.37438135799613564,26.3,2,0,72.063,0,1,0.6666666666666666,5
CHEMBL1200628,VANCOMYCIN HYDROCHLORIDE,CN[C@H](CC(C)C)C(=O)N[C@H]1C(=O)N[C@@H](CC(N)=O)C(=O)N[C@H]2C(=O)N[C@H]3C(=O)N[C@H](C(=O)N[C@H](C(=O)O)c4cc(O)cc(O)c4-c4cc3ccc4O)[C@H](O)c3ccc(c(Cl)c3)Oc3cc2cc(c3O[C@@H]2O[C@H](CO)[C@@H](O)[C@H](O)[C@H]2O[C@H]2C[C@](C)(N)[C@H](O)[C@H](C)O2)Oc2ccc(cc2Cl)[C@H]1O.Cl,0.5280000000000036,0.07642058911624129,530.4900000000002,25,19,1485.7320000000004,13,12,0.42424242424242425,102
CHEMBL1200629,VECURONIUM BROMIDE,CC(=O)O[C@H]1C[C@@H]2CC[C@@H]3[C@H](CC[C@@]4(C)[C@H]3C[C@H]([N+]3(C)CCCCC3)[C@@H]4OC(C)=O)[C@@]2(C)C[C@@H]1N1CCCCC1.[Br-],2.9699000000000044,0.3508920282242626,55.84,5,0,637.7440000000003,4,6,0.9411764705882353,41
CHEMBL1200630,CYSTEINE HYDROCHLORIDE,Cl.N[C@@H](CS)C(=O)O,-0.25010000000000004,0.4847686792895067,63.32000000000001,3,3,157.622,2,0,0.6666666666666666,8
CHEMBL1200632,CLINDAMYCIN PALMITATE HYDROCHLORIDE,CCCCCCCCCCCCCCCC(=O)O[C@@H]1[C@@H](O)[C@@H](O)[C@@H]([C@H](NC(=O)[C@@H]2C[C@@H](CCC)CN2C)[C@H](C)Cl)O[C@@H]1SC.Cl,6.843500000000008,0.06408071902669754,108.33000000000001,8,3,699.8670000000002,22,2,0.9411764705882353,45
CHEMBL1200633,IVERMECTIN,CC[C@H](C)[C@H]1O[C@]2(CC[C@@H]1C)C[C@@H]1C[C@@H](C/C=C(\C)[C@@H](O[C@H]3C[C@H](OC)[C@@H](O[C@H]4C[C@H](OC)[C@@H](O)[C@H](C)O4)[C@H](C)O3)[C@@H](C)/C=C/C=C3\CO[C@@H]4[C@H](O)C(C)=C[C@@H](C(=O)O1)[C@]34O)O2.CO[C@H]1C[C@H](O[C@H]2[C@H](C)O[C@@H](O[C@@H]3/C(C)=C/C[C@@H]4C[C@@H](C[C@]5(CC[C@H](C)[C@@H](C(C)C)O5)O4)OC(=O)[C@@H]4C=C(C)[C@@H](O)[C@H]5OC/C(=C\C=C\[C@@H]3C)[C@]54O)C[C@@H]2OC)O[C@@H](C)[C@@H]1O,10.812699999999998,0.0655118276897224,340.12,28,6,1736.1849999999997,15,14,0.8105263157894737,123
CHEMBL1200635,HYDROCORTAMATE HYDROCHLORIDE,CCN(CC)CC(=O)OCC(=O)[C@@]1(O)CC[C@H]2[C@@H]3CCC4=CC(=O)CC[C@]4(C)[C@H]3[C@@H](O)C[C@@]21C.Cl,3.096100000000001,0.5059276007180583,104.14,7,2,512.0870000000004,7,4,0.8148148148148148,35
CHEMBL1200636,CYCLOBENZAPRINE HYDROCHLORIDE,CN(C)CCC=C1c2ccccc2C=Cc2ccccc21.Cl,4.9756000000000045,0.6594351472117174,3.24,1,0,311.85600000000005,3,3,0.2,22
CHEMBL1200638,DEXBROMPHENIRAMINE MALEATE,CN(C)CC[C@@H](c1ccc(Br)cc1)c1ccccn1.O=C(O)/C=C\C(=O)O,3.639500000000001,0.6458509468187223,90.73,4,2,435.3180000000001,7,2,0.25,27
CHEMBL1200641,CISATRACURIUM BESYLATE,COc1ccc(C[C@@H]2c3cc(OC)c(OC)cc3CC[N@+]2(C)CCC(=O)OCCCCCOC(=O)CC[N@@+]2(C)CCc3cc(OC)c(OC)cc3[C@H]2Cc2ccc(OC)c(OC)c2)cc1OC.O=S(=O)([O-])c1ccccc1.O=S(=O)([O-])c1ccccc1,9.246900000000004,0.021258056024081737,240.84000000000003,18,0,1243.5010000000002,26,8,0.4153846153846154,87
CHEMBL1200644,FONDAPARINUX SODIUM,CO[C@H]1O[C@H](COS(=O)(=O)[O-])[C@@H](O[C@@H]2O[C@@H](C(=O)[O-])[C@@H](O[C@H]3O[C@H](COS(=O)(=O)[O-])[C@@H](O[C@@H]4O[C@H](C(=O)[O-])[C@@H](O[C@H]5O[C@H](COS(=O)(=O)[O-])[C@@H](O)[C@H](O)[C@H]5NS(=O)(=O)[O-])[C@H](O)[C@H]4O)[C@H](OS(=O)(=O)[O-])[C@H]3NS(=O)(=O)[O-])[C@H](O)[C@H]2OS(=O)(=O)[O-])[C@H](O)[C@H]1NS(=O)(=O)[O-].[Na+].[Na+].[Na+].[Na+].[Na+].[Na+].[Na+].[Na+].[Na+].[Na+],-49.12030000000009,0.018315691995046353,833.7800000000002,49,9,1728.0930000000014,30,5,0.9354838709677419,101
CHEMBL1200645,ETOPOSIDE PHOSPHATE,COc1cc([C@@H]2c3cc4c(cc3[C@@H](O[C@@H]3O[C@@H]5CO[C@@H](C)O[C@H]5[C@H](O)[C@H]3O)[C@H]3COC(=O)[C@H]23)OCO4)cc(OC)c1OP(=O)(O)O,1.1044999999999991,0.24067931132058681,207.35999999999999,14,4,668.5410000000005,7,7,0.5517241379310345,46
CHEMBL1200647,CANDICIDIN,CC1/C=C/C=C/C=C/C=C/C=C/C=C/C=C/C(OC2O[C@H](C)[C@@H](O)[C@H](N)[C@@H]2O)CC(O)C(C(=O)O)C(O)CC(=O)CC(O)CC(O)CC(O)CC(=O)CCCC(=O)CC(=O)OC1C(C)CC(C)C(O)CC(=O)c1ccc(N)cc1,3.6124000000000045,0.06896261214672268,364.21999999999997,19,11,1109.3169999999998,10,3,0.559322033898305,79
CHEMBL1200648,ROCURONIUM BROMIDE,C=CC[N+]1([C@H]2C[C@H]3[C@@H]4CC[C@H]5C[C@H](O)[C@@H](N6CCOCC6)C[C@]5(C)[C@H]4CC[C@]3(C)[C@H]2OC(C)=O)CCCC1.[Br-],1.4115000000000038,0.29054963161839253,59.00000000000001,5,1,609.6900000000004,5,6,0.90625,39
CHEMBL1200649,QUINUPRISTIN,CC[C@H]1NC(=O)[C@@H](NC(=O)c2ncccc2O)[C@@H](C)OC(=O)[C@H](c2ccccc2)NC(=O)[C@@H]2CC(=O)[C@H](CS[C@@H]3CN4CCC3CC4)CN2C(=O)[C@H](Cc2ccc(N(C)C)cc2)N(C)C(=O)[C@@H]2CCCN2C1=O,2.323500000000009,0.21390163892435146,231.20000000000002,14,4,1022.2389999999991,10,9,0.5283018867924528,73
CHEMBL1200654,BENOXINATE HYDROCHLORIDE,CCCCOc1cc(C(=O)OCCN(CC)CC)ccc1N.Cl,3.3681000000000014,0.40027146695899074,64.79,5,1,344.883,10,1,0.5882352941176471,23
CHEMBL1200656,NATAMYCIN,C[C@@H]1C/C=C/C=C/C=C/C=C/[C@H](O[C@@H]2O[C@H](C)[C@@H](O)[C@H](N)[C@@H]2O)C[C@@H]2O[C@](O)(C[C@@H](O)C[C@H]3O[C@@H]3/C=C/C(=O)O1)C[C@H](O)[C@H]2C(=O)O,0.11970000000000325,0.1568888746348767,230.98999999999995,13,7,665.7330000000004,3,4,0.6363636363636364,47
CHEMBL1200659,ENALAPRIL MALEATE,CCOC(=O)[C@H](CCc1ccccc1)N[C@@H](C)C(=O)N1CCC[C@H]1C(=O)O.O=C(O)/C=C\C(=O)O,1.316400000000002,0.2607731551305237,170.54,7,4,492.5250000000004,11,2,0.4583333333333333,35
CHEMBL1200660,ISOSORBIDE,O[C@@H]1CO[C@H]2[C@@H]1OC[C@@H]2O,-1.4942000000000004,0.4366832812212583,58.92,4,2,146.142,0,2,1.0,10
CHEMBL1200661,UNOPROSTONE ISOPROPYL,CCCCCCCC(=O)CC[C@@H]1[C@@H](C/C=C\CCCC(=O)OC(C)C)[C@@H](O)C[C@H]1O,5.122300000000006,0.20399293659976175,83.83000000000001,5,2,424.6220000000002,16,1,0.84,30
CHEMBL1200664,POTASSIUM LACTATE,CC(O)C(=O)[O-].[K+],-4.878899999999999,0.36013324514561734,60.36,3,1,128.168,1,0,0.6666666666666666,7
CHEMBL1200665,DIPHENOXYLATE HYDROCHLORIDE,CCOC(=O)C1(c2ccccc2)CCN(CCC(C#N)(c2ccccc2)c2ccccc2)CC1.Cl,5.905080000000007,0.3699821163960621,53.33,4,0,489.05900000000014,8,4,0.3333333333333333,35
CHEMBL1200666,CALCIPOTRIENE,C=C1/C(=C\C=C2/CCC[C@]3(C)[C@@H]([C@H](C)/C=C/[C@@H](O)C4CC4)CC[C@@H]23)C[C@@H](O)C[C@@H]1O,5.090600000000006,0.5512651961830369,60.69,3,3,412.6140000000003,5,4,0.7037037037037037,30
CHEMBL1200668,CALCIUM CHLORIDE,[Ca+2].[Cl-].[Cl-],-6.3728,0.2726351526403676,0.0,0,0,110.98400000000001,0,0,0.0,3
CHEMBL1200670,SARALASIN ACETATE,CC(=O)O.CNCC(=O)N[C@@H](CCCNC(=N)N)C(=O)N[C@H](C(=O)N[C@@H](Cc1ccc(O)cc1)C(=O)N[C@H](C(=O)N[C@@H](Cc1cnc[nH]1)C(=O)N1CCC[C@H]1C(=O)N[C@@H](C)C(=O)O)C(C)C)C(C)C.O,-3.0343300000000015,0.02672454991913121,423.84999999999997,13,14,990.1299999999998,25,3,0.5681818181818182,70
CHEMBL1200671,NAFARELIN ACETATE,CC(=O)O.CC(C)C[C@H](NC(=O)[C@@H](Cc1cccc2ccccc12)NC(=O)[C@H](Cc1ccc(O)cc1)NC(=O)[C@H](CO)NC(=O)[C@H](Cc1c[nH]c2ccccc12)NC(=O)[C@H](Cc1cnc[nH]1)NC(=O)[C@@H]1CCC(=O)N1)C(=O)N[C@@H](CCCNC(=N)N)C(=O)N1CCC[C@H]1C(=O)NCC(N)=O,-1.3223300000000138,0.012903145901558158,509.42999999999984,16,18,1382.5480000000007,33,8,0.4117647058823529,100
CHEMBL1200672,CEFPIRAMIDE SODIUM,Cc1cc(O)c(C(=O)N[C@@H](C(=O)N[C@@H]2C(=O)N3C(C(=O)[O-])=C(CSc4nnnn4C)CS[C@H]23)c2ccc(O)cc2)cn1.[Na+],-4.003979999999994,0.10043048594697349,215.58999999999997,14,4,634.6320000000003,9,5,0.28,43
CHEMBL1200673,XENON XE 127,[127Xe],0.0,0.4291676080685849,0.0,0,0,126.905184,0,0,0.0,1
CHEMBL1200675,TOREMIFENE CITRATE,CN(C)CCOc1ccc(/C(=C(/CCCl)c2ccccc2)c2ccccc2)cc1.O=C(O)CC(O)(CC(=O)O)C(=O)O,4.9665000000000035,0.14948476172503672,144.6,6,4,598.0920000000003,14,3,0.28125,42
CHEMBL1200678,ATAZANAVIR SULFATE,COC(=O)N[C@H](C(=O)N[C@@H](Cc1ccccc1)[C@@H](O)CN(Cc1ccc(-c2ccccn2)cc1)NC(=O)[C@@H](NC(=O)OC)C(C)(C)C)C(C)(C)C.O=S(=O)(O)O,3.5588000000000024,0.09119738046843563,245.81999999999994,11,7,802.9480000000002,14,3,0.4473684210526316,56
CHEMBL1200679,ZINC CHLORIDE,[Cl-].[Cl-].[Zn+2],-5.9945,0.2909382086206235,0.0,0,0,136.296,0,0,0.0,3
CHEMBL1200680,SELENIUM SULFIDE,S=[Se]=S,0.9156,0.46219169776295255,0.0,2,0,143.094,0,0,0.0,3
CHEMBL1200681,MONTELUKAST SODIUM,CC(C)(O)c1ccccc1CC[C@@H](SCC1(CC(=O)[O-])CC1)c1cccc(/C=C/c2ccc3ccc(Cl)cc3n2)c1.[Na+],4.617300000000005,0.23811112380025456,73.25,5,1,608.1790000000002,12,5,0.3142857142857143,42
CHEMBL1200682,SODIUM OXYBATE,O=C([O-])CCCO.[Na+],-4.487199999999998,0.38768872016344397,60.36,3,1,126.08699999999999,3,0,0.75,8
CHEMBL1200685,XENON XE 133,[133Xe],0.0,0.43581679117197536,0.0,0,0,132.9059107,0,0,0.0,1
CHEMBL1200686,PIMECROLIMUS,CC[C@@H]1/C=C(\C)C[C@H](C)C[C@H](OC)[C@H]2O[C@@](O)(C(=O)C(=O)N3CCCC[C@H]3C(=O)O[C@H](/C(C)=C/[C@@H]3CC[C@H](Cl)[C@H](OC)C3)[C@H](C)[C@@H](O)CC1=O)[C@H](C)C[C@@H]2OC,5.7194000000000065,0.1464409750467884,158.12999999999997,11,2,810.4660000000001,6,4,0.813953488372093,56
CHEMBL1200688,ERYTHROMYCIN ETHYLSUCCINATE,CCOC(=O)CCC(=O)O[C@H]1[C@H](O[C@@H]2[C@@H](C)[C@H](O[C@H]3C[C@@](C)(OC)[C@@H](O)[C@H](C)O3)[C@@H](C)C(=O)O[C@H](CC)[C@@](C)(O)[C@H](O)[C@@H](C)C(=O)[C@H](C)C[C@@]2(C)O)O[C@H](C)C[C@@H]1N(C)C,2.6798000000000073,0.16346044563458165,226.27999999999997,17,4,862.064,12,3,0.9069767441860465,60
CHEMBL1200689,NITRIC OXIDE,[N]=O,-0.44710000000000005,0.355295894594361,39.370000000000005,1,0,30.006,0,0,0.0,2
CHEMBL1200690,LYPRESSIN,NCCCC[C@H](NC(=O)[C@@H]1CCCN1C(=O)[C@@H]1CSSC[C@H](N)C(=O)N[C@@H](Cc2ccc(O)cc2)C(=O)N[C@@H](Cc2ccccc2)C(=O)N[C@@H](CCC(N)=O)C(=O)N[C@@H](CC(N)=O)C(=O)N1)C(=O)NCC(N)=O,-4.329100000000012,0.046737147397394554,425.54999999999984,16,13,1056.2389999999998,19,4,0.5,73
CHEMBL1200691,MAGNESIUM ACETATE,CC(=O)[O-].CC(=O)[O-].[Mg+2],-2.8683999999999985,0.3406327977098403,80.25999999999999,4,0,142.393,0,0,0.5,9
CHEMBL1200692,OLMESARTAN MEDOXOMIL,CCCc1nc(C(C)(C)O)c(C(=O)OCc2oc(=O)oc2C)n1Cc1ccc(-c2ccccc2-c2nnn[nH]2)cc1,4.170020000000003,0.23790758693150235,162.16,11,2,558.5950000000003,10,5,0.3103448275862069,41
CHEMBL1200694,SEVOFLURANE,FCOC(C(F)(F)F)C(F)(F)F,2.4232000000000005,0.6216574973922095,9.23,1,0,200.05299999999997,2,0,1.0,12
CHEMBL1200695,PHENYLPROPANOLAMINE HYDROCHLORIDE,CC(N)C(O)c1ccccc1.Cl,1.489,0.7372159290846667,46.25,2,2,187.67,2,1,0.3333333333333333,12
CHEMBL1200696,POTASSIUM PERCHLORATE,[K+].[O-][Cl+3]([O-])([O-])[O-],-7.752000000000001,0.31099926840011133,92.24,4,0,138.547,0,0,0.0,6
CHEMBL1200699,DOXYCYCLINE,C[C@H]1c2cccc(O)c2C(=O)C2=C(O)[C@]3(O)C(=O)C(C(N)=O)=C(O)[C@@H](N(C)C)[C@@H]3[C@@H](O)[C@@H]21.O,-1.1722999999999981,0.29156393183712487,213.12,9,6,462.4550000000002,2,4,0.4090909090909091,33
CHEMBL1200701,DICLOXACILLIN SODIUM,Cc1onc(-c2c(Cl)cccc2Cl)c1C(=O)N[C@@H]1C(=O)N2[C@@H]1SC(C)(C)[C@@H]2C(=O)[O-].O.[Na+],-1.9532799999999988,0.37149255431474576,147.07,7,1,510.33100000000024,4,4,0.3684210526315789,32
CHEMBL1200703,CHLORDIAZEPOXIDE HYDROCHLORIDE,CNC1=Nc2ccc(Cl)cc2C(c2ccccc2)=[N+]([O-])C1.Cl,3.372500000000002,0.6411695403437493,50.459999999999994,3,1,336.22200000000004,1,3,0.125,22
CHEMBL1200705,HYDROXYAMPHETAMINE HYDROBROMIDE,Br.CC(N)Cc1ccc(O)cc1,1.8598,0.8169680230982767,46.25,2,2,232.121,2,1,0.3333333333333333,12
CHEMBL1200706,ALUMINUM HYDROXIDE,O[Al](O)O,-2.0518,0.2920776447675342,60.69,3,3,78.003,0,0,0.0,4
CHEMBL1200707,BENZQUINAMIDE HYDROCHLORIDE,CCN(CC)C(=O)C1CN2CCc3cc(OC)c(OC)cc3C2CC1OC(C)=O.Cl,2.8448000000000015,0.6334465559699739,68.31,6,0,440.96800000000013,6,3,0.6363636363636364,30
CHEMBL1200709,CROTAMITON,C/C=C/C(=O)N(CC)c1ccccc1C,2.9240200000000014,0.6915773895824666,20.310000000000002,1,0,203.28500000000003,3,1,0.3076923076923077,15
CHEMBL1200710,CLOMIPRAMINE HYDROCHLORIDE,CN(C)CCCN1c2ccccc2CCc2ccc(Cl)cc21.Cl,4.950200000000005,0.7689916828682191,6.48,2,0,351.32099999999997,4,3,0.3684210526315789,23
CHEMBL1200711,OMEGA-3-ACID ETHYL ESTERS,CC/C=C\C/C=C\C/C=C\C/C=C\C/C=C\C/C=C\CCC(=O)OCC.CC/C=C\C/C=C\C/C=C\C/C=C\C/C=C\CCCC(=O)OCC,13.498599999999975,0.04463614067960544,52.60000000000001,4,0,687.0620000000001,29,0,0.4782608695652174,50
CHEMBL1200712,EVANS BLUE,Cc1cc(-c2ccc(/N=N/c3ccc4c(S(=O)(=O)[O-])cc(S(=O)(=O)[O-])c(N)c4c3O)c(C)c2)ccc1/N=N/c1ccc2c(S(=O)(=O)[O-])cc(S(=O)(=O)[O-])c(N)c2c1O.[Na+].[Na+].[Na+].[Na+],-6.6843600000000025,0.04528977720552377,370.74,20,4,960.8220000000001,9,6,0.058823529411764705,62
CHEMBL1200714,CHLORMEZANONE,CN1C(=O)CCS(=O)(=O)C1c1ccc(Cl)cc1,1.6155000000000002,0.7812058854471293,54.45,3,0,273.741,1,2,0.36363636363636365,17
CHEMBL1200715,HEXYLCAINE HYDROCHLORIDE,CC(CNC1CCCCC1)OC(=O)c1ccccc1.Cl,3.5760000000000027,0.844395238407074,38.33,3,1,297.82599999999996,5,2,0.5625,20
CHEMBL1200718,MAGNESIUM HYDROXIDE,[Mg+2].[OH-].[OH-],-0.7343999999999999,0.3446111519752743,60.0,2,0,58.31900000000001,0,0,0.0,3
CHEMBL1200721,ESTRAMUSTINE PHOSPHATE SODIUM,C[C@]12CC[C@@H]3c4ccc(OC(=O)N(CCCl)CCCl)cc4CC[C@H]3[C@@H]1CC[C@@H]2OP(=O)([O-])[O-].[Na+].[Na+],-1.9569999999999939,0.21687081491802881,101.96,6,0,564.3540000000003,7,4,0.6956521739130435,35
CHEMBL1200722,PIPECURONIUM BROMIDE,CC(=O)O[C@H]1C[C@@H]2CC[C@@H]3[C@H](CC[C@@]4(C)[C@H]3C[C@H](N3CC[N+](C)(C)CC3)[C@@H]4OC(C)=O)[C@@]2(C)C[C@@H]1N1CC[N+](C)(C)CC1.[Br-].[Br-],-2.358500000000001,0.23656359785202752,59.08,6,0,762.7130000000001,4,6,0.9428571428571428,45
CHEMBL1200724,PSEUDOEPHEDRINE HYDROCHLORIDE,CN[C@@H](C)[C@@H](O)c1ccccc1.Cl,1.7496999999999998,0.7813001545014681,32.26,2,2,201.697,3,1,0.4,13
CHEMBL1200725,SERTACONAZOLE NITRATE,Clc1ccc(C(Cn2ccnc2)OCc2csc3c(Cl)cccc23)c(Cl)c1.O=[N+]([O-])O,6.668400000000003,0.23578290489812567,90.42,6,1,500.79100000000017,6,4,0.15,31
CHEMBL1200727,RUBIDIUM CHLORIDE RB 82,[82Rb+].[Cl-],-5.992,0.2963768982822581,0.0,0,0,117.3712086,0,0,0.0,2
CHEMBL1200728,GUANIDINE HYDROCHLORIDE,Cl.N=C(N)N,-0.73963,0.27384361399183305,75.89,1,3,95.53300000000003,0,0,0.0,5
CHEMBL1200729,CHLORAMPHENICOL SODIUM SUCCINATE,O=C([O-])CCC(=O)OC[C@@H](NC(=O)C(Cl)Cl)[C@H](O)c1ccc([N+](=O)[O-])cc1.[Na+],-3.0059999999999967,0.12675317517370918,158.9,8,2,445.1870000000001,10,1,0.4,28
CHEMBL1200731,POTASSIUM CHLORIDE,[Cl-].[K+],-5.992,0.2511530548165482,0.0,0,0,74.551,0,0,0.0,2
CHEMBL1200732,AMCINONIDE,CC(=O)OCC(=O)[C@@]12OC3(CCCC3)O[C@@H]1C[C@H]1[C@@H]3CCC4=CC(=O)C=C[C@]4(C)[C@@]3(F)[C@@H](O)C[C@@]12C,3.5238000000000023,0.5897471433786257,99.13000000000001,7,1,502.5790000000003,3,6,0.75,36
CHEMBL1200733,DESFLURANE,FC(F)OC(F)C(F)(F)F,2.0835,0.5732475481548114,9.23,1,0,168.03599999999997,2,0,1.0,10
CHEMBL1200734,FOSAMPRENAVIR CALCIUM,CC(C)CN(C[C@@H](OP(=O)([O-])[O-])[C@H](Cc1ccccc1)NC(=O)O[C@H]1CCOC1)S(=O)(=O)c1ccc(N)cc1.[Ca+2],0.875000000000003,0.18446527449137712,183.38,10,2,623.6780000000001,13,3,0.48,40
CHEMBL1200735,MOXIFLOXACIN HYDROCHLORIDE,COc1c(N2C[C@@H]3CCCN[C@@H]3C2)c(F)cc2c(=O)c(C(=O)O)cn(C3CC3)c12.Cl,2.7923000000000004,0.7648652853676655,83.80000000000001,6,2,437.89900000000017,4,5,0.5238095238095238,30
CHEMBL1200736,MAGNESIUM CARBONATE,O=C([O-])[O-].[Mg+2],-2.8278,0.2972766004843957,63.19,3,0,84.313,0,0,0.0,5
CHEMBL1200737,COLFOSCERIL PALMITATE,CCCCCCCCCCCCCCCC(=O)OC[C@H](COP(=O)([O-])OCC[N+](C)(C)C)OC(=O)CCCCCCCCCCCCCCC,10.611799999999995,0.026679820257640745,111.19,8,0,734.0529999999993,38,0,0.95,50
CHEMBL1200743,IOXAGLATE SODIUM,CNC(=O)c1c(I)c(C(=O)NCC(=O)Nc2c(I)c(C(=O)[O-])c(I)c(C(=O)NCCO)c2I)c(I)c(N(C)C(C)=O)c1I.[Na+],-0.8853999999999997,0.14946635803232822,197.07,8,5,1290.8649999999996,10,2,0.25,44
CHEMBL1200744,SODIUM FLUORIDE F 18,[18F-].[Na+],-5.992,0.23630488522502627,0.0,0,0,40.990938,0,0,0.0,2
CHEMBL1200745,OXPRENOLOL HYDROCHLORIDE,C=CCOc1ccccc1OCC(O)CNC(C)C.Cl,2.410900000000001,0.687851007974509,50.72,4,2,301.8139999999999,9,1,0.4666666666666667,20
CHEMBL1200747,AMMONIUM LACTATE,CC(O)C(=O)O.N,-0.38620000000000004,0.4252581196983436,92.53,3,3,107.109,1,0,0.6666666666666666,7
CHEMBL1200748,CARBIDOPA,C[C@@](Cc1ccc(O)c(O)c1)(NN)C(=O)O.O,-0.8778000000000001,0.26379463923390434,147.31,5,5,244.24699999999999,4,1,0.3,17
CHEMBL1200749,LEVOBUPIVACAINE HYDROCHLORIDE,CCCCN1CCCC[C@H]1C(=O)Nc1c(C)cccc1C.Cl,4.3183400000000045,0.8745103781587379,32.34,2,1,324.896,5,2,0.6111111111111112,22
CHEMBL1200750,PROMETHAZINE HYDROCHLORIDE,CC(CN1c2ccccc2Sc2ccccc21)N(C)C.Cl,4.6612000000000045,0.8117196401408203,6.48,3,0,320.88899999999995,3,3,0.29411764705882354,21
CHEMBL1200751,MERCAPTOPURINE,O.S=c1[nH]cnc2nc[nH]c12,0.1907899999999998,0.5529366957020535,88.85999999999999,3,2,170.197,0,2,0.0,11
CHEMBL1200755,CERULETIDE DIETHYLAMINE,CCNCC.CSCC[C@H](NC(=O)[C@H](Cc1c[nH]c2ccccc12)NC(=O)CNC(=O)[C@@H](NC(=O)[C@H](Cc1ccc(OS(=O)(=O)O)cc1)NC(=O)[C@H](CC(=O)O)NC(=O)[C@H](CCC(N)=O)NC(=O)[C@@H]1CCC(=O)N1)[C@@H](C)O)C(=O)N[C@@H](CC(=O)O)C(=O)N[C@@H](Cc1ccccc1)C(N)=O,-3.899500000000023,0.018933529176550837,563.4299999999998,20,18,1425.5650000000005,40,5,0.45161290322580644,99
CHEMBL1200756,PYRIDOXINE HYDROCHLORIDE,Cc1ncc(CO)c(CO)c1O.Cl,0.5020199999999997,0.6576684884044586,73.58000000000001,4,3,205.64100000000002,2,1,0.375,13
CHEMBL1200757,PANCURONIUM BROMIDE,CC(=O)O[C@H]1C[C@@H]2CC[C@@H]3[C@H](CC[C@@]4(C)[C@H]3C[C@H]([N+]3(C)CCCCC3)[C@@H]4OC(C)=O)[C@@]2(C)C[C@@H]1[N+]1(C)CCCCC1.[Br-].[Br-],0.11850000000000938,0.305024104667378,52.6,4,0,732.6830000000001,4,6,0.9428571428571428,43
CHEMBL1200758,AMPICILLIN SODIUM,CC1(C)S[C@@H]2[C@H](NC(=O)[C@H](N)c3ccccc3)C(=O)N2[C@H]1C(=O)[O-].[Na+],-4.012599999999997,0.41163567982337124,115.56,6,2,371.3940000000001,4,3,0.4375,25
CHEMBL1200759,ANAGRELIDE HYDROCHLORIDE,Cl.O=C1CN2Cc3c(ccc(Cl)c3Cl)N=C2N1,2.3481000000000005,0.7975667117767536,44.7,3,1,292.553,0,3,0.2,17
CHEMBL1200760,BALSALAZIDE DISODIUM,O=C([O-])CCNC(=O)c1ccc(/N=N/c2ccc(O)c(C(=O)[O-])c2)cc1.[Na+].[Na+],-5.951099999999998,0.3478142835246101,154.31,8,2,401.2860000000001,7,2,0.11764705882352941,28
CHEMBL1200761,CHLOROTRIANISENE,COc1ccc(C(Cl)=C(c2ccc(OC)cc2)c2ccc(OC)cc2)cc1,5.867800000000005,0.5005017670153243,27.69,3,0,380.8710000000001,6,3,0.13043478260869565,27
CHEMBL1200762,BETAMETHASONE SODIUM PHOSPHATE,C[C@H]1C[C@H]2[C@@H]3CCC4=CC(=O)C=C[C@]4(C)[C@@]3(F)[C@@H](O)C[C@]2(C)[C@@]1(O)C(=O)COP(=O)([O-])[O-].[Na+].[Na+],-5.243299999999994,0.278514355874111,147.02,8,2,516.4100000000003,4,4,0.7272727272727273,34
CHEMBL1200763,IODOHIPPURATE SODIUM I 131,O=C([O-])CNC(=O)c1ccccc1[131I].[Na+],-3.2250999999999976,0.46800251281937283,69.22999999999999,3,1,331.0551246,3,1,0.1111111111111111,15
CHEMBL1200764,METHACHOLINE CHLORIDE,CC(=O)OC(C)C[N+](C)(C)C.[Cl-],-2.3517999999999963,0.37253733240848996,26.3,2,0,195.69,3,0,0.875,12
CHEMBL1200768,CEFTAZIDIME SODIUM,CC(C)(O/N=C(\C(=O)N[C@@H]1C(=O)N2C(C(=O)[O-])=C(C[n+]3ccccc3)CS[C@H]12)c1csc(N)n1)C(=O)[O-].[Na+],-5.629899999999998,0.09681005811279787,194.05,12,2,568.5690000000002,9,4,0.3181818181818182,38
CHEMBL1200769,TRIPELENNAMINE CITRATE,CN(C)CCN(Cc1ccccc1)c1ccccn1.O=C(O)CC(O)(CC(=O)O)C(=O)O,1.4013000000000007,0.3976670302272585,151.5,7,4,447.4880000000003,11,2,0.36363636363636365,32
CHEMBL1200770,IOCETAMIC ACID,CC(=O)N(CC(C)C(=O)O)c1c(I)cc(I)c(N)c1I,3.156200000000001,0.40395850031613767,83.63,3,2,613.9590000000001,4,1,0.3333333333333333,20
CHEMBL1200771,TRIDIHEXETHYL CHLORIDE,CC[N+](CC)(CC)CCC(O)(c1ccccc1)C1CCCCC1.[Cl-],1.7251000000000005,0.7055567266476722,20.23,1,1,353.9780000000002,8,2,0.7142857142857143,24
CHEMBL1200772,WARFARIN POTASSIUM,CC(=O)CC(c1ccccc1)c1c([O-])c2ccccc2oc1=O.[K+],-0.018400000000000416,0.4918060563275453,70.34,4,0,346.42300000000006,4,3,0.15789473684210525,24
CHEMBL1200773,TOCAINIDE HYDROCHLORIDE,Cc1cccc(C)c1NC(=O)C(C)N.Cl,2.01094,0.8138354758376625,55.120000000000005,2,2,228.723,2,1,0.36363636363636365,15
CHEMBL1200774,FLUPREDNISOLONE,C[C@]12C=CC(=O)C=C1[C@@H](F)C[C@@H]1[C@@H]2[C@@H](O)C[C@@]2(C)[C@H]1CC[C@]2(O)C(=O)CO,1.5056,0.6770422256433893,94.83,5,3,378.44000000000017,2,4,0.7142857142857143,27
CHEMBL1200775,LEUPROLIDE ACETATE,CC(=O)O.CCNC(=O)[C@@H]1CCCN1C(=O)[C@H](CCCNC(=N)N)NC(=O)[C@H](CC(C)C)NC(=O)[C@@H](CC(C)C)NC(=O)[C@H](Cc1ccc(O)cc1)NC(=O)[C@H](CO)NC(=O)[C@H](Cc1c[nH]c2ccccc12)NC(=O)[C@H](Cc1c[nH]cn1)NC(=O)[C@@H]1CCC(=O)N1,-1.1375300000000108,0.015613382515674968,466.33999999999986,15,17,1269.4730000000004,32,6,0.5245901639344263,91
CHEMBL1200776,CINACALCET HYDROCHLORIDE,C[C@@H](NCCCc1cccc(C(F)(F)F)c1)c1cccc2ccccc12.Cl,6.563800000000006,0.46718444683919663,12.03,1,1,393.88000000000005,6,3,0.2727272727272727,27
CHEMBL1200778,DEXRAZOXANE HYDROCHLORIDE,C[C@@H](CN1CC(=O)NC(=O)C1)N1CC(=O)NC(=O)C1.Cl,-2.286499999999996,0.569764802537088,98.82,6,2,304.734,3,2,0.6363636363636364,20
CHEMBL1200779,TROVAFLOXACIN MESYLATE,CS(=O)(=O)O.N[C@@H]1[C@H]2CN(c3nc4c(cc3F)c(=O)c(C(=O)O)cn4-c3ccc(F)cc3F)C[C@@H]12,1.3985000000000005,0.44159598468060496,155.82,8,3,512.4660000000002,3,5,0.2857142857142857,35
CHEMBL1200781,CITALOPRAM HYDROBROMIDE,Br.CN(C)CCCC1(c2ccc(F)cc2)OCc2cc(C#N)ccc21,4.390880000000004,0.7405005443369963,36.26,3,0,405.31100000000015,5,3,0.35,25
CHEMBL1200782,DEXTROAMPHETAMINE ADIPATE,C[C@H](N)Cc1ccccc1.O=C(O)CCCCC(=O)O,2.2923,0.6656404299220928,100.62000000000002,3,3,281.3519999999999,7,1,0.4666666666666667,20
CHEMBL1200787,PHENOXYBENZAMINE HYDROCHLORIDE,CC(COc1ccccc1)N(CCCl)Cc1ccccc1.Cl,4.616700000000005,0.6505181767434021,12.47,2,0,340.2939999999999,8,2,0.3333333333333333,22
CHEMBL1200789,TRICLOFOS SODIUM,O=P([O-])(O)OCC(Cl)(Cl)Cl.[Na+],-2.1620999999999997,0.34468435303860323,69.59,3,1,251.365,2,0,1.0,11
CHEMBL1200790,METHYPRYLON,CCC1(CC)C(=O)NCC(C)C1=O,1.1278,0.6521582317615695,46.17,2,1,183.25099999999998,2,1,0.8,13
CHEMBL1200791,OXYMETAZOLINE HYDROCHLORIDE,Cc1cc(C(C)(C)C)c(O)c(C)c1CC1=NCCN1.Cl,3.2725400000000024,0.8795767824309044,44.620000000000005,3,2,296.8419999999999,2,2,0.5625,20
CHEMBL1200794,OXYMORPHONE HYDROCHLORIDE,CN1CC[C@]23c4c5ccc(O)c4O[C@H]2C(=O)CC[C@@]3(O)[C@H]1C5.Cl,1.1669999999999998,0.7433912875416196,70.0,5,2,337.80299999999994,0,5,0.5882352941176471,23
CHEMBL1200795,CLEMASTINE FUMARATE,CN1CCC[C@@H]1CCO[C@](C)(c1ccccc1)c1ccc(Cl)cc1.O=C(O)/C=C/C(=O)O,4.816200000000003,0.5503341946784712,87.07000000000001,4,2,459.97000000000014,8,3,0.36,32
CHEMBL1200796,CYCLOPHOSPHAMIDE,O.O=P1(N(CCCl)CCCl)NCCCO1,1.0593,0.6029463113677852,73.07000000000001,2,1,279.10400000000004,5,1,1.0,15
CHEMBL1200798,TRAZODONE HYDROCHLORIDE,Cl.O=c1n(CCCN2CCN(c3cccc(Cl)c3)CC2)nc2ccccn12,2.783500000000001,0.6516049396209824,45.78,6,0,408.33300000000014,5,4,0.3684210526315789,27
CHEMBL1200799,TRAVOPROST,CC(C)OC(=O)CCC/C=C\C[C@@H]1[C@@H](/C=C/[C@@H](O)COc2cccc(C(F)(F)F)c2)[C@H](O)C[C@@H]1O,4.427400000000005,0.2233331590824295,96.22000000000001,6,3,500.5540000000002,12,2,0.5769230769230769,35
CHEMBL1200800,CALCIUM ACETATE,CC(=O)[O-].CC(=O)[O-].[Ca+2],-2.8683999999999985,0.35484241177116205,80.25999999999999,4,0,158.166,0,0,0.5,9
CHEMBL1200802,TALBUTAL,C=CCC1(C(C)CC)C(=O)NC(=O)NC1=O,0.9609999999999999,0.5513835393856523,75.27000000000001,3,2,224.26,4,1,0.5454545454545454,16
CHEMBL1200803,SOLIFENACIN SUCCINATE,O=C(O)CCC(=O)O.O=C(O[C@H]1CN2CCC1CC2)N1CCc2ccccc2[C@@H]1c1ccccc1,3.8007000000000017,0.6702312739168647,107.37999999999998,5,2,480.56100000000026,5,6,0.4444444444444444,35
CHEMBL1200804,DICLOFENAC POTASSIUM,O=C([O-])Cc1ccccc1Nc1c(Cl)cccc1Cl.[K+],0.03339999999999904,0.8032598436330827,52.16,3,1,334.243,4,2,0.07142857142857142,20
CHEMBL1200805,DILTIAZEM MALATE,COc1ccc([C@@H]2Sc3ccccc3N(CCN(C)C)C(=O)[C@@H]2OC(C)=O)cc1.O=C(O)CC(O)C(=O)O,2.2750999999999997,0.3954757647729172,153.91,9,3,548.6140000000004,9,3,0.38461538461538464,38
CHEMBL1200806,NAPROXEN SODIUM,COc1ccc2cc([C@H](C)C(=O)[O-])ccc2c1.[Na+],-1.2941999999999987,0.6383938847282047,49.36,3,0,252.24499999999998,3,2,0.21428571428571427,18
CHEMBL1200807,NORELGESTROMIN,C#C[C@]1(O)CC[C@H]2[C@@H]3CCC4=C/C(=N/O)CC[C@@H]4[C@H]3CC[C@@]21CC,4.1437000000000035,0.4318395226667917,52.82000000000001,3,2,327.46800000000013,1,4,0.7619047619047619,24
CHEMBL1200809,AZELASTINE HYDROCHLORIDE,CN1CCCC(n2nc(Cc3ccc(Cl)cc3)c3ccccc3c2=O)CC1.Cl,4.719300000000006,0.6179909027556043,38.13,4,0,418.3680000000002,3,4,0.36363636363636365,28
CHEMBL1200810,DOXERCALCIFEROL,C=C1/C(=C\C=C2/CCC[C@]3(C)[C@@H]([C@H](C)/C=C/[C@H](C)C(C)C)CC[C@@H]23)C[C@@H](O)C[C@@H]1O,6.6118000000000094,0.4986560295856184,40.46,2,2,412.65800000000024,5,3,0.7142857142857143,30
CHEMBL1200813,ACEBUTOLOL HYDROCHLORIDE,CCCC(=O)Nc1ccc(OCC(O)CNC(C)C)c(C(C)=O)c1.Cl,2.7873000000000014,0.5495300295286293,87.66,5,3,372.8930000000001,10,1,0.5555555555555556,25
CHEMBL1200814,ACETAZOLAMIDE SODIUM,CC(=O)Nc1nnc(S([NH-])(=O)=O)s1.[Na+],-2.7585999999999995,0.4470539163428753,112.82,6,1,244.23300000000003,2,1,0.25,14
CHEMBL1200817,LEVOMETHADYL ACETATE HYDROCHLORIDE,CC[C@H](OC(C)=O)C(C[C@H](C)N(C)C)(c1ccccc1)c1ccccc1.Cl,5.076400000000006,0.5896247336037331,29.54,3,0,389.96700000000004,8,2,0.43478260869565216,27
CHEMBL1200819,ARTICAINE HYDROCHLORIDE,CCCNC(C)C(=O)Nc1c(C)csc1C(=O)OC.Cl,2.5915200000000014,0.7905902766899062,67.43,5,2,320.84200000000004,6,1,0.5384615384615384,20
CHEMBL1200820,PIPERACILLIN SODIUM,CCN1CCN(C(=O)N[C@@H](C(=O)N[C@@H]2C(=O)N3[C@@H]2SC(C)(C)[C@@H]3C(=O)[O-])c2ccccc2)C(=O)C1=O.[Na+],-4.570999999999993,0.2077191979409234,159.26,8,2,539.5460000000003,6,4,0.4782608695652174,37
CHEMBL1200821,PROPYLIODONE,CCCOC(=O)Cn1cc(I)c(=O)c(I)c1,2.0107,0.524800697007054,48.3,4,0,447.01000000000005,4,1,0.4,16
CHEMBL1200822,FLECAINIDE ACETATE,CC(=O)O.O=C(NCC1CCCCN1)c1cc(OCC(F)(F)F)ccc1OCC(F)(F)F,3.531600000000002,0.5236148115177984,96.89,5,3,474.3980000000001,7,2,0.5789473684210527,32
CHEMBL1200825,METHADONE HYDROCHLORIDE,CCC(=O)C(CC(C)N(C)C)(c1ccccc1)c1ccccc1.Cl,4.713800000000005,0.7236524978796977,20.310000000000002,2,0,345.91400000000004,7,2,0.38095238095238093,24
CHEMBL1200826,LITHIUM CARBONATE,O=C([O-])[O-].[Li+].[Li+],-8.439,0.2678662993265662,63.19,3,0,73.89,0,0,0.0,6
CHEMBL1200828,CYCRIMINE HYDROCHLORIDE,Cl.OC(CCN1CCCCC1)(c1ccccc1)C1CCCC1,4.362200000000004,0.8697919929983714,23.47,2,1,323.9080000000002,5,3,0.6842105263157895,22
CHEMBL1200829,GLUCONOLACTONE,O=C1O[C@H](CO)[C@@H](O)[C@H](O)[C@H]1O,-3.0132000000000008,0.31840703330404735,107.22000000000001,6,4,178.14000000000001,1,1,0.8333333333333334,12
CHEMBL1200831,SPIRAPRIL HYDROCHLORIDE,CCOC(=O)[C@H](CCc1ccccc1)N[C@@H](C)C(=O)N1CC2(C[C@H]1C(=O)O)SCCS2.Cl,2.812600000000001,0.4975587537354796,95.94000000000001,7,2,503.0860000000003,9,3,0.5909090909090909,32
CHEMBL1200832,TERBINAFINE HYDROCHLORIDE,CN(C/C=C/C#CC(C)(C)C)Cc1cccc2ccccc12.Cl,5.2991000000000055,0.6887255216594101,3.24,1,0,327.89899999999994,4,2,0.3333333333333333,23
CHEMBL1200833,DIPIVEFRIN HYDROCHLORIDE,CNCC(O)c1ccc(OC(=O)C(C)(C)C)c(OC(=O)C(C)(C)C)c1.Cl,3.264200000000003,0.5954504399580883,84.85999999999999,6,2,387.90400000000005,5,1,0.5789473684210527,26
CHEMBL1200836,OXICONAZOLE NITRATE,Clc1ccc(CO/N=C(\Cn2ccnc2)c2ccc(Cl)cc2Cl)c(Cl)c1.O=[N+]([O-])O,5.770100000000003,0.26753541660485186,102.78,6,1,492.1460000000002,6,3,0.1111111111111111,30
CHEMBL1200837,LEVOBETAXOLOL HYDROCHLORIDE,CC(C)NC[C@H](O)COc1ccc(CCOCC2CC2)cc1.Cl,2.8152000000000013,0.606569080084936,50.72,4,2,343.89500000000004,11,2,0.6666666666666666,23
CHEMBL1200839,DIATRIZOATE MEGLUMINE,CC(=O)Nc1c(I)c(NC(C)=O)c(I)c(C(=O)O)c1I.CNC[C@H](O)[C@@H](O)[C@H](O)[C@H](O)CO,-0.24290000000000006,0.1497486161511866,208.67999999999998,9,9,809.1300000000003,9,1,0.5,33
CHEMBL1200841,PROCAINE HYDROCHLORIDE,CCN(CC)CCOC(=O)c1ccc(N)cc1.Cl,2.1892,0.637089141568529,55.56,4,1,272.776,6,1,0.46153846153846156,18
CHEMBL1200843,METHYLERGONOVINE MALEATE,CC[C@@H](CO)NC(=O)[C@@H]1C=C2c3cccc4[nH]cc(c34)C[C@H]2N(C)C1.O=C(O)/C=C\C(=O)O,1.6364999999999998,0.4167371470120937,142.96,5,5,455.5110000000003,6,4,0.375,33
CHEMBL1200845,HALCINONIDE,CC1(C)O[C@@H]2C[C@H]3[C@@H]4CCC5=CC(=O)CC[C@]5(C)[C@@]4(F)[C@@H](O)C[C@]3(C)[C@]2(C(=O)CCl)O1,3.889300000000003,0.6406683863701529,72.83,5,1,454.96600000000024,2,5,0.8333333333333334,31
CHEMBL1200848,HYDROXYPROGESTERONE CAPROATE,CCCCCC(=O)O[C@]1(C(C)=O)CC[C@H]2[C@@H]3CCC4=CC(=O)CC[C@]4(C)[C@H]3CC[C@@]21C,5.969600000000007,0.38618366498262774,60.440000000000005,4,0,428.6130000000003,6,4,0.8148148148148148,31
CHEMBL1200850,GANCICLOVIR SODIUM,Nc1nc([O-])c2ncn(COC(CO)CO)c2n1.[Na+],-5.186599999999998,0.4602220495973274,142.37,9,3,277.21599999999995,5,2,0.4444444444444444,19
CHEMBL1200851,HOMATROPINE METHYLBROMIDE,C[N+]1(C)[C@@H]2CC[C@H]1C[C@@H](OC(=O)C(O)c1ccccc1)C2.[Br-],-0.9629999999999976,0.5508021526593009,46.53,3,1,370.28700000000003,3,3,0.5882352941176471,22
CHEMBL1200852,PENICILLIN V POTASSIUM,CC1(C)S[C@@H]2[C@H](NC(=O)COc3ccccc3)C(=O)N2[C@H]1C(=O)[O-].[K+],-3.633599999999997,0.41289856918795736,98.77000000000001,6,1,388.4860000000001,5,3,0.4375,25
CHEMBL1200853,DYDROGESTERONE,CC(=O)[C@H]1CC[C@H]2[C@@H]3C=CC4=CC(=O)CC[C@@]4(C)[C@@H]3CC[C@]12C,4.499500000000004,0.7141681268421906,34.14,2,0,312.4530000000001,1,4,0.7142857142857143,23
CHEMBL1200854,FLUPHENAZINE DECANOATE,CCCCCCCCCC(=O)OCCN1CCN(CCCN2c3ccccc3Sc3ccc(C(F)(F)F)cc32)CC1,7.99970000000001,0.15432075680363713,36.02,6,0,591.7840000000001,15,4,0.59375,41
CHEMBL1200855,TICARCILLIN DISODIUM,CC1(C)S[C@@H]2[C@H](NC(=O)[C@H](C(=O)[O-])c3ccsc3)C(=O)N2[C@H]1C(=O)[O-].[Na+].[Na+],-8.11340000000001,0.2801291022396541,129.67000000000002,8,1,428.3990000000001,5,3,0.4666666666666667,27
CHEMBL1200859,ISOSULFAN BLUE,CCN(CC)c1ccc(C(=C2C=CC(=[N+](CC)CC)C=C2)c2cc(S(=O)(=O)[O-])ccc2S(=O)(=O)[O-])cc1.[Na+],0.7662000000000015,0.24976258979079258,120.65,7,0,566.6770000000001,9,3,0.2962962962962963,38
CHEMBL1200861,TARTARIC ACID,O=C(O)[C@@H](O)[C@H](O)C(=O)O,-2.1226,0.3652291848585975,115.06000000000002,4,4,150.08599999999998,3,0,0.5,10
CHEMBL1200862,METYROSINE,C[C@](N)(Cc1ccc(O)cc1)C(=O)O,0.7367000000000001,0.663716312151751,83.55,3,3,195.218,3,1,0.3,14
CHEMBL1200863,MELPHALAN HYDROCHLORIDE,Cl.N[C@@H](Cc1ccc(N(CCCl)CCCl)cc1)C(=O)O,2.3468,0.712341629290707,66.56,3,2,341.666,8,1,0.46153846153846156,20
CHEMBL1200865,LOTEPREDNOL ETABONATE,CCOC(=O)O[C@]1(C(=O)OCCl)CC[C@H]2[C@@H]3CCC4=CC(=O)C=C[C@]4(C)[C@H]3[C@@H](O)C[C@@]21C,3.9165000000000028,0.49480398580664986,99.13000000000001,7,1,466.95800000000025,4,4,0.7083333333333334,32
CHEMBL1200866,PERFLUBRON,FC(F)(F)C(F)(F)C(F)(F)C(F)(F)C(F)(F)C(F)(F)C(F)(F)C(F)(F)Br,6.348200000000002,0.2956277398790363,0.0,0,0,498.95799999999997,6,0,1.0,26
CHEMBL1200868,PHENYL AMINOSALICYLATE,Nc1ccc(C(=O)Oc2ccccc2)c(O)c1,2.1936,0.4700844073028581,72.55000000000001,4,2,229.23500000000004,2,2,0.0,17
CHEMBL1200869,METRONIDAZOLE HYDROCHLORIDE,Cc1ncc([N+](=O)[O-])n1CCO.Cl,0.5138199999999999,0.5786341933470392,81.19,5,1,207.617,3,1,0.5,13
CHEMBL1200870,TIMOLOL MALEATE,CC(C)(C)NC[C@H](O)COc1nsnc1N1CCOCC1.O=C(O)/C=C\C(=O)O,0.21430000000000204,0.41680426386933456,154.34,10,4,432.4990000000003,8,2,0.6470588235294118,29
CHEMBL1200873,PHENTOLAMINE MESYLATE,CS(=O)(=O)O.Cc1ccc(N(CC2=NCCN2)c2cccc(O)c2)cc1,2.3444199999999995,0.7070674735591409,102.23,6,3,377.466,4,3,0.2777777777777778,26
CHEMBL1200874,"TOLBUTAMIDE SODIUM, STERILE",CCCCNC(=O)[N-]S(=O)(=O)c1ccc(C)cc1.[Na+],-0.4288799999999995,0.5908213798715167,77.34,3,1,292.33599999999996,5,1,0.4166666666666667,19
CHEMBL1200875,FLAVOXATE HYDROCHLORIDE,Cc1c(-c2ccccc2)oc2c(C(=O)OCCN3CCCCC3)cccc2c1=O.Cl,4.832920000000005,0.5454399853965626,59.75,5,0,427.92800000000017,5,4,0.3333333333333333,30
CHEMBL1200877,FLUMETHASONE PIVALATE,C[C@@H]1C[C@H]2[C@@H]3C[C@H](F)C4=CC(=O)C=C[C@]4(C)[C@@]3(F)[C@@H](O)C[C@]2(C)[C@@]1(O)C(=O)COC(=O)C(C)(C)C,3.4407000000000023,0.5832736199916968,100.9,6,2,494.5750000000004,3,4,0.7407407407407407,35
CHEMBL1200878,TRIAMCINOLONE HEXACETONIDE,CC(C)(C)CC(=O)OCC(=O)[C@@]12OC(C)(C)O[C@@H]1C[C@H]1[C@@H]3CCC4=CC(=O)C=C[C@]4(C)[C@@]3(F)[C@@H](O)C[C@@]12C,4.405900000000004,0.5358144370210589,99.13000000000001,7,1,532.6490000000002,4,5,0.7666666666666667,38
CHEMBL1200879,WARFARIN SODIUM,CC(=O)CC(c1ccccc1)c1c([O-])c2ccccc2oc1=O.[Na+],-0.018400000000000416,0.4979938462435038,70.34,4,0,330.31500000000005,4,3,0.15789473684210525,24
CHEMBL1200880,DIPHEMANIL METHYLSULFATE,COS(=O)(=O)[O-].C[N+]1(C)CCC(=C(c2ccccc2)c2ccccc2)CC1,3.4517000000000024,0.4580907235233614,66.43,4,0,389.5170000000001,3,3,0.3333333333333333,27
CHEMBL1200881,MINOCYCLINE HYDROCHLORIDE,CN(C)c1ccc(O)c2c1C[C@H]1C[C@H]3[C@H](N(C)C)C(O)=C(C(N)=O)C(=O)[C@@]3(O)C(O)=C1C2=O.Cl,0.6084,0.37908670913477405,164.63,9,5,493.94400000000024,3,4,0.43478260869565216,34
CHEMBL1200883,THONZONIUM BROMIDE,CCCCCCCCCCCCCCCC[N+](C)(C)CCN(Cc1ccc(OC)cc1)c1ncccn1.[Br-],5.053500000000004,0.14193839082223136,38.25,4,0,591.7230000000002,22,2,0.6875,38
CHEMBL1200885,ALOSETRON HYDROCHLORIDE,Cc1[nH]cnc1CN1CCc2c(c3ccccc3n2C)C1=O.Cl,2.8301200000000013,0.7852210768321913,53.92,3,1,330.819,2,4,0.29411764705882354,23
CHEMBL1200887,TRIMETHOBENZAMIDE HYDROCHLORIDE,COc1cc(C(=O)NCc2ccc(OCCN(C)C)cc2)cc(OC)c1OC.Cl,3.004600000000002,0.631933620780358,69.26,6,1,424.9250000000001,10,2,0.38095238095238093,29
CHEMBL1200890,OXYCODONE HYDROCHLORIDE,COc1ccc2c3c1O[C@H]1C(=O)CC[C@@]4(O)[C@@H](C2)N(C)CC[C@]314.Cl,1.4699999999999998,0.8299888679645318,59.00000000000001,5,1,351.8300000000001,1,5,0.6111111111111112,24
CHEMBL1200891,OXYPHENCYCLIMINE HYDROCHLORIDE,CN1CCCN=C1COC(=O)C(O)(c1ccccc1)C1CCCCC1.Cl,3.1535000000000015,0.7968701808982978,62.129999999999995,5,1,380.9160000000002,5,3,0.6,26
CHEMBL1200893,PROTOKYLOL HYDROCHLORIDE,CC(Cc1ccc2c(c1)OCO2)NCC(O)c1ccc(O)c(O)c1.Cl,2.5025000000000017,0.5863619126972902,91.18,6,4,367.829,6,3,0.3333333333333333,25
CHEMBL1200895,PHENELZINE SULFATE,NNCCc1ccccc1.O=S(=O)(O)O,0.0395999999999993,0.33350059275215105,112.65,4,4,234.277,3,1,0.25,15
CHEMBL1200896,DINOPROST TROMETHAMINE,CCCCC[C@H](O)/C=C/[C@@H]1[C@@H](C/C=C\CCCC(=O)O)[C@@H](O)C[C@H]1O.NC(CO)(CO)CO,0.7037000000000011,0.12466970262676258,184.7,8,8,475.6230000000002,15,1,0.7916666666666666,33
CHEMBL1200899,TYROPANOATE SODIUM,CCCC(=O)Nc1c(I)cc(I)c(CC(CC)C(=O)[O-])c1I.[Na+],0.5615999999999999,0.3431839854765941,69.23,3,1,663.0070000000002,7,1,0.4666666666666667,23
CHEMBL1200901,HALOFANTRINE HYDROCHLORIDE,CCCCN(CCCC)CCC(O)c1cc2c(Cl)cc(Cl)cc2c2cc(C(F)(F)F)ccc12.Cl,9.066099999999997,0.2612262683772931,23.47,2,1,536.8930000000001,10,3,0.46153846153846156,34
CHEMBL1200903,SECOBARBITAL SODIUM,C=CCC1(C(C)CCC)C(=O)[N-]C(=O)NC1=O.[Na+],-0.8607999999999985,0.39675965270025476,77.34,3,1,260.26899999999995,5,1,0.5833333333333334,18
CHEMBL1200904,SELEGILINE HYDROCHLORIDE,C#CCN(C)[C@H](C)Cc1ccccc1.Cl,2.6044000000000014,0.7097875706541052,3.24,1,0,223.747,4,1,0.38461538461538464,15
CHEMBL1200906,OXYPHENONIUM BROMIDE,CC[N+](C)(CC)CCOC(=O)C(O)(c1ccccc1)C1CCCCC1.[Br-],0.48810000000000175,0.4844783676928349,46.53,3,1,428.41100000000023,8,2,0.6666666666666666,26
CHEMBL1200907,TRILOSTANE,C[C@]12CC[C@H]3[C@@H](CC[C@@]45O[C@@H]4C(O)=C(C#N)C[C@]35C)[C@@H]1CC[C@@H]2O,3.466880000000002,0.6672313604458664,76.78,4,2,329.44000000000005,0,5,0.85,24
CHEMBL1200908,HALOBETASOL PROPIONATE,CCC(=O)O[C@]1(C(=O)CCl)[C@@H](C)C[C@H]2[C@@H]3C[C@H](F)C4=CC(=O)C=C[C@]4(C)[C@@]3(F)[C@@H](O)C[C@@]21C,4.0511000000000035,0.4806760513310261,80.67,5,1,484.9670000000002,4,4,0.72,33
CHEMBL1200909,PREDNISOLONE TEBUTATE,CC(C)(C)CC(=O)OCC(=O)[C@@]1(O)CC[C@H]2[C@@H]3CCC4=CC(=O)C=C[C@]4(C)[C@H]3[C@@H](O)C[C@@]21C,3.5447000000000024,0.6251252881597862,100.90000000000002,6,2,458.5950000000002,4,4,0.7407407407407407,33
CHEMBL1200910,SULFISOXAZOLE ACETYL,CC(=O)N(c1onc(C)c1C)S(=O)(=O)c1ccc(N)cc1,1.6154400000000002,0.8632907802604699,106.5,6,1,309.34700000000004,3,2,0.23076923076923078,21
CHEMBL1200912,PHENTERMINE HYDROCHLORIDE,CC(C)(N)Cc1ccccc1.Cl,2.3882000000000008,0.7526332438710864,26.02,1,1,185.698,2,1,0.4,12
CHEMBL1200914,TAMSULOSIN HYDROCHLORIDE,CCOc1ccccc1OCCN[C@H](C)Cc1ccc(OC)c(S(N)(=O)=O)c1.Cl,2.762700000000001,0.5167483439157886,99.88,6,2,444.98100000000005,11,2,0.4,29
CHEMBL1200916,THIORIDAZINE HYDROCHLORIDE,CSc1ccc2c(c1)N(CCC1CCCCN1C)c1ccccc1S2.Cl,6.307400000000006,0.5484544915536859,6.48,4,0,407.04799999999994,4,4,0.42857142857142855,26
CHEMBL1200920,ISOETHARINE HYDROCHLORIDE,CCC(NC(C)C)C(O)c1ccc(O)c(O)c1.Cl,2.3296000000000014,0.622563164204719,72.72,4,4,275.776,5,1,0.5384615384615384,18
CHEMBL1200922,MEBUTAMATE,CCC(C)C(C)(COC(N)=O)COC(N)=O,1.2294000000000005,0.7179858695750139,104.63999999999999,4,2,232.27999999999994,6,0,0.8,16
CHEMBL1200925,"POTASSIUM PHOSPHATE, MONOBASIC",O=P([O-])(O)O.[K+],-4.5565999999999995,0.25937302431231696,80.59,2,2,136.084,0,0,0.0,6
CHEMBL1200927,DEXCHLORPHENIRAMINE MALEATE,CN(C)CC[C@@H](c1ccc(Cl)cc1)c1ccccn1.O=C(O)/C=C\C(=O)O,3.5304,0.702606427782716,90.73,4,2,390.86700000000013,7,2,0.25,27
CHEMBL1200928,ZINC ACETATE ANHYDROUS,CC(=O)[O-].CC(=O)[O-].[Zn+2],-2.490099999999999,0.38930439097359454,80.25999999999999,4,0,183.478,0,0,0.5,9
CHEMBL1200929,ZINC SULFATE,O=S(=O)([O-])[O-].[Zn+2],-1.3404999999999996,0.250172219594178,80.26,4,0,161.45299999999997,0,0,0.0,6
CHEMBL1200930,RABEPRAZOLE SODIUM,COCCCOc1ccnc(C[S+]([O-])c2nc3ccccc3[n-]2)c1C.[Na+],-0.3774799999999989,0.3006935885571094,81.4,5,0,381.43300000000005,8,3,0.3333333333333333,26
CHEMBL1200932,IOPAMIDOL,C[C@H](O)C(=O)Nc1c(I)c(C(=O)NC(CO)CO)c(I)c(C(=O)NC(CO)CO)c1I,-1.0143000000000004,0.13891171870331429,188.45,8,8,777.0880000000001,10,1,0.47058823529411764,31
CHEMBL1200933,HEXAFLUORENIUM BROMIDE,C[N+](C)(CCCCCC[N+](C)(C)C1c2ccccc2-c2ccccc21)C1c2ccccc2-c2ccccc21.[Br-].[Br-],2.247600000000002,0.19086092423282666,0.0,0,0,662.5540000000003,9,6,0.3333333333333333,40
CHEMBL1200934,NORGESTIMATE,C#C[C@]1(OC(C)=O)CC[C@H]2[C@@H]3CCC4=C/C(=N/O)CC[C@@H]4[C@H]3CC[C@@]21CC,4.714500000000005,0.3316970024889565,58.89,4,1,369.5050000000003,2,4,0.7391304347826086,27
CHEMBL1200935,DARIFENACIN HYDROBROMIDE,Br.NC(=O)C(c1ccccc1)(c1ccccc1)[C@@H]1CCN(CCc2ccc3c(c2)CCO3)C1,4.535400000000004,0.5113503393181813,55.56,3,1,507.47200000000043,7,5,0.32142857142857145,33
CHEMBL1200936,PENICILLIN G PROCAINE,CC1(C)S[C@@H]2[C@H](NC(=O)Cc3ccccc3)C(=O)N2[C@H]1C(=O)O.CCN(CC)CCOC(=O)c1ccc(N)cc1.O,1.8035000000000014,0.21239532361549102,173.77,8,3,588.7270000000003,10,4,0.4482758620689655,41
CHEMBL1200937,DALFOPRISTIN,CCN(CC)CCS(=O)(=O)[C@@H]1CCN2C(=O)c3coc(n3)CC(=O)C[C@H](O)/C=C(C)/C=C/CNC(=O)/C=C/[C@@H](C)[C@@H](C(C)C)OC(=O)[C@@H]12,2.269300000000002,0.4015975548403724,176.42,11,2,690.8600000000002,7,3,0.6176470588235294,48
CHEMBL1200939,AMMONIUM CHLORIDE,Cl.N,0.5838,0.43065366897380536,35.0,1,1,53.492000000000004,0,0,0.0,2
CHEMBL1200940,METOCLOPRAMIDE HYDROCHLORIDE,CCN(CC)CCNC(=O)c1cc(Cl)c(N)cc1OC.Cl.O,1.5995000000000004,0.7267152509117338,99.09,4,2,354.27800000000013,7,1,0.5,22
CHEMBL1200941,THIAMINE HYDROCHLORIDE,Cc1ncc(C[n+]2csc(CCO)c2C)c(N)n1.Cl.[Cl-],-1.9664599999999974,0.6352026131224129,75.91,5,2,337.27599999999995,4,2,0.4166666666666667,20
CHEMBL1200944,SULBACTAM SODIUM,CC1(C)[C@H](C(=O)[O-])N2C(=O)C[C@H]2S1(=O)=O.[Na+],-5.125699999999998,0.34484416983470423,94.57999999999998,5,0,255.227,1,2,0.75,16
CHEMBL1200945,PENTETATE CALCIUM TRISODIUM,O=C([O-])CN(CCN(CC(=O)[O-])CC(=O)[O-])CCN(CC(=O)[O-])CC(=O)[O-].[Ca+2].[Na+].[Na+].[Na+],-18.72689999999998,0.1815381239661475,210.37,13,0,497.3570000000002,16,0,0.6428571428571429,31
CHEMBL1200946,NANDROLONE DECANOATE,CCCCCCCCCC(=O)O[C@H]1CC[C@H]2[C@@H]3CCC4=CC(=O)CC[C@@H]4[C@H]3CC[C@]12C,7.180700000000009,0.2884127521938969,43.370000000000005,3,0,428.6570000000003,9,4,0.8571428571428571,31
CHEMBL1200947,METIPRANOLOL HYDROCHLORIDE,CC(=O)Oc1c(C)cc(OCC(O)CNC(C)C)c(C)c1C.Cl,2.696660000000001,0.5871658160322472,67.79,5,2,345.867,7,1,0.5882352941176471,23
CHEMBL1200948,TRIMIPRAMINE MALEATE,CC(CN(C)C)CN1c2ccccc2CCc2ccccc21.O=C(O)/C=C\C(=O)O,3.8328000000000024,0.7046653536376639,81.08,4,2,410.5140000000001,6,3,0.3333333333333333,30
CHEMBL1200949,BETAZOLE HYDROCHLORIDE,Cl.NCCc1cc[nH]n1,0.33269999999999983,0.6338108845121857,54.7,2,2,147.609,2,1,0.4,9
CHEMBL1200950,CLIDINIUM BROMIDE,C[N+]12CCC(CC1)C(OC(=O)C(O)(c1ccccc1)c1ccccc1)C2.[Br-],-0.291499999999999,0.5338682917789656,46.53,3,1,432.35800000000006,4,5,0.4090909090909091,27
CHEMBL1200951,FLUPHENAZINE ENANTHATE,CCCCCCC(=O)OCCN1CCN(CCCN2c3ccccc3Sc3ccc(C(F)(F)F)cc32)CC1,6.829400000000008,0.21340139673913963,36.02,6,0,549.7029999999999,12,4,0.5517241379310345,38
CHEMBL1200952,METHAMPHETAMINE HYDROCHLORIDE,CN[C@@H](C)Cc1ccccc1.Cl,2.2588000000000004,0.7621097322978312,12.03,1,1,185.698,3,1,0.4,12
CHEMBL1200953,HYDROCORTISONE PROBUTATE,CCCC(=O)O[C@]1(C(=O)COC(=O)CC)CC[C@H]2[C@@H]3CCC4=CC(=O)CC[C@]4(C)[C@H]3[C@@H](O)C[C@@]21C,4.093500000000003,0.5378739644790023,106.97000000000001,7,1,488.6210000000003,7,4,0.7857142857142857,35
CHEMBL1200955,MYCOPHENOLATE MOFETIL HYDROCHLORIDE,COc1c(C)c2c(c(O)c1C/C=C(\C)CCC(=O)OCCN1CCOCC1)C(=O)OC2.Cl,2.9458200000000017,0.4354747614455709,94.53000000000002,8,1,469.9620000000003,9,3,0.5652173913043478,32
CHEMBL1200959,METHDILAZINE,CN1CCC(CN2c3ccccc3Sc3ccccc32)C1,4.241000000000003,0.8181633544074803,6.48,3,0,296.4390000000001,2,4,0.3333333333333333,21
CHEMBL1200961,BROMPHENIRAMINE MALEATE,CN(C)CCC(c1ccc(Br)cc1)c1ccccn1.O=C(O)/C=C\C(=O)O,3.639500000000001,0.6458509468187223,90.73,4,2,435.3180000000001,7,2,0.25,27
CHEMBL1200962,CEFEPIME HYDROCHLORIDE,CO/N=C(\C(=O)N[C@@H]1C(=O)N2C(C(=O)O)=C(C[N+]3(C)CCCC3)CS[C@H]12)c1csc(N)n1.Cl.O.[Cl-],-3.344099999999996,0.13155760310454703,178.70999999999998,9,3,571.5090000000002,7,4,0.5263157894736842,35
CHEMBL1200963,BIMATOPROST,CCNC(=O)CCC/C=C\C[C@@H]1[C@@H](/C=C/[C@@H](O)CCc2ccccc2)[C@H](O)C[C@@H]1O,3.146900000000002,0.31184363018252953,89.79,4,4,415.5740000000001,12,2,0.56,30
CHEMBL1200964,AMITRIPTYLINE HYDROCHLORIDE,CN(C)CCC=C1c2ccccc2CCc2ccccc21.Cl,4.590400000000005,0.8007811645803259,3.24,1,0,313.872,3,3,0.3,22
CHEMBL1200965,BACAMPICILLIN HYDROCHLORIDE,CCOC(=O)OC(C)OC(=O)[C@@H]1N2C(=O)[C@@H](NC(=O)[C@H](N)c3ccccc3)[C@H]2SC1(C)C.Cl,1.717600000000001,0.3246218078549924,137.26000000000002,9,2,501.9890000000002,7,3,0.5238095238095238,33
CHEMBL1200967,BROMODIPHENHYDRAMINE HYDROCHLORIDE,CN(C)CCOC(c1ccccc1)c1ccc(Br)cc1.Cl,4.538500000000004,0.7400264332888569,12.47,2,0,370.718,6,2,0.29411764705882354,21
CHEMBL1200968,HYDROCORTISONE SODIUM PHOSPHATE,C[C@]12CCC(=O)C=C1CC[C@@H]1[C@@H]2[C@@H](O)C[C@@]2(C)[C@H]1CC[C@]2(O)C(=O)COP(=O)([O-])[O-].[Na+].[Na+],-5.357399999999995,0.29589532902078175,147.02,8,2,486.4090000000003,4,4,0.8095238095238095,32
CHEMBL1200969,DUTASTERIDE,C[C@]12C=CC(=O)N[C@@H]1CC[C@@H]1[C@@H]2CC[C@]2(C)[C@@H](C(=O)Nc3cc(C(F)(F)F)ccc3C(F)(F)F)CC[C@@H]12,6.576100000000006,0.4265424696021493,58.2,2,2,528.537,2,5,0.6296296296296297,37
CHEMBL1200970,ETHOPROPAZINE HYDROCHLORIDE,CCN(CC)C(C)CN1c2ccccc2Sc2ccccc21.Cl,5.441400000000005,0.7097853174897145,6.48,3,0,348.94300000000004,5,3,0.3684210526315789,23
CHEMBL1200971,CEPHALOGLYCIN,CC(=O)OCC1=C(C(=O)O)N2C(=O)[C@@H](NC(=O)[C@H](N)c3ccccc3)[C@H]2SC1,-0.01189999999999758,0.44353709147227205,139.03,7,3,405.43200000000013,6,3,0.3333333333333333,28
CHEMBL1200972,CHLOPHEDIANOL HYDROCHLORIDE,CN(C)CCC(O)(c1ccccc1)c1ccccc1Cl.Cl,3.949400000000004,0.8992539326710557,23.47,2,1,326.267,5,2,0.29411764705882354,21
CHEMBL1200973,ESTRADIOL CYPIONATE,C[C@]12CC[C@@H]3c4ccc(O)cc4CC[C@H]3[C@@H]1CC[C@@H]2OC(=O)CCC1CCCC1,6.130500000000006,0.6227170001015172,46.53,3,1,396.57100000000025,4,5,0.7307692307692307,29
CHEMBL1200974,CARBINOXAMINE MALEATE,CN(C)CCOC(c1ccc(Cl)cc1)c1ccccn1.O=C(O)/C=C\C(=O)O,3.1144000000000007,0.6493698808872684,99.96,5,2,406.8660000000001,8,2,0.25,28
CHEMBL1200975,CLOCORTOLONE PIVALATE,C[C@@H]1C[C@H]2[C@@H]3C[C@H](F)C4=CC(=O)C=C[C@]4(C)[C@@]3(Cl)[C@@H](O)C[C@]2(C)[C@H]1C(=O)COC(=O)C(C)(C)C,4.595100000000004,0.4579880475870269,80.66999999999999,5,1,495.03100000000035,3,4,0.7407407407407407,34
CHEMBL1200976,IDARUBICIN HYDROCHLORIDE,CC(=O)[C@]1(O)Cc2c(O)c3c(c(O)c2[C@@H](O[C@H]2C[C@H](N)[C@H](O)[C@H](C)O2)C1)C(=O)c1ccccc1C3=O.Cl,1.4420999999999997,0.3094233337463682,176.60999999999999,10,5,533.9610000000002,3,5,0.4230769230769231,37
CHEMBL1200977,MILRINONE LACTATE,CC(O)C(=O)O.Cc1[nH]c(=O)c(C#N)cc1-c1ccncc1,1.0688,0.7609886335435914,127.06999999999998,5,3,301.30199999999996,2,2,0.2,22
CHEMBL1200979,DEXPANTHENOL,CC(C)(CO)[C@@H](O)C(=O)NCCCO,-1.1355999999999997,0.412780402657381,89.79,4,4,205.25399999999996,6,0,0.8888888888888888,14
CHEMBL1200980,ESTROPIPATE,C1CNCCN1.C[C@]12CC[C@@H]3c4ccc(OS(=O)(=O)O)cc4CC[C@H]3[C@@H]1CCC2=O,2.4726,0.611867755240698,104.73000000000002,6,3,436.5740000000003,2,5,0.6818181818181818,30
CHEMBL1200981,EPIRUBICIN HYDROCHLORIDE,COc1cccc2c1C(=O)c1c(O)c3c(c(O)c1C2=O)C[C@@](O)(C(=O)CO)C[C@@H]3O[C@H]1C[C@H](N)[C@@H](O)[C@H](C)O1.Cl,0.4230999999999994,0.22743156330268519,206.07,12,6,579.9860000000003,5,5,0.4444444444444444,40
CHEMBL1200982,BUTABARBITAL SODIUM,CCC(C)C1(CC)C(=O)[N-]C(=O)NC1=O.[Na+],-1.4169999999999978,0.4808208411340007,77.34,3,1,234.231,3,1,0.7,16
CHEMBL1200984,AMLODIPINE MALEATE,CCOC(=O)C1=C(COCCN)NC(C)=C(C(=O)OC)C1c1ccccc1Cl.O=C(O)/C=C\C(=O)O,1.9781000000000006,0.1998878091548183,174.48,9,4,524.9540000000002,10,2,0.3333333333333333,36
CHEMBL1200986,HALOPERIDOL DECANOATE,CCCCCCCCCC(=O)OC1(c2ccc(Cl)cc2)CCN(CCCC(=O)c2ccc(F)cc2)CC1,8.11720000000001,0.13267098764320848,46.61,4,0,530.1240000000003,15,3,0.5483870967741935,37
CHEMBL1200987,EPROSARTAN MESYLATE,CCCCc1ncc(/C=C(\Cc2cccs2)C(=O)O)n1Cc1ccc(C(=O)O)cc1.CS(=O)(=O)O,4.248400000000002,0.2655335405976917,146.79,7,3,520.6290000000002,10,3,0.2916666666666667,35
CHEMBL1200988,METHANTHELINE BROMIDE,CC[N+](C)(CC)CCOC(=O)C1c2ccccc2Oc2ccccc21.[Br-],0.9577999999999995,0.5161423991873132,35.53,3,0,420.3470000000001,6,3,0.38095238095238093,26
CHEMBL1200989,ALCLOMETASONE DIPROPIONATE,CCC(=O)OCC(=O)[C@@]1(OC(=O)CC)[C@H](C)C[C@H]2[C@H]3[C@H]([C@@H](O)C[C@@]21C)[C@@]1(C)C=CC(=O)C=C1C[C@H]3Cl,3.942700000000003,0.41719552308352964,106.97000000000003,7,1,521.0500000000003,6,4,0.7142857142857143,36
CHEMBL1200991,CARBENICILLIN INDANYL SODIUM,CC1(C)S[C@@H]2[C@H](NC(=O)C(C(=O)Oc3ccc4c(c3)CCC4)c3ccccc3)C(=O)N2[C@H]1C(=O)[O-].[Na+],-1.8344999999999954,0.15785960227220713,115.84,7,1,516.5510000000003,6,5,0.38461538461538464,36
CHEMBL1200993,GALLAMINE TRIETHIODIDE,CC[N+](CC)(CC)CCOc1cccc(OCC[N+](CC)(CC)CC)c1OCC[N+](CC)(CC)CC.[I-].[I-].[I-],-3.5355000000000087,0.09484446271589338,27.69,3,0,891.5400000000004,21,1,0.8,39
CHEMBL1201000,NITROFURANTOIN SODIUM,O=C1CN(/N=C/c2ccc([N+](=O)[O-])o2)C(=O)[N-]1.[Na+],-2.138399999999999,0.20177745424063387,120.12,6,0,260.14099999999996,3,2,0.125,18
CHEMBL1201001,MECHLORETHAMINE HYDROCHLORIDE,CN(CCCl)CCCl.Cl,1.8176,0.614424941051489,3.24,1,0,192.51700000000002,4,0,1.0,9
CHEMBL1201002,CARTEOLOL HYDROCHLORIDE,CC(C)(C)NCC(O)COc1cccc2c1CCC(=O)N2.Cl,2.1209000000000002,0.7740481999052915,70.58999999999999,4,3,328.84,5,2,0.5625,22
CHEMBL1201003,ELETRIPTAN HYDROBROMIDE,Br.CN1CCC[C@@H]1Cc1c[nH]c2ccc(CCS(=O)(=O)c3ccccc3)cc12,4.398900000000004,0.5898553797803296,53.17,3,1,463.4410000000002,6,4,0.36363636363636365,28
CHEMBL1201005,CEFONICID SODIUM,O=C([O-])C1=C(CSc2nnnn2CS(=O)(=O)[O-])CS[C@@H]2[C@H](NC(=O)[C@H](O)c3ccccc3)C(=O)N12.[Na+].[Na+],-8.586600000000008,0.12114436582205594,210.56999999999996,14,2,586.5410000000002,9,4,0.3333333333333333,37
CHEMBL1201006,PYRILAMINE MALEATE,COc1ccc(CN(CCN(C)C)c2ccccn2)cc1.O=C(O)/C=C\C(=O)O,2.3702000000000005,0.6175203499049049,103.2,6,2,401.46300000000014,9,2,0.2857142857142857,29
CHEMBL1201010,FLUDROCORTISONE ACETATE,CC(=O)OCC(=O)[C@@]1(O)CC[C@H]2[C@@H]3CCC4=CC(=O)CC[C@]4(C)[C@@]3(F)[C@@H](O)C[C@@]21C,2.4445000000000006,0.6778330887220734,100.90000000000002,6,2,422.4930000000002,3,4,0.782608695652174,30
CHEMBL1201011,QUINAPRIL HYDROCHLORIDE,CCOC(=O)[C@H](CCc1ccccc1)N[C@@H](C)C(=O)N1Cc2ccccc2C[C@H]1C(=O)O.Cl,2.9889000000000014,0.5422991355289678,95.94000000000001,5,2,474.9850000000003,9,3,0.4,33
CHEMBL1201012,FLURANDRENOLIDE,CC1(C)O[C@@H]2C[C@H]3[C@@H]4C[C@H](F)C5=CC(=O)CC[C@]5(C)[C@H]4[C@@H](O)C[C@]3(C)[C@]2(C(=O)CO)O1,2.498700000000001,0.6910281010512151,93.06,6,2,436.5200000000002,2,5,0.8333333333333334,31
CHEMBL1201013,OLSALAZINE SODIUM,O=C([O-])c1cc(/N=N/c2ccc(O)c(C(=O)[O-])c2)ccc1O.[Na+].[Na+],-5.751799999999998,0.4166705858351059,145.44,8,2,346.206,4,2,0.0,24
CHEMBL1201014,PREDNISOLONE SODIUM PHOSPHATE,C[C@]12C=CC(=O)C=C1CC[C@@H]1[C@@H]2[C@@H](O)C[C@@]2(C)[C@H]1CC[C@]2(O)C(=O)COP(=O)([O-])[O-].[Na+].[Na+],-5.581399999999994,0.2967556709135343,147.02,8,2,484.3930000000003,4,4,0.7142857142857143,32
CHEMBL1201015,ALUMINUM ACETATE,CC(=O)[O-].CC(=O)[O-].CC(=O)[O-].[Al+3],-4.112199999999998,0.36944304162822394,120.38999999999999,6,0,204.11399999999998,0,0,0.5,13
CHEMBL1201016,CEFPODOXIME PROXETIL,COCC1=C(C(=O)OC(C)OC(=O)OC(C)C)N2C(=O)[C@@H](NC(=O)/C(=N\OC)c3csc(N)n3)[C@H]2SC1,0.8270000000000015,0.13610908733951915,180.96999999999997,14,2,557.6070000000001,10,3,0.5238095238095238,37
CHEMBL1201018,CEFACLOR,N[C@@H](C(=O)N[C@@H]1C(=O)N2C(C(=O)O)=C(Cl)CS[C@H]12)c1ccccc1.O,-0.2033999999999997,0.6117448362606596,144.23000000000002,5,3,385.82900000000006,4,3,0.26666666666666666,25
CHEMBL1201019,CEFTIZOXIME SODIUM,CO/N=C(\C(=O)N[C@@H]1C(=O)N2C(C(=O)[O-])=CCS[C@H]12)c1csc(N)n1.[Na+],-4.886499999999997,0.21422874873673162,150.04000000000002,10,2,405.39300000000003,5,3,0.3076923076923077,26
CHEMBL1201020,DISOPYRAMIDE PHOSPHATE,CC(C)N(CCC(C(N)=O)(c1ccccc1)c1ccccn1)C(C)C.O=P(O)(O)O,2.4333000000000014,0.46557479305590405,136.98,4,4,437.47700000000015,8,2,0.42857142857142855,30
CHEMBL1201022,PHENAZOPYRIDINE HYDROCHLORIDE,Cl.Nc1ccc(/N=N/c2ccccc2)c(N)n1,3.0832000000000015,0.8016430434173056,89.64999999999999,5,2,249.705,2,2,0.0,17
CHEMBL1201023,ORPHENADRINE HYDROCHLORIDE,Cc1ccccc1C(OCCN(C)C)c1ccccc1.Cl,4.084420000000004,0.7969810851656334,12.47,2,0,305.849,6,2,0.3333333333333333,21
CHEMBL1201027,GLYCOPYRROLATE,C[N+]1(C)CCC(OC(=O)C(O)(c2ccccc2)C2CCCC2)C1.[Br-],-0.5396999999999981,0.5477295852248256,46.53,3,1,398.34100000000024,4,3,0.631578947368421,24
CHEMBL1201032,RIZATRIPTAN BENZOATE,CN(C)CCc1c[nH]c2ccc(Cn3cncn3)cc12.O=C(O)c1ccccc1,3.2966000000000015,0.5266089982650307,87.04,5,2,391.47500000000014,6,4,0.22727272727272727,29
CHEMBL1201033,IPODATE SODIUM,CN(C)/C=N/c1c(I)cc(I)c(CCC(=O)[O-])c1I.[Na+],-0.5916999999999999,0.1918042733582183,55.730000000000004,3,0,619.9420000000002,5,1,0.3333333333333333,20
CHEMBL1201035,BIPERIDEN HYDROCHLORIDE,Cl.OC(CCN1CCCCC1)(c1ccccc1)C1CC2C=CC1C2,4.384200000000004,0.798627717861115,23.47,2,1,347.9300000000001,5,4,0.6190476190476191,24
CHEMBL1201037,EFLORNITHINE HYDROCHLORIDE,Cl.NCCCC(N)(C(=O)O)C(F)F.O,-0.6304000000000001,0.5883293744952306,120.84,3,3,236.646,5,0,0.8333333333333334,14
CHEMBL1201038,ACRISORCIN,CCCCCCc1ccc(O)cc1O.Nc1c2ccccc2nc2ccccc12,6.1908000000000065,0.28119140065852205,79.37,4,3,388.5110000000001,5,4,0.24,29
CHEMBL1201039,BENZTHIAZIDE,NS(=O)(=O)c1cc2c(cc1Cl)N=C(CSCc1ccccc1)NS2(=O)=O,2.2427,0.7519338837399464,118.69,6,2,431.9480000000001,5,3,0.13333333333333333,26
CHEMBL1201041,AZLOCILLIN SODIUM,CC1(C)S[C@@H]2[C@H](NC(=O)[C@H](NC(=O)N3CCNC3=O)c3ccccc3)C(=O)N2[C@H]1C(=O)[O-].[Na+],-4.236499999999997,0.2835892593099186,150.98,7,3,483.4820000000002,5,4,0.45,33
CHEMBL1201042,ETIDRONATE DISODIUM,CC(O)(P(=O)([O-])O)P(=O)([O-])O.[Na+].[Na+],-8.248199999999999,0.3260661543732371,140.95,5,3,249.99099999999999,2,0,1.0,13
CHEMBL1201043,CEPHAPIRIN SODIUM,CC(=O)OCC1=C(C(=O)[O-])N2C(=O)[C@@H](NC(=O)CSc3ccncc3)[C@H]2SC1.[Na+],-3.8552999999999953,0.19407574853308387,128.73000000000002,9,1,445.4540000000001,7,3,0.35294117647058826,29
CHEMBL1201044,DAPIPRAZOLE HYDROCHLORIDE,Cc1ccccc1N1CCN(CCc2nnc3n2CCCC3)CC1.Cl,2.7093200000000013,0.8386886227140075,37.190000000000005,5,0,361.9210000000001,4,4,0.5789473684210527,25
CHEMBL1201045,ACETRIZOATE SODIUM,CC(=O)Nc1c(I)cc(I)c(C(=O)[O-])c1I.O.[Na+],-1.9984,0.3159472143315279,100.73,3,1,596.86,2,1,0.1111111111111111,18
CHEMBL1201046,CEFORANIDE,NCc1ccccc1CC(=O)N[C@@H]1C(=O)N2C(C(=O)O)=C(CSc3nnnn3CC(=O)O)CS[C@H]12,-0.7101999999999984,0.2278184722894915,193.62999999999997,11,4,519.5650000000003,10,4,0.35,35
CHEMBL1201047,ANILERIDINE HYDROCHLORIDE,CCOC(=O)C1(c2ccccc2)CCN(CCc2ccc(N)cc2)CC1.Cl,3.8300000000000023,0.6031750009581608,55.56,4,1,388.939,6,3,0.4090909090909091,27
CHEMBL1201048,DROMOSTANOLONE PROPIONATE,CCC(=O)O[C@H]1CC[C@H]2[C@@H]3CC[C@H]4CC(=O)[C@H](C)C[C@]4(C)[C@H]3CC[C@]12C,5.166000000000006,0.6384037243072085,43.370000000000005,3,0,360.5380000000002,2,4,0.9130434782608695,26
CHEMBL1201049,ECONAZOLE NITRATE,Clc1ccc(COC(Cn2ccnc2)c2ccc(Cl)cc2Cl)cc1.O=[N+]([O-])O,5.453700000000003,0.40288871757930195,90.42,5,1,444.7020000000001,6,3,0.16666666666666666,28
CHEMBL1201050,PEMIROLAST POTASSIUM,Cc1cccn2c(=O)c(-c3nnn[n-]3)cnc12.[K+],-3.1838799999999994,0.4315193478902451,87.14,6,0,266.305,1,3,0.1,18
CHEMBL1201051,CIMETIDINE HYDROCHLORIDE,CN/C(=N\CCSCc1nc[nH]c1C)NC#N.Cl,1.0192,0.24745278924415748,88.88999999999999,4,3,288.808,5,1,0.5,18
CHEMBL1201052,MESORIDAZINE BESYLATE,CN1CCCCC1CCN1c2ccccc2Sc2ccc([S+](C)[O-])cc21.O=S(=O)(O)c1ccccc1,5.834400000000006,0.3193433671913398,83.91,6,1,544.7640000000002,5,5,0.3333333333333333,36
CHEMBL1201054,SELENOMETHIONINE SE 75,C[75Se]CC[C@H](N)C(=O)O,-0.040999999999999925,0.6139665703366187,63.32000000000001,2,2,192.0705234,4,0,0.8,9
CHEMBL1201056,SULFACYTINE,CCn1ccc(NS(=O)(=O)c2ccc(N)cc2)nc1=O,0.6462000000000001,0.8048811367345586,107.08000000000001,6,2,294.336,4,2,0.16666666666666666,20
CHEMBL1201057,CILASTATIN SODIUM,CC1(C)C[C@@H]1C(=O)N/C(=C\CCCCSC[C@H](N)C(=O)O)C(=O)[O-].[Na+],-2.898099999999995,0.19896463020150607,132.55,6,3,380.44200000000006,11,1,0.6875,25
CHEMBL1201058,POTASSIUM ACETATE,CC(=O)[O-].[K+],-4.2398,0.287927067739671,40.129999999999995,2,0,98.142,0,0,0.5,5
CHEMBL1201059,PROGUANIL HYDROCHLORIDE,CC(C)NC(=N)NC(=N)Nc1ccc(Cl)cc1.Cl,2.6308399999999996,0.4286685696155377,83.79,2,5,290.19800000000004,2,1,0.2727272727272727,18
CHEMBL1201060,LOXAPINE HYDROCHLORIDE,CN1CCN(C2=Nc3ccccc3Oc3ccc(Cl)cc32)CC1.Cl,4.1932000000000045,0.7016802527656446,28.07,4,0,364.2760000000001,0,4,0.2777777777777778,24
CHEMBL1201061,LEVALBUTEROL HYDROCHLORIDE,CC(C)(C)NC[C@H](O)c1ccc(O)c(CO)c1.Cl,1.7278,0.6752822895943631,72.72,4,4,275.776,4,1,0.5384615384615384,18
CHEMBL1201063,PROPAFENONE HYDROCHLORIDE,CCCNCC(O)COc1ccccc1C(=O)CCc1ccccc1.Cl,3.663200000000003,0.46314783038411317,58.559999999999995,4,2,377.9120000000001,11,2,0.38095238095238093,26
CHEMBL1201064,FLUOROMETHOLONE ACETATE,CC(=O)O[C@]1(C(C)=O)CC[C@H]2[C@@H]3C[C@H](C)C4=CC(=O)C=C[C@]4(C)[C@@]3(F)[C@@H](O)C[C@@]21C,3.494100000000002,0.6945533405618345,80.67,5,1,418.50500000000017,2,4,0.7083333333333334,30
CHEMBL1201065,THIAMYLAL SODIUM,C=CCC1(C(C)CCC)C(=O)[N-]C(=S)NC1=O.[Na+],-0.6958999999999984,0.312687800987028,60.27,3,1,276.337,5,1,0.5833333333333334,18
CHEMBL1201066,VENLAFAXINE HYDROCHLORIDE,COc1ccc(C(CN(C)C)C2(O)CCCCC2)cc1.Cl,3.457400000000003,0.903372552226282,32.7,3,1,313.86899999999986,5,2,0.6470588235294118,21
CHEMBL1201067,BIPERIDEN LACTATE,CC(O)C(=O)O.OC(CCN1CCCCC1)(c1ccccc1)C1CC2C=CC1C2,3.414200000000002,0.636641770497464,81.0,4,3,401.547,6,4,0.625,29
CHEMBL1201068,PROPIOMAZINE HYDROCHLORIDE,CCC(=O)c1ccc2c(c1)N(CC(C)N(C)C)c1ccccc1S2.Cl,5.253900000000005,0.6643591137003882,23.550000000000004,4,0,376.95300000000003,5,3,0.35,25
CHEMBL1201071,TETRACYCLINE PHOSPHATE COMPLEX,CN(C)[C@@H]1C(O)=C(C(N)=O)C(=O)[C@@]2(O)C(O)=C3C(=O)c4c(O)cccc4[C@@](C)(O)[C@H]3C[C@@H]12.O=P(O)(O)O,-1.142999999999998,0.15822344995964568,259.37999999999994,10,9,542.4340000000003,2,4,0.4090909090909091,37
CHEMBL1201073,SUCCIMER,O=C(O)[C@@H](S)[C@@H](S)C(=O)O,-0.2476000000000001,0.45410984832183593,74.6,4,4,182.222,3,0,0.5,10
CHEMBL1201075,IOXILAN,CC(=O)N(CC(O)CO)c1c(I)c(C(=O)NCCO)c(I)c(C(=O)NCC(O)CO)c1I,-0.9884,0.13986532560661016,179.66,8,7,791.1150000000001,11,1,0.5,32
CHEMBL1201080,TRIMETHOPRIM HYDROCHLORIDE,COc1cc(Cc2cnc(N)nc2N)cc(OC)c1OC.Cl,1.6793999999999998,0.8605474865292109,105.51,7,2,326.78400000000005,5,2,0.2857142857142857,22
CHEMBL1201081,METHYLPREDNISOLONE SODIUM SUCCINATE,C[C@H]1C[C@@H]2[C@H]([C@@H](O)C[C@@]3(C)[C@H]2CC[C@]3(O)C(=O)COC(=O)CCC(=O)[O-])[C@@]2(C)C=CC(=O)C=C12.[Na+],-2.1113999999999935,0.3144734731044849,141.03,8,2,496.5320000000003,6,4,0.6923076923076923,35
CHEMBL1201082,FLUOXETINE HYDROCHLORIDE,CNCCC(Oc1ccc(C(F)(F)F)cc1)c1ccccc1.Cl,4.856800000000004,0.8071510578291753,21.259999999999998,2,1,345.792,6,2,0.29411764705882354,23
CHEMBL1201083,SODIUM IODIDE I 123,[123I-].[Na+],-5.992,0.23551669191456887,0.0,0,0,145.895589,0,0,0.0,2
CHEMBL1201084,SODIUM IODIDE I 131,[131I-].[Na+],-5.992,0.2404534905833293,0.0,0,0,153.8961246,0,0,0.0,2
CHEMBL1201087,CABERGOLINE,C=CCN1C[C@H](C(=O)N(CCCN(C)C)C(=O)NCC)C[C@@H]2c3cccc4[nH]cc(c34)C[C@H]21,3.193900000000001,0.6049384423595515,71.68,4,2,451.61500000000024,8,4,0.5384615384615384,33
CHEMBL1201089,DIPHENHYDRAMINE CITRATE,CN(C)CCOC(c1ccccc1)c1ccccc1.O=C(O)CC(O)(CC(=O)O)C(=O)O,2.1056999999999997,0.4068133848134846,144.6,6,4,447.48400000000026,11,2,0.34782608695652173,32
CHEMBL1201093,METHYL AMINOLEVULINATE HYDROCHLORIDE,COC(=O)CCC(=O)CN.Cl,-0.11080000000000007,0.6148214837762318,69.39,4,1,181.619,4,0,0.6666666666666666,11
CHEMBL1201096,KRYPTON KR 81M,[81Kr],0.0,0.38464016640708276,0.0,0,0,80.916592,0,0,0.0,1
CHEMBL1201098,CEFOTETAN DISODIUM,CO[C@@]1(NC(=O)C2SC(=C(C(N)=O)C(=O)[O-])S2)C(=O)N2C(C(=O)[O-])=C(CSc3nnnn3C)CS[C@@H]21.[Na+].[Na+],-10.058900000000007,0.049766477845707285,225.58999999999997,16,2,619.5960000000001,9,4,0.4117647058823529,38
CHEMBL1201099,CODEINE PHOSPHATE,COc1ccc2c3c1O[C@H]1[C@@H](O)C=C[C@H]4[C@@H](C2)N(C)CC[C@@]341.O.O=P(O)(O)O,-0.25220000000000004,0.3620149237296025,151.19,5,4,415.3790000000002,1,5,0.5555555555555556,28
CHEMBL1201101,TESTOSTERONE CYPIONATE,C[C@]12CC[C@H]3[C@@H](CCC4=CC(=O)CC[C@@]43C)[C@@H]1CC[C@@H]2OC(=O)CCC1CCCC1,6.400500000000007,0.5017591238230259,43.370000000000005,3,0,412.6140000000003,4,5,0.8518518518518519,30
CHEMBL1201102,TRIFLUPROMAZINE HYDROCHLORIDE,CN(C)CCCN1c2ccccc2Sc2ccc(C(F)(F)F)cc21.Cl,5.681600000000005,0.6647176030098713,6.48,3,0,388.886,4,3,0.3333333333333333,25
CHEMBL1201103,METHOXAMINE HYDROCHLORIDE,COc1ccc(OC)c(C(O)C(C)N)c1.Cl,1.5062,0.8465949960059056,64.71,4,2,247.722,4,1,0.45454545454545453,16
CHEMBL1201104,METHENAMINE HIPPURATE,C1N2CN3CN1CN(C2)C3.O=C(O)CNC(=O)c1ccccc1,-0.518799999999997,0.77601254504652,79.36000000000001,6,2,319.365,3,5,0.4666666666666667,23
CHEMBL1201108,CONIVAPTAN HYDROCHLORIDE,Cc1nc2c([nH]1)-c1ccccc1N(C(=O)c1ccc(NC(=O)c3ccccc3-c3ccccc3)cc1)CC2.Cl,6.929120000000006,0.2622805214395656,78.09,3,2,535.0470000000003,4,6,0.09375,39
CHEMBL1201109,DESONIDE,CC1(C)O[C@@H]2C[C@H]3[C@@H]4CCC5=CC(=O)C=C[C@]5(C)[C@H]4[C@@H](O)C[C@]3(C)[C@]2(C(=O)CO)O1,2.326700000000001,0.7177493123306525,93.06,6,2,416.51400000000024,2,5,0.75,30
CHEMBL1201110,VALACYCLOVIR HYDROCHLORIDE,CC(C)[C@H](N)C(=O)OCCOCn1cnc2c(=O)nc(N)[nH]c21.Cl,-0.3757999999999982,0.44624619416087075,151.14000000000001,9,3,360.80199999999996,7,2,0.5384615384615384,24
CHEMBL1201112,NELARABINE,COc1nc(N)nc2c1ncn2[C@@H]1O[C@H](CO)[C@@H](O)[C@@H]1O,-1.9713999999999994,0.5056130599451503,148.76999999999998,10,4,297.271,3,3,0.5454545454545454,21
CHEMBL1201115,ESMOLOL HYDROCHLORIDE,COC(=O)CCc1ccc(OCC(O)CNC(C)C)cc1.Cl,1.9516999999999993,0.6769599099506719,67.79,5,2,331.84,9,1,0.5625,22
CHEMBL1201116,HETACILLIN,CC1(C)S[C@@H]2[C@H](N3C(=O)[C@@H](c4ccccc4)NC3(C)C)C(=O)N2[C@H]1C(=O)O,1.4111,0.7600947539567584,89.95,5,2,389.4770000000002,3,4,0.5263157894736842,27
CHEMBL1201117,METHOCARBAMOL,COc1ccccc1OCC(O)COC(N)=O,0.5302000000000002,0.757667099994584,91.00999999999999,5,2,241.24299999999994,6,1,0.36363636363636365,17
CHEMBL1201118,CEFMETAZOLE SODIUM,CO[C@@]1(NC(=O)CSCC#N)C(=O)N2C(C(=O)[O-])=C(CSc3nnnn3C)CS[C@@H]21.[Na+],-5.059019999999996,0.11450703043997301,166.15999999999997,13,1,493.5280000000002,9,3,0.5333333333333333,31
CHEMBL1201119,LIOTHYRONINE SODIUM,N[C@@H](Cc1cc(I)c(Oc2ccc(O)c(I)c2)c(I)c1)C(=O)[O-].[Na+],-0.3780000000000001,0.3340817599180427,95.61000000000001,5,2,672.9580000000001,5,2,0.13333333333333333,24
CHEMBL1201120,REMIFENTANIL HYDROCHLORIDE,CCC(=O)N(c1ccccc1)C1(C(=O)OC)CCN(CCC(=O)OC)CC1.Cl,2.422100000000001,0.6399987462718488,76.15,6,0,412.91400000000016,7,2,0.55,28
CHEMBL1201121,HETACILLIN POTASSIUM,CC1(C)S[C@@H]2[C@H](N3C(=O)[C@@H](c4ccccc4)NC3(C)C)C(=O)N2[C@H]1C(=O)[O-].[K+],-2.9195999999999955,0.41052412064740595,92.78,6,1,427.56700000000023,3,4,0.5263157894736842,28
CHEMBL1201124,KETOROLAC TROMETHAMINE,NC(CO)(CO)CO.O=C(c1ccccc1)c1ccc2n1CCC2C(=O)O,-0.048200000000000076,0.4443374725320323,146.01,7,5,376.40900000000016,6,3,0.3684210526315789,27
CHEMBL1201125,IOTHALAMATE MEGLUMINE,CNC(=O)c1c(I)c(NC(C)=O)c(I)c(C(=O)O)c1I.CNC[C@H](O)[C@@H](O)[C@H](O)[C@H](O)CO,-0.8417000000000001,0.14149363084255995,208.67999999999998,9,9,809.1300000000003,9,1,0.5,33
CHEMBL1201127,DARUNAVIR ETHANOLATE,CC(C)CN(C[C@@H](O)[C@H](Cc1ccccc1)NC(=O)O[C@H]1CO[C@H]2OCC[C@H]21)S(=O)(=O)c1ccc(N)cc1.CCO,2.3739000000000012,0.2868331545991377,160.65,9,4,593.7430000000003,11,4,0.5517241379310345,41
CHEMBL1201129,DECITABINE,Nc1ncn([C@H]2C[C@H](O)[C@@H](CO)O2)c(=O)n1,-2.1388,0.5273624425093522,123.49,8,3,228.20799999999997,2,2,0.625,16
CHEMBL1201130,BETAINE HYDROCHLORIDE,C[N+](C)(C)CC(=O)O.[Cl-],-3.218799999999997,0.42424550852347664,37.3,1,1,153.60899999999998,2,0,0.8,9
CHEMBL1201131,PIPERONYL BUTOXIDE,CCCCOCCOCCOCc1cc2c(cc1CCC)OCO2,3.7177000000000024,0.5130604440913922,46.150000000000006,5,0,338.44400000000013,13,2,0.6842105263157895,24
CHEMBL1201132,NALBUPHINE HYDROCHLORIDE,Cl.Oc1ccc2c3c1O[C@H]1[C@@H](O)CC[C@@]4(O)[C@@H](C2)N(CC2CCC2)CC[C@]314,2.1290999999999993,0.7174844469620799,73.16,5,3,393.9110000000003,2,6,0.7142857142857143,27
CHEMBL1201134,LUBIPROSTONE,CCCCC(F)(F)[C@@]1(O)CC[C@H]2[C@@H](CC(=O)[C@@H]2CCCCCCC(=O)O)O1,4.309900000000003,0.5137303838767706,83.83,4,2,390.4670000000003,11,2,0.9,27
CHEMBL1201138,LEUCOVORIN CALCIUM,Nc1nc(=O)c2c([nH]1)NCC(CNc1ccc(C(=O)N[C@@H](CCC(=O)[O-])C(=O)[O-])cc1)N2C=O.[Ca+2],-3.7812999999999963,0.1535621111691649,225.5,11,5,511.50800000000027,10,3,0.3,35
CHEMBL1201139,MEGESTROL ACETATE,CC(=O)O[C@]1(C(C)=O)CC[C@H]2[C@@H]3C=C(C)C4=CC(=O)CC[C@]4(C)[C@H]3CC[C@@]21C,4.575300000000005,0.6541950145872741,60.440000000000005,4,0,384.51600000000025,2,4,0.7083333333333334,28
CHEMBL1201141,IBUPROFEN LYSINE,CC(C)Cc1ccc(C(C)C(=O)O)cc1.NCCCC[C@H](N)C(=O)O,2.6005,0.5059749112310754,126.64,4,4,352.4750000000001,9,1,0.5789473684210527,25
CHEMBL1201142,RASAGILINE MESYLATE,C#CCN[C@@H]1CCc2ccccc21.CS(=O)(=O)O,1.4007,0.6277045995160078,66.4,3,2,267.34999999999997,2,2,0.38461538461538464,18
CHEMBL1201146,NORETHINDRONE ACETATE,C#C[C@]1(OC(C)=O)CC[C@H]2[C@@H]3CCC4=CC(=O)CC[C@@H]4[C@H]3CC[C@@]21C,4.0633000000000035,0.5338581764582067,43.370000000000005,3,0,340.46300000000014,1,4,0.7272727272727273,25
CHEMBL1201147,OCTOCRYLENE,CCCCC(CC)COC(=O)C(C#N)=C(c1ccccc1)c1ccccc1,5.771680000000005,0.32344146330830564,50.09,3,0,361.485,9,2,0.3333333333333333,27
CHEMBL1201148,MEPREDNISONE,C[C@H]1C[C@H]2[C@@H]3CCC4=CC(=O)C=C[C@]4(C)[C@H]3C(=O)C[C@]2(C)[C@@]1(O)C(=O)CO,2.0118000000000005,0.7736478932798779,91.67,5,2,372.4610000000002,2,4,0.6818181818181818,27
CHEMBL1201149,NALTREXONE HYDROCHLORIDE,Cl.O=C1CC[C@@]2(O)[C@H]3Cc4ccc(O)c5c4[C@@]2(CCN3CC2CC2)[C@H]1O5,1.9472,0.8239724471692561,70.0,5,2,377.8680000000002,2,6,0.65,26
CHEMBL1201150,SUMATRIPTAN SUCCINATE,CNS(=O)(=O)Cc1ccc2[nH]cc(CCN(C)C)c2c1.O=C(O)CCC(=O)O,1.2569999999999997,0.4850033837491375,139.8,5,4,413.4960000000002,9,2,0.4444444444444444,28
CHEMBL1201151,MESTRANOL,C#C[C@]1(O)CC[C@H]2[C@@H]3CCc4cc(OC)ccc4[C@H]3CC[C@@]21C,3.915600000000003,0.7968347529245803,29.46,2,1,310.4370000000001,1,4,0.6190476190476191,23
CHEMBL1201152,NALMEFENE HYDROCHLORIDE,C=C1CC[C@@]2(O)[C@H]3Cc4ccc(O)c5c4[C@@]2(CCN3CC2CC2)[C@H]1O5.Cl,2.9343000000000017,0.7802626642446739,52.93000000000001,4,2,375.89600000000013,2,6,0.6190476190476191,26
CHEMBL1201153,ISOETHARINE MESYLATE,CCC(NC(C)C)C(O)c1ccc(O)c(O)c1.CS(=O)(=O)O,1.4118,0.4065001200115543,127.08999999999999,6,5,335.422,5,1,0.5714285714285714,22
CHEMBL1201154,PROCHLORPERAZINE EDISYLATE,CN1CCN(CCCN2c3ccccc3Sc3ccc(Cl)cc32)CC1.O=S(=O)(O)CCS(=O)(=O)O,3.342200000000001,0.48537371554733383,118.46,8,2,564.1510000000004,7,4,0.45454545454545453,35
CHEMBL1201155,LOXAPINE SUCCINATE,CN1CCN(C2=Nc3ccccc3Oc3ccc(Cl)cc32)CC1.O=C(O)CCC(=O)O,3.707200000000002,0.7418410346264106,102.67,6,2,445.9030000000003,3,4,0.3181818181818182,31
CHEMBL1201156,NORTRIPTYLINE HYDROCHLORIDE,CNCCC=C1c2ccccc2CCc2ccccc21.Cl,4.248200000000004,0.8356463283652654,12.03,1,1,299.84499999999997,3,3,0.2631578947368421,21
CHEMBL1201159,FENTANYL HYDROCHLORIDE,CCC(=O)N(c1ccccc1)C1CCN(CCc2ccccc2)CC1.Cl,4.558500000000005,0.7417042465591832,23.550000000000004,2,0,372.94,6,3,0.4090909090909091,26
CHEMBL1201161,MAFENIDE ACETATE,CC(=O)O.NCc1ccc(S(N)(=O)=O)cc1,-0.11639999999999912,0.6709645624525574,123.47999999999999,4,3,246.288,2,1,0.2222222222222222,16
CHEMBL1201162,DORZOLAMIDE HYDROCHLORIDE,CCN[C@H]1C[C@H](C)S(=O)(=O)c2sc(S(N)(=O)=O)cc21.Cl,1.0337999999999998,0.8369135590609557,106.32999999999998,6,2,360.91,3,2,0.6,20
CHEMBL1201163,SUFENTANIL CITRATE,CCC(=O)N(c1ccccc1)C1(COC)CCN(CCc2cccs2)CC1.O=C(O)CC(O)(CC(=O)O)C(=O)O,2.9663000000000004,0.2776493916637025,164.91,8,4,578.6840000000004,13,3,0.5,40
CHEMBL1201165,QUINESTROL,C#C[C@]1(O)CC[C@H]2[C@@H]3CCc4cc(OC5CCCC5)ccc4[C@H]3CC[C@@]21C,5.228400000000006,0.7283713862390043,29.46,2,1,364.52900000000017,2,5,0.68,27
CHEMBL1201167,CARVEDILOL PHOSPHATE,COc1ccccc1OCCNCC(O)COc1cccc2[nH]c3ccccc3c12.O=P(O)(O)O,2.8094000000000015,0.14134546747121424,153.5,6,6,504.47600000000006,10,4,0.25,35
CHEMBL1201168,ISOCARBOXAZID,Cc1cc(C(=O)NNCc2ccccc2)no1,1.4176199999999997,0.7807773221849421,67.16,4,2,231.25500000000002,4,2,0.16666666666666666,17
CHEMBL1201170,LITHIUM CITRATE ANHYDROUS,O=C([O-])CC(O)(CC(=O)[O-])C(=O)[O-].[Li+].[Li+].[Li+],-14.240600000000004,0.4435731304437239,140.62,7,1,209.92199999999997,5,0,0.5,16
CHEMBL1201171,PRAMOXINE HYDROCHLORIDE,CCCCOc1ccc(OCCCN2CCOCC2)cc1.Cl,3.388400000000003,0.6497816565150497,30.930000000000003,4,0,329.8679999999999,9,2,0.6470588235294118,22
CHEMBL1201172,IODAMIDE MEGLUMINE,CC(=O)NCc1c(I)c(NC(C)=O)c(I)c(C(=O)O)c1I.CNC[C@H](O)[C@@H](O)[C@H](O)[C@H](O)CO,-0.5652000000000001,0.137556370041962,208.67999999999998,9,9,823.1570000000004,10,1,0.5263157894736842,34
CHEMBL1201173,MEDRYSONE,CC(=O)[C@H]1CC[C@H]2[C@@H]3C[C@H](C)C4=CC(=O)CC[C@]4(C)[C@H]3[C@@H](O)C[C@]12C,3.9403000000000032,0.7837023582235211,54.370000000000005,3,1,344.49500000000006,1,4,0.8181818181818182,25
CHEMBL1201174,SITAGLIPTIN PHOSPHATE,N[C@@H](CC(=O)N1CCn2c(nnc2C(F)(F)F)C1)Cc1cc(F)c(F)cc1F.O.O=P(O)(O)O,0.2631999999999995,0.24967949621781196,186.29999999999998,6,4,523.3270000000002,4,3,0.4375,34
CHEMBL1201177,LEVOBUNOLOL HYDROCHLORIDE,CC(C)(C)NC[C@H](O)COc1cccc2c1CCCC2=O.Cl,2.7552000000000016,0.8727683349581873,58.559999999999995,4,2,327.85200000000003,5,2,0.5882352941176471,22
CHEMBL1201178,LISDEXAMFETAMINE DIMESYLATE,CS(=O)(=O)O.CS(=O)(=O)O.C[C@@H](Cc1ccccc1)NC(=O)[C@@H](N)CCCCN,0.19810000000000338,0.2689935142797803,189.88000000000002,7,5,455.5990000000003,8,1,0.5882352941176471,29
CHEMBL1201179,LAPATINIB DITOSYLATE,CS(=O)(=O)CCNCc1ccc(-c2ccc3ncnc(Nc4ccc(OCc5cccc(F)c5)c(Cl)c4)c3c2)o1.Cc1ccc(S(=O)(=O)O)cc1.Cc1ccc(S(=O)(=O)O)cc1.O,7.797840000000008,0.06366431755061283,246.58999999999997,12,4,943.4940000000003,13,7,0.16279069767441862,63
CHEMBL1201180,DICLOFENAC EPOLAMINE,O=C(O)Cc1ccccc1Nc1c(Cl)cccc1Cl.OCCN1CCCC1,4.438600000000004,0.6557239740557527,72.8,4,3,411.3290000000003,6,3,0.35,27
CHEMBL1201182,TEMSIROLIMUS,CO[C@H]1C[C@@H]2CC[C@@H](C)[C@@](O)(O2)C(=O)C(=O)N2CCCC[C@H]2C(=O)O[C@H]([C@H](C)C[C@@H]2CC[C@@H](OC(=O)C(C)(CO)CO)[C@H](OC)C2)CC(=O)[C@H](C)/C=C(\C)[C@@H](O)[C@@H](OC)C(=O)[C@H](C)C[C@H](C)/C=C/C=C/C=C/1C,5.722400000000009,0.11617337224046025,241.95999999999992,16,4,1030.3029999999999,10,4,0.75,73
CHEMBL1201184,LANREOTIDE ACETATE,CC(=O)O.CC(C)[C@@H]1NC(=O)[C@H](CCCCN)NC(=O)[C@@H](Cc2c[nH]c3ccccc23)NC(=O)[C@H](Cc2ccc(O)cc2)NC(=O)[C@@H](NC(=O)[C@H](N)Cc2ccc3ccccc3c2)CSSC[C@@H](C(=O)N[C@H](C(N)=O)[C@@H](C)O)NC1=O,0.9125000000000112,0.04545448927441885,392.3799999999999,15,14,1156.399,17,6,0.4107142857142857,81
CHEMBL1201185,LANREOTIDE,CC(C)[C@@H]1NC(=O)[C@H](CCCCN)NC(=O)[C@@H](Cc2c[nH]c3ccccc23)NC(=O)[C@H](Cc2ccc(O)cc2)NC(=O)[C@@H](NC(=O)[C@H](N)Cc2ccc3ccccc3c2)CSSC[C@@H](C(=O)N[C@H](C(N)=O)[C@@H](C)O)NC1=O,0.8216000000000108,0.04533191918048428,355.0799999999999,14,13,1096.3469999999998,17,6,0.4074074074074074,77
CHEMBL1201187,MARAVIROC,Cc1nnc(C(C)C)n1[C@@H]1C[C@H]2CC[C@@H](C1)N2CC[C@H](NC(=O)C1CCC(F)(F)CC1)c1ccccc1,5.950920000000006,0.473786196640125,63.050000000000004,5,1,513.6770000000002,8,5,0.6896551724137931,37
CHEMBL1201189,AMMONIA N 13,[13NH3],0.16199999999999998,0.3970885732640601,35.0,1,1,16.02973861,0,0,0.0,1
CHEMBL1201190,LEVOCETIRIZINE DIHYDROCHLORIDE,Cl.Cl.O=C(O)COCCN1CCN([C@H](c2ccccc2)c2ccc(Cl)cc2)CC1,3.991800000000003,0.6024582457196294,53.010000000000005,4,1,461.8170000000001,8,3,0.38095238095238093,29
CHEMBL1201191,LEVOCETIRIZINE,O=C(O)COCCN1CCN([C@H](c2ccccc2)c2ccc(Cl)cc2)CC1,3.148200000000002,0.7038936958101741,53.010000000000005,4,1,388.8950000000002,8,3,0.38095238095238093,27
CHEMBL1201192,ARMODAFINIL,NC(=O)C[S@@+]([O-])C(c1ccccc1)c1ccccc1,2.01,0.846783825403182,66.15,2,1,273.357,5,2,0.13333333333333333,19
CHEMBL1201193,LEVOBUPIVACAINE,CCCCN1CCCC[C@H]1C(=O)Nc1c(C)cccc1C,3.8965400000000026,0.891012713024742,32.34,2,1,288.43500000000006,5,2,0.6111111111111112,21
CHEMBL1201195,CEFMETAZOLE,CO[C@@]1(NC(=O)CSCC#N)C(=O)N2C(C(=O)O)=C(CSc3nnnn3C)CS[C@@H]21,-0.7283199999999983,0.2011276719859027,163.32999999999998,12,2,471.54600000000016,9,3,0.5333333333333333,30
CHEMBL1201196,SERTACONAZOLE,Clc1ccc(C(Cn2ccnc2)OCc2csc3c(Cl)cccc23)c(Cl)c1,7.0161000000000024,0.3240113707540214,27.05,4,0,437.7790000000001,6,4,0.15,27
CHEMBL1201197,ALATROFLOXACIN,C[C@H](N)C(=O)N[C@@H](C)C(=O)N[C@H]1[C@@H]2CN(c3nc4c(cc3F)c(=O)c(C(=O)O)cn4-c3ccc(F)cc3F)C[C@@H]21,0.903900000000001,0.33299309977545566,159.64999999999998,8,4,558.5170000000002,7,5,0.34615384615384615,40
CHEMBL1201198,PEMIROLAST,Cc1cccn2c(=O)c(-c3nnn[nH]3)cnc12,0.1830199999999999,0.6415062679916463,88.83,6,1,228.21500000000003,1,3,0.1,17
CHEMBL1201199,LEUPROLIDE,CCNC(=O)[C@@H]1CCCN1C(=O)[C@H](CCCNC(=N)N)NC(=O)[C@H](CC(C)C)NC(=O)[C@@H](CC(C)C)NC(=O)[C@H](Cc1ccc(O)cc1)NC(=O)[C@H](CO)NC(=O)[C@H](Cc1c[nH]c2ccccc12)NC(=O)[C@H](Cc1c[nH]cn1)NC(=O)[C@@H]1CCC(=O)N1,-1.2284300000000077,0.015472458904759637,429.03999999999985,14,16,1209.4210000000003,32,6,0.5254237288135594,87
CHEMBL1201201,METHAMPHETAMINE,CN[C@@H](C)Cc1ccccc1,1.837,0.6911085509284692,12.03,1,1,149.237,3,1,0.4,11
CHEMBL1201202,FONDAPARINUX,CO[C@H]1O[C@H](COS(=O)(=O)O)[C@@H](O[C@@H]2O[C@@H](C(=O)O)[C@@H](O[C@H]3O[C@H](COS(=O)(=O)O)[C@@H](O[C@@H]4O[C@H](C(=O)O)[C@@H](O[C@H]5O[C@H](COS(=O)(=O)O)[C@@H](O)[C@H](O)[C@H]5NS(=O)(=O)O)[C@H](O)[C@H]4O)[C@H](OS(=O)(=O)O)[C@H]3NS(=O)(=O)O)[C@H](O)[C@H]2OS(=O)(=O)O)[C@H](O)[C@H]1NS(=O)(=O)O,-13.750099999999994,0.029700910902541813,805.4800000000005,39,19,1508.2730000000017,30,5,0.9354838709677419,91
CHEMBL1201203,BENZTROPINE,CN1[C@@H]2CC[C@H]1C[C@@H](OC(c1ccccc1)c1ccccc1)C2,4.417800000000004,0.8289288715670488,12.47,2,0,307.43700000000007,4,4,0.42857142857142855,23
CHEMBL1201204,CEFPIRAMIDE,Cc1cc(O)c(C(=O)N[C@@H](C(=O)N[C@@H]2C(=O)N3C(C(=O)O)=C(CSc4nnnn4C)CS[C@H]23)c2ccc(O)cc2)cn1,0.3267200000000013,0.1629535933602729,212.76,13,5,612.6500000000003,9,5,0.28,42
CHEMBL1201206,PIPECURONIUM,CC(=O)O[C@H]1C[C@@H]2CC[C@@H]3[C@H](CC[C@@]4(C)[C@H]3C[C@H](N3CC[N+](C)(C)CC3)[C@@H]4OC(C)=O)[C@@]2(C)C[C@@H]1N1CC[N+](C)(C)CC1,3.633500000000006,0.3620424161456103,59.08,6,0,602.9050000000001,4,6,0.9428571428571428,43
CHEMBL1201207,BETAMETHASONE PHOSPHORIC ACID,C[C@H]1C[C@H]2[C@@H]3CCC4=CC(=O)C=C[C@]4(C)[C@@]3(F)[C@@H](O)C[C@]2(C)[C@@]1(O)C(=O)COP(=O)(O)O,2.0127000000000006,0.4555938354562437,141.36,6,4,472.44600000000025,4,4,0.7272727272727273,32
CHEMBL1201208,PHENMETRAZINE,CC1NCCOC1c1ccccc1,1.736,0.705114488465338,21.259999999999998,2,1,177.247,1,2,0.45454545454545453,13
CHEMBL1201210,PROPIOMAZINE,CCC(=O)c1ccc2c(c1)N(CC(C)N(C)C)c1ccccc1S2,4.832100000000005,0.7273120276641493,23.550000000000004,4,0,340.492,5,3,0.35,24
CHEMBL1201212,MIDODRINE,COc1ccc(OC)c(C(O)CNC(=O)CN)c1,-0.18789999999999946,0.6540368201081147,93.80999999999999,5,3,254.28599999999997,6,1,0.4166666666666667,18
CHEMBL1201213,ISOETHARINE,CCC(NC(C)C)C(O)c1ccc(O)c(O)c1,1.9077999999999997,0.5922201213727966,72.72,4,4,239.315,5,1,0.5384615384615384,17
CHEMBL1201216,DAPIPRAZOLE,Cc1ccccc1N1CCN(CCc2nnc3n2CCCC3)CC1,2.2875200000000007,0.8642279309285194,37.190000000000005,5,0,325.46000000000015,4,4,0.5789473684210527,24
CHEMBL1201217,DYCLONINE,CCCCOc1ccc(C(=O)CCN2CCCCC2)cc1,3.9242000000000035,0.5363384776583598,29.54,3,0,289.4189999999999,8,2,0.6111111111111112,21
CHEMBL1201218,CEFAMANDOLE NAFATE,Cn1nnnc1SCC1=C(C(=O)O)N2C(=O)[C@@H](NC(=O)[C@H](OC=O)c3ccccc3)[C@H]2SC1,-0.044899999999998386,0.2759695808750801,156.60999999999999,11,2,490.52300000000014,9,4,0.3157894736842105,33
CHEMBL1201219,VECURONIUM,CC(=O)O[C@H]1C[C@@H]2CC[C@@H]3[C@H](CC[C@@]4(C)[C@H]3C[C@H]([N+]3(C)CCCCC3)[C@@H]4OC(C)=O)[C@@]2(C)C[C@@H]1N1CCCCC1,5.965900000000007,0.3151098082587802,55.84,5,0,557.8400000000003,4,6,0.9411764705882353,40
CHEMBL1201220,DIATRIZOIC ACID,CC(=O)Nc1c(I)c(NC(C)=O)c(I)c(C(=O)O)c1I,3.1154,0.4569915391683752,95.50000000000001,3,3,613.9150000000002,3,1,0.18181818181818182,20
CHEMBL1201222,LISDEXAMFETAMINE,C[C@@H](Cc1ccccc1)NC(=O)[C@@H](N)CCCCN,1.1901,0.6162274227299266,81.14,3,3,263.38499999999993,8,1,0.5333333333333333,19
CHEMBL1201224,CEFMENOXIME,CO/N=C(\C(=O)N[C@@H]1C(=O)N2C(C(=O)O)=C(CSc3nnnn3C)CS[C@H]12)c1csc(N)n1,-0.8697999999999984,0.17202664914850496,190.81,14,3,511.57100000000014,8,4,0.375,33
CHEMBL1201225,IODINE,II,1.7714,0.5776074734119597,0.0,0,0,253.808,0,0,0.0,2
CHEMBL1201227,CYCRIMINE,OC(CCN1CCCCC1)(c1ccccc1)C1CCCC1,3.940400000000003,0.8863958351409401,23.47,2,1,287.4470000000001,5,3,0.6842105263157895,21
CHEMBL1201229,DEMECARIUM,CN(CCCCCCCCCCN(C)C(=O)Oc1cccc([N+](C)(C)C)c1)C(=O)Oc1cccc([N+](C)(C)C)c1,6.762200000000008,0.17960592626836677,59.08,4,0,556.7920000000001,15,2,0.5625,40
CHEMBL1201231,PREDNISOLONE PHOSPHORIC ACID,C[C@]12C=CC(=O)C=C1CC[C@@H]1[C@@H]2[C@@H](O)C[C@@]2(C)[C@H]1CC[C@]2(O)C(=O)COP(=O)(O)O,1.6745999999999999,0.48399911755965214,141.36,6,4,440.42900000000026,4,4,0.7142857142857143,30
CHEMBL1201232,ISOPROPAMIDE,CC(C)[N+](C)(CCC(C(N)=O)(c1ccccc1)c1ccccc1)C(C)C,4.111500000000003,0.7131154199141896,43.09,1,1,353.5300000000001,8,2,0.43478260869565216,26
CHEMBL1201233,METHYLDOPATE,CCOC(=O)[C@@](C)(N)Cc1ccc(O)c(O)c1,0.9207999999999996,0.5364059398397247,92.78,5,3,239.27100000000002,4,1,0.4166666666666667,17
CHEMBL1201234,MEPHENTERMINE,CNC(C)(C)Cc1ccccc1,2.2271,0.7201830349328019,12.03,1,1,163.264,3,1,0.45454545454545453,12
CHEMBL1201235,METHYLHOMATROPINE,C[N+]1(C)[C@@H]2CC[C@H]1C[C@@H](OC(=O)C(O)c1ccccc1)C2,2.033,0.684255247270266,46.53,3,1,290.38300000000004,3,3,0.5882352941176471,21
CHEMBL1201236,CARBIDOPA ANHYDROUS,C[C@@](Cc1ccc(O)c(O)c1)(NN)C(=O)O,-0.05310000000000015,0.27902660017928355,115.81000000000002,5,5,226.232,4,1,0.3,16
CHEMBL1201237,LEVOBUNOLOL,CC(C)(C)NC[C@H](O)COc1cccc2c1CCCC2=O,2.3334,0.8739705938909597,58.559999999999995,4,2,291.391,5,2,0.5882352941176471,21
CHEMBL1201239,IODAMIDE,CC(=O)NCc1c(I)c(NC(C)=O)c(I)c(C(=O)O)c1I,2.793100000000001,0.4479102249993569,95.50000000000001,3,3,627.9420000000002,4,1,0.25,21
CHEMBL1201242,INDECAINIDE,CC(C)NCCCC1(C(N)=O)c2ccccc2-c2ccccc21,3.2166000000000015,0.8051213486025681,55.12,2,2,308.425,6,3,0.35,23
CHEMBL1201243,IPODATE,CN(C)/C=N/c1c(I)cc(I)c(CCC(=O)O)c1I,3.7390000000000025,0.31983219727782086,52.900000000000006,2,1,597.9600000000002,5,1,0.3333333333333333,19
CHEMBL1201244,ROCURONIUM,C=CC[N+]1([C@H]2C[C@H]3[C@@H]4CC[C@H]5C[C@H](O)[C@@H](N6CCOCC6)C[C@]5(C)[C@H]4CC[C@]3(C)[C@H]2OC(C)=O)CCCC1,4.407500000000003,0.32490282166161777,59.00000000000001,5,1,529.7860000000004,5,6,0.90625,38
CHEMBL1201245,BROMODIPHENHYDRAMINE,CN(C)CCOC(c1ccccc1)c1ccc(Br)cc1,4.116700000000003,0.7880221004554365,12.47,2,0,334.257,6,2,0.29411764705882354,20
CHEMBL1201247,GOSERELIN,CC(C)C[C@H](NC(=O)[C@@H](COC(C)(C)C)NC(=O)[C@H](Cc1ccc(O)cc1)NC(=O)[C@H](CO)NC(=O)[C@H](Cc1c[nH]c2ccccc12)NC(=O)[C@H](Cc1cnc[nH]1)NC(=O)[C@@H]1CCC(=O)N1)C(=O)N[C@@H](CCCNC(=N)N)C(=O)N1CCC[C@H]1C(=O)NNC(N)=O,-2.8960300000000183,0.010404123907554262,493.3899999999998,16,18,1269.4330000000002,31,6,0.5084745762711864,91
CHEMBL1201248,CISATRACURIUM,COc1ccc(C[C@@H]2c3cc(OC)c(OC)cc3CC[N@+]2(C)CCC(=O)OCCCCCOC(=O)CC[N@@+]2(C)CCc3cc(OC)c(OC)cc3[C@H]2Cc2ccc(OC)c(OC)c2)cc1OC,8.06550000000001,0.038349396136230826,126.44000000000004,12,0,929.161,24,6,0.5094339622641509,67
CHEMBL1201250,BENZQUINAMIDE,CCN(CC)C(=O)C1CN2CCc3cc(OC)c(OC)cc3C2CC1OC(C)=O,2.423,0.6786181154392725,68.31,6,0,404.5070000000002,6,3,0.6363636363636364,29
CHEMBL1201251,ARBUTAMINE,Oc1ccc(CCCCNC[C@H](O)c2ccc(O)c(O)c2)cc1,2.449300000000001,0.3808434509975777,92.95,5,5,317.38500000000005,8,2,0.3333333333333333,23
CHEMBL1201255,HISTRELIN,CCNC(=O)[C@@H]1CCCN1C(=O)[C@H](CCCNC(=N)N)NC(=O)[C@H](CC(C)C)NC(=O)[C@@H](Cc1cn(Cc2ccccc2)cn1)NC(=O)[C@H](Cc1ccc(O)cc1)NC(=O)[C@H](CO)NC(=O)[C@H](Cc1c[nH]c2ccccc12)NC(=O)[C@H](Cc1cnc[nH]1)NC(=O)[C@@H]1CCC(=O)N1,-0.7870300000000026,0.013377679447658598,446.8599999999999,16,16,1323.5280000000005,34,8,0.4393939393939394,96
CHEMBL1201256,TRIMETHOBENZAMIDE,COc1cc(C(=O)NCc2ccc(OCCN(C)C)cc2)cc(OC)c1OC,2.5828000000000007,0.6747430301104641,69.26,6,1,388.46400000000017,10,2,0.38095238095238093,28
CHEMBL1201260,BETHANIDINE,C/N=C(\NC)NCc1ccccc1,0.9813999999999995,0.5216669445312792,36.42,1,2,177.251,2,1,0.3,13
CHEMBL1201261,TYROPANOIC ACID,CCCC(=O)Nc1c(I)cc(I)c(CC(CC)C(=O)O)c1I,4.892300000000003,0.41747798910482176,66.4,2,2,641.0250000000002,7,1,0.4666666666666667,22
CHEMBL1201262,DIPIVEFRIN,CNCC(O)c1ccc(OC(=O)C(C)(C)C)c(OC(=O)C(C)(C)C)c1,2.8424000000000014,0.6267146503427627,84.85999999999999,6,2,351.4430000000001,5,1,0.5789473684210527,25
CHEMBL1201263,HYDROCORTAMATE,CCN(CC)CC(=O)OCC(=O)[C@@]1(O)CC[C@H]2[C@@H]3CCC4=CC(=O)CC[C@]4(C)[C@H]3[C@@H](O)C[C@@]21C,2.6742999999999997,0.5456854445989993,104.14,7,2,475.6260000000004,7,4,0.8148148148148148,34
CHEMBL1201264,METHANTHELINE,CC[N+](C)(CC)CCOC(=O)C1c2ccccc2Oc2ccccc21,3.953800000000003,0.5898453885239513,35.53,3,0,340.4430000000001,6,3,0.38095238095238093,25
CHEMBL1201265,METHYLPREDNISOLONE HEMISUCCINATE,C[C@H]1C[C@@H]2[C@H]([C@@H](O)C[C@@]3(C)[C@H]2CC[C@]3(O)C(=O)COC(=O)CCC(=O)O)[C@@]2(C)C=CC(=O)C=C12,2.2193000000000005,0.4983304096149554,138.20000000000002,7,3,474.5500000000003,6,4,0.6923076923076923,34
CHEMBL1201266,LODOXAMIDE,N#Cc1cc(NC(=O)C(=O)O)c(Cl)c(NC(=O)C(=O)O)c1,0.25787999999999983,0.5701956596227559,156.59,5,4,311.63700000000006,2,1,0.0,21
CHEMBL1201269,CHLORPHENTERMINE,CC(C)(N)Cc1ccc(Cl)cc1,2.6198000000000006,0.7497898295677915,26.02,1,1,183.682,2,1,0.4,12
CHEMBL1201270,METHENAMINE,C1N2CN3CN1CN(C2)C3,-1.0197999999999992,0.4267612580294936,12.96,4,0,140.19,0,4,1.0,10
CHEMBL1201271,BUCLIZINE,CC(C)(C)c1ccc(CN2CCN(C(c3ccccc3)c3ccc(Cl)cc3)CC2)cc1,6.544700000000008,0.450917622424228,6.48,2,0,433.0390000000001,5,4,0.35714285714285715,31
CHEMBL1201273,PROTOKYLOL,CC(Cc1ccc2c(c1)OCO2)NCC(O)c1ccc(O)c(O)c1,2.0807,0.6059944000084014,91.18,6,4,331.368,6,3,0.3333333333333333,24
CHEMBL1201274,LEVOBETAXOLOL,CC(C)NC[C@H](O)COc1ccc(CCOCC2CC2)cc1,2.3933999999999997,0.6164391834948149,50.72,4,2,307.434,11,2,0.6666666666666666,22
CHEMBL1201275,ISOSULFAN BLUE,CCN(CC)c1ccc(C(=C2C=CC(=[N+](CC)CC)C=C2)c2cc(S(=O)(=O)[O-])ccc2S(=O)(=O)O)cc1,4.104800000000004,0.3729195766875122,117.82000000000001,6,1,544.6950000000002,9,3,0.2962962962962963,37
CHEMBL1201281,CHLORAMPHENICOL SUCCINIC ACID,O=C(O)CCC(=O)OC[C@@H](NC(=O)C(Cl)Cl)[C@H](O)c1ccc([N+](=O)[O-])cc1,1.3247,0.22023098082609954,156.07,7,3,423.20500000000015,10,1,0.4,27
CHEMBL1201284,CINACALCET,C[C@@H](NCCCc1cccc(C(F)(F)F)c1)c1cccc2ccccc12,6.142000000000005,0.5224072222569837,12.03,1,1,357.41900000000004,6,3,0.2727272727272727,26
CHEMBL1201286,OXYPHENONIUM,CC[N+](C)(CC)CCOC(=O)C(O)(c1ccccc1)C1CCCCC1,3.4841000000000015,0.5777859217395951,46.53,3,1,348.50700000000023,8,2,0.6666666666666666,25
CHEMBL1201287,DEXBROMPHENIRAMINE,CN(C)CC[C@@H](c1ccc(Br)cc1)c1ccccn1,3.9277000000000024,0.8300542359520316,16.130000000000003,2,0,319.246,5,2,0.3125,19
CHEMBL1201288,DANTROLENE,O=C1CN(/N=C/c2ccc(-c3ccc([N+](=O)[O-])cc3)o2)C(=O)N1,1.7404999999999997,0.3989019993697669,118.05000000000001,6,1,314.257,4,3,0.07142857142857142,23
CHEMBL1201289,CLINDAMYCIN PALMITATE,CCCCCCCCCCCCCCCC(=O)O[C@@H]1[C@@H](O)[C@@H](O)[C@@H]([C@H](NC(=O)[C@@H]2C[C@@H](CCC)CN2C)[C@H](C)Cl)O[C@@H]1SC,6.421700000000006,0.06925054489589073,108.33000000000001,8,3,663.4060000000002,22,2,0.9411764705882353,44
CHEMBL1201291,IOXAGLIC ACID,CNC(=O)c1c(I)c(C(=O)NCC(=O)Nc2c(I)c(C(=O)O)c(I)c(C(=O)NCCO)c2I)c(I)c(N(C)C(C)=O)c1I,3.4453000000000014,0.1950231444126228,194.24,7,6,1268.8829999999996,10,2,0.25,43
CHEMBL1201293,ACAMPROSATE,CC(=O)NCCCS(=O)(=O)O,-0.5995999999999997,0.447848265705855,83.47,3,2,181.213,4,0,0.8,11
CHEMBL1201294,DIPHENOXYLATE,CCOC(=O)C1(c2ccccc2)CCN(CCC(C#N)(c2ccccc2)c2ccccc2)CC1,5.483280000000006,0.42462078961600247,53.33,4,0,452.5980000000001,8,4,0.3333333333333333,34
CHEMBL1201295,BITOLTEROL,Cc1ccc(C(=O)Oc2ccc(C(O)CNC(C)(C)C)cc2OC(=O)c2ccc(C)cc2)cc1,5.163340000000004,0.37331531004804225,84.86000000000001,6,2,461.5580000000003,7,3,0.2857142857142857,34
CHEMBL1201300,IOTHALAMIC ACID,CNC(=O)c1c(I)c(NC(C)=O)c(I)c(C(=O)O)c1I,2.5166000000000004,0.45703933617160314,95.50000000000001,3,3,613.9150000000002,3,1,0.18181818181818182,20
CHEMBL1201302,DEXAMETHASONE PHOSPHORIC ACID,C[C@@H]1C[C@H]2[C@@H]3CCC4=CC(=O)C=C[C@]4(C)[C@@]3(F)[C@@H](O)C[C@]2(C)[C@@]1(O)C(=O)COP(=O)(O)O,2.0127000000000006,0.4555938354562437,141.36,6,4,472.44600000000025,4,4,0.7272727272727273,32
CHEMBL1201303,PYRVINIUM,Cc1cc(/C=C/c2ccc3cc(N(C)C)ccc3[n+]2C)c(C)n1-c1ccccc1,5.308240000000004,0.43579347124405743,12.05,2,0,382.5310000000001,4,4,0.19230769230769232,29
CHEMBL1201304,INDOCYANINE GREEN ACID FORM,CC1(C)C(/C=C/C=C/C=C/C=C2\N(CCCCS(=O)(=O)O)c3ccc4ccccc4c3C2(C)C)=[N+](CCCCS(=O)(=O)[O-])c2ccc3ccccc3c21,8.712900000000005,0.05927721750330747,117.82,6,1,752.999,14,6,0.32558139534883723,53
CHEMBL1201308,IOFETAMINE,CC(C)NC(C)Cc1ccc(I)cc1,3.220200000000002,0.8422566341126255,12.03,1,1,303.187,4,1,0.5,14
CHEMBL1201309,NAFARELIN,CC(C)C[C@H](NC(=O)[C@@H](Cc1cccc2ccccc12)NC(=O)[C@H](Cc1ccc(O)cc1)NC(=O)[C@H](CO)NC(=O)[C@H](Cc1c[nH]c2ccccc12)NC(=O)[C@H](Cc1cnc[nH]1)NC(=O)[C@@H]1CCC(=O)N1)C(=O)N[C@@H](CCCNC(=N)N)C(=O)N1CCC[C@H]1C(=O)NCC(N)=O,-1.4132300000000106,0.012783000104632335,472.1299999999998,15,17,1322.4960000000005,33,8,0.4090909090909091,96
CHEMBL1201313,CHLOPHEDIANOL,CN(C)CCC(O)(c1ccccc1)c1ccccc1Cl,3.5276000000000023,0.9101481503464451,23.47,2,1,289.80600000000004,5,2,0.29411764705882354,20
CHEMBL1201314,VALGANCICLOVIR,CC(C)[C@H](N)C(=O)OCC(CO)OCn1cnc2c(=O)[nH]c(N)nc21,-1.4366999999999974,0.41429377068433665,171.37,10,4,354.3670000000001,8,2,0.5714285714285714,25
CHEMBL1201317,TRICLOFOS,O=P(O)(O)OCC(Cl)(Cl)Cl,1.4658999999999998,0.5556205275417809,66.76,2,2,229.38299999999998,2,0,1.0,10
CHEMBL1201319,METARAMINOL,C[C@H](N)[C@H](O)c1cccc(O)c1,0.7728000000000002,0.6092207315266324,66.48,3,3,167.20799999999997,2,1,0.3333333333333333,12
CHEMBL1201320,ESOMEPRAZOLE,COc1ccc2[nH]c([S@@+]([O-])Cc3ncc(C)c(OC)c3C)nc2c1,2.8997400000000013,0.7189882148938236,83.09,5,1,345.4240000000001,5,3,0.29411764705882354,24
CHEMBL1201321,DIFENOXIN,N#CC(CCN1CCC(C(=O)O)(c2ccccc2)CC1)(c1ccccc1)c1ccccc1,5.004780000000005,0.5793753077150272,64.33,3,1,424.54400000000015,7,4,0.2857142857142857,32
CHEMBL1201322,THONZONIUM,CCCCCCCCCCCCCCCC[N+](C)(C)CCN(Cc1ccc(OC)cc1)c1ncccn1,8.049500000000009,0.11835705048056228,38.25,4,0,511.81900000000024,22,2,0.6875,37
CHEMBL1201323,BETAZOLE,NCCc1cc[nH]n1,-0.08910000000000035,0.560081635014732,54.7,2,2,111.14799999999998,2,1,0.4,8
CHEMBL1201325,HEXOCYCLIUM,C[N+]1(C)CCN(CC(O)(c2ccccc2)C2CCCCC2)CC1,2.8465000000000007,0.8633480387484694,23.47,2,1,317.49700000000024,4,3,0.7,23
CHEMBL1201327,ACETRIZOIC ACID,CC(=O)Nc1c(I)cc(I)c(C(=O)O)c1I,3.157000000000001,0.5503779197082813,66.4,2,2,556.863,2,1,0.1111111111111111,16
CHEMBL1201328,CARPHENAZINE,CCC(=O)c1ccc2c(c1)N(CCCN1CCN(CCO)CC1)c1ccccc1S2,3.8820000000000032,0.6479013320403016,47.02000000000001,6,1,425.5980000000002,8,4,0.4583333333333333,30
CHEMBL1201329,TRIMETHAPHAN,O=C1N(Cc2ccccc2)C2C[S+]3CCCC3C2N1Cc1ccccc1,3.6559000000000026,0.5991495641361972,23.550000000000004,1,0,365.52200000000005,4,5,0.4090909090909091,26
CHEMBL1201334,TRIPTORELIN,CC(C)C[C@H](NC(=O)[C@@H](Cc1c[nH]c2ccccc12)NC(=O)[C@H](Cc1ccc(O)cc1)NC(=O)[C@H](CO)NC(=O)[C@H](Cc1c[nH]c2ccccc12)NC(=O)[C@H](Cc1c[nH]cn1)NC(=O)[C@@H]1CCC(=O)N1)C(=O)N[C@@H](CCCNC(=N)N)C(=O)N1CCC[C@H]1C(=O)NCC(N)=O,-2.085130000000012,0.011940089924311998,487.9199999999998,15,18,1311.4730000000006,33,8,0.421875,95
CHEMBL1201335,GLYCOPYRRONIUM,C[N+]1(C)CCC(OC(=O)C(O)(c2ccccc2)C2CCCC2)C1,2.4562999999999997,0.6850778093160973,46.53,3,1,318.43700000000024,4,3,0.631578947368421,23
CHEMBL1201336,FOSPHENYTOIN,O=C1NC(c2ccccc2)(c2ccccc2)C(=O)N1COP(=O)(O)O,1.5488,0.5489342308438095,116.17000000000002,4,3,362.2780000000001,5,3,0.125,25
CHEMBL1201338,CYCLOPENTOLATE,CN(C)CCOC(=O)C(c1ccccc1)C1(O)CCCC1,2.1801000000000004,0.816248731137982,49.769999999999996,4,1,291.39100000000013,6,2,0.5882352941176471,21
CHEMBL1201340,DIPHEMANIL,C[N+]1(C)CCC(=C(c2ccccc2)c2ccccc2)CC1,4.358700000000004,0.7160780584944451,0.0,0,0,278.4190000000001,2,3,0.3,21
CHEMBL1201341,ECHOTHIOPHATE,CCOP(=O)(OCC)SCC[N+](C)(C)C,2.6069000000000004,0.49378909950033995,35.53,4,0,256.328,8,0,1.0,15
CHEMBL1201342,METHIXENE,CN1CCCC(CC2c3ccccc3Sc3ccccc32)C1,5.015000000000005,0.7664689844331225,3.24,2,0,309.47800000000007,2,4,0.4,22
CHEMBL1201345,TETRADECYL SULFURIC ACID,CCCCC(CC)CCC(CC(C)C)OS(=O)(=O)O,4.217100000000003,0.5795128561790757,63.60000000000001,3,1,294.45700000000005,11,0,1.0,19
CHEMBL1201346,BALSALAZIDE,O=C(O)CCNC(=O)c1ccc(/N=N/c2ccc(O)c(C(=O)O)c2)cc1,2.7103,0.5597716953028343,148.65,6,4,357.3220000000001,7,2,0.11764705882352941,26
CHEMBL1201347,ANILERIDINE,CCOC(=O)C1(c2ccccc2)CCN(CCc2ccc(N)cc2)CC1,3.4082000000000017,0.6393437724099448,55.56,4,1,352.47800000000007,6,3,0.4090909090909091,26
CHEMBL1201348,MENADIOL DIPHOSPHORIC ACID,Cc1cc(OP(=O)(O)O)c2ccccc2c1OP(=O)(O)O,2.0912200000000016,0.6246212085891611,133.52,4,4,334.15700000000004,4,2,0.09090909090909091,21
CHEMBL1201349,HEXAFLUORENIUM,C[N+](C)(CCCCCC[N+](C)(C)C1c2ccccc2-c2ccccc21)C1c2ccccc2-c2ccccc21,8.239600000000008,0.15965918245293767,0.0,0,0,502.74600000000027,9,6,0.3333333333333333,38
CHEMBL1201352,RAPACURONIUM,C=CC[N+]1([C@H]2C[C@H]3[C@@H]4CC[C@H]5C[C@H](OC(C)=O)[C@@H](N6CCCCC6)C[C@]5(C)[C@H]4CC[C@]3(C)[C@H]2OC(=O)CC)CCCCC1,6.912200000000008,0.18133657032241812,55.839999999999996,5,0,597.9050000000001,7,6,0.8918918918918919,43
CHEMBL1201353,DEXCHLORPHENIRAMINE,CN(C)CC[C@@H](c1ccc(Cl)cc1)c1ccccn1,3.8186000000000027,0.8240069237957237,16.130000000000003,2,0,274.795,5,2,0.3125,19
CHEMBL1201354,TRIDIHEXETHYL,CC[N+](CC)(CC)CCC(O)(c1ccccc1)C1CCCCC1,4.721100000000004,0.6875795926365253,20.23,1,1,318.5250000000002,8,2,0.7142857142857143,23
CHEMBL1201355,CERULETIDE,CSCC[C@H](NC(=O)[C@H](Cc1c[nH]c2ccccc12)NC(=O)CNC(=O)[C@@H](NC(=O)[C@H](Cc1ccc(OS(=O)(=O)O)cc1)NC(=O)[C@H](CC(=O)O)NC(=O)[C@H](CCC(N)=O)NC(=O)[C@@H]1CCC(=O)N1)[C@@H](C)O)C(=O)N[C@@H](CC(=O)O)C(=O)N[C@@H](Cc1ccccc1)C(N)=O,-4.515300000000019,0.0188061766922229,551.3999999999999,19,17,1352.4260000000004,38,5,0.41379310344827586,94
CHEMBL1201356,METHYLERGONOVINE,CC[C@@H](CO)NC(=O)[C@@H]1C=C2c3cccc4[nH]cc(c34)C[C@H]2N(C)C1,1.9247,0.7971701178185844,68.36,3,3,339.4390000000002,4,4,0.45,25
CHEMBL1201728,DESVENLAFAXINE SUCCINATE,CN(C)CC(c1ccc(O)cc1)C1(O)CCCCC1.O=C(O)CCC(=O)O,2.6684,0.5732510481194091,118.3,5,4,381.46900000000016,7,2,0.6,27
CHEMBL1201729,DRONEDARONE HYDROCHLORIDE,CCCCc1oc2ccc(NS(C)(=O)=O)cc2c1C(=O)c1ccc(OCCCN(CCCC)CCCC)cc1.Cl,7.470800000000009,0.121682428183194,88.85,6,1,593.2300000000005,18,3,0.5161290322580645,40
CHEMBL1201731,NEBIVOLOL HYDROCHLORIDE,Cl.OC(CNCC(O)C1CCc2cc(F)ccc2O1)C1CCc2cc(F)ccc2O1,2.785400000000001,0.6427524422622982,70.95,5,3,441.9020000000002,6,4,0.45454545454545453,30
CHEMBL1201733,PAZOPANIB HYDROCHLORIDE,Cc1ccc(Nc2nccc(N(C)c3ccc4c(C)n(C)nc4c3)n2)cc1S(N)(=O)=O.Cl,3.560840000000001,0.454380229952716,119.03,8,2,473.9900000000002,5,4,0.19047619047619047,32
CHEMBL1201734,BENDAMUSTINE HYDROCHLORIDE,Cl.Cn1c(CCCC(=O)O)nc2cc(N(CCCl)CCCl)ccc21,3.6864000000000026,0.6590541900598019,58.36000000000001,4,1,394.7300000000001,9,2,0.5,24
CHEMBL1201735,BUPROPION HYDROBROMIDE,Br.CC(NC(C)(C)C)C(=O)c1cccc(Cl)c1,3.877200000000003,0.8564504380653267,29.1,2,1,320.658,3,1,0.46153846153846156,17
CHEMBL1201740,NILOTINIB HYDROCHLORIDE MONOHYDRATE,Cc1cn(-c2cc(NC(=O)c3ccc(C)c(Nc4nccc(-c5cccnc5)n4)c3)cc(C(F)(F)F)c2)cn1.Cl.O,5.952940000000006,0.2539387254227125,129.12,7,2,584.0020000000001,6,5,0.10714285714285714,41
CHEMBL1201743,SAXAGLIPTIN HYDROCHLORIDE,Cl.N#C[C@@H]1C[C@@H]2C[C@@H]2N1C(=O)[C@@H](N)C12CC3CC(CC(O)(C3)C1)C2,1.5797799999999995,0.7898615288022252,90.35000000000001,4,2,351.87800000000016,2,6,0.8888888888888888,24
CHEMBL1201745,CHOLINE FENOFIBRATE,CC(C)(Oc1ccc(C(=O)c2ccc(Cl)cc2)cc1)C(=O)[O-].C[N+](C)(C)CCO,2.163200000000001,0.546513646144691,86.66000000000001,5,1,421.9210000000002,7,2,0.36363636363636365,29
CHEMBL1201746,PRALATREXATE,C#CCC(Cc1cnc2nc(N)nc(N)c2n1)c1ccc(C(=O)N[C@@H](CCC(=O)O)C(=O)O)cc1,0.9816000000000005,0.25993967726809375,207.29999999999995,9,5,477.4810000000002,10,3,0.2608695652173913,35
CHEMBL1201747,ALCAFTADINE,CN1CCC(=C2c3ccccc3CCn3c(C=O)cnc32)CC1,2.7792000000000012,0.7604480046242431,38.13,4,0,307.39700000000005,1,4,0.3684210526315789,23
CHEMBL1201748,CABAZITAXEL,CO[C@H]1C(=O)[C@]2(C)[C@@H](OC)C[C@H]3OC[C@@]3(OC(C)=O)[C@H]2[C@H](OC(=O)c2ccccc2)[C@]2(O)C[C@H](OC(=O)[C@H](O)[C@@H](NC(=O)OC(C)(C)C)c3ccccc3)C(C)=C1C2(C)C,4.5678000000000045,0.17072797139316157,202.45,14,3,835.944,10,6,0.5777777777777777,60
CHEMBL1201749,DIFLUPREDNATE,CCCC(=O)O[C@]1(C(=O)COC(C)=O)CC[C@H]2[C@@H]3C[C@H](F)C4=CC(=O)C=C[C@]4(C)[C@@]3(F)[C@@H](O)C[C@@]21C,3.5195000000000025,0.5473104243510836,106.97000000000001,7,1,508.5580000000002,6,4,0.7037037037037037,36
CHEMBL1201752,IXABEPILONE,C/C(=C\c1csc(C)n1)[C@@H]1C[C@@H]2O[C@]2(C)CCC[C@H](C)[C@H](O)[C@@H](C)C(=O)C(C)(C)[C@@H](O)CC(=O)N1,4.050520000000002,0.521911808548141,112.05000000000001,7,3,506.7090000000003,2,3,0.7407407407407407,35
CHEMBL1201753,PITAVASTATIN,O=C(O)C[C@H](O)C[C@H](O)/C=C/c1c(C2CC2)nc2ccccc2c1-c1ccc(F)cc1,4.518100000000003,0.4975852641991758,90.65,4,3,421.4680000000001,8,4,0.28,31
CHEMBL1201754,RUFINAMIDE,NC(=O)c1cn(Cc2c(F)cccc2F)nn1,0.7035000000000001,0.8549954528788274,73.80000000000001,4,1,238.197,3,2,0.1,17
CHEMBL1201758,BEPOTASTINE,O=C(O)CCCN1CCC(O[C@@H](c2ccc(Cl)cc2)c2ccccn2)CC1,4.170200000000004,0.7348520845604458,62.66,4,1,388.8950000000002,8,3,0.42857142857142855,27
CHEMBL1201759,BEPOTASTINE BESYLATE,O=C(O)CCCN1CCC(O[C@@H](c2ccc(Cl)cc2)c2ccccn2)CC1.O=S(=O)(O)c1ccccc1,5.103500000000005,0.35578369062695026,117.02999999999999,6,2,547.0730000000003,9,4,0.3333333333333333,37
CHEMBL1201760,BESIFLOXACIN,N[C@@H]1CCCCN(c2c(F)cc3c(=O)c(C(=O)O)cn(C4CC4)c3c2Cl)C1,3.144700000000001,0.8358049633327453,88.56,5,2,393.8460000000001,3,4,0.47368421052631576,27
CHEMBL1201761,BESIFLOXACIN HYDROCHLORIDE,Cl.N[C@@H]1CCCCN(c2c(F)cc3c(=O)c(C(=O)O)cn(C4CC4)c3c2Cl)C1,3.5665000000000022,0.7776187328985795,88.56,5,2,430.30700000000013,3,4,0.47368421052631576,28
CHEMBL1201764,FESOTERODINE,CC(C)C(=O)Oc1ccc(CO)cc1[C@H](CCN(C(C)C)C(C)C)c1ccccc1,5.381100000000005,0.4210996938628835,49.77,4,1,411.58600000000007,10,2,0.5,30
CHEMBL1201765,FESOTERODINE FUMARATE,CC(C)C(=O)Oc1ccc(CO)cc1[C@H](CCN(C(C)C)C(C)C)c1ccccc1.O=C(O)/C=C/C(=O)O,5.092900000000004,0.19800147527204115,124.37000000000002,6,3,527.6580000000002,12,2,0.43333333333333335,38
CHEMBL1201766,FOSPROPOFOL,CC(C)c1cccc(C(C)C)c1OCOP(=O)(O)O,3.379000000000003,0.619628936157829,75.99000000000001,3,2,288.2799999999999,6,1,0.5384615384615384,19
CHEMBL1201770,METHYLNALTREXONE BROMIDE,C[N+]1(CC2CC2)CC[C@]23c4c5ccc(O)c4O[C@H]2C(=O)CC[C@@]3(O)[C@H]1C5.[Br-],-1.3259999999999974,0.564723789451483,66.76,4,2,436.34600000000023,2,6,0.6666666666666666,27
CHEMBL1201772,PRASUGREL,CC(=O)Oc1cc2c(s1)CCN(C(C(=O)C1CC1)c1ccccc1F)C2,3.8910000000000036,0.7462318337051916,46.61,5,0,373.44900000000007,5,4,0.4,26
CHEMBL1201773,PRASUGREL HYDROCHLORIDE,CC(=O)Oc1cc2c(s1)CCN(C(C(=O)C1CC1)c1ccccc1F)C2.Cl,4.312800000000005,0.6900727076015363,46.61,5,0,409.91,5,4,0.4,27
CHEMBL1201774,SAPROPTERIN,C[C@H](O)[C@H](O)[C@H]1CNc2nc(N)[nH]c(=O)c2N1,-1.7002000000000006,0.3628643483841513,136.29,7,6,241.251,2,2,0.5555555555555556,17
CHEMBL1201775,SAPROPTERIN DIHYDROCHLORIDE,C[C@H](O)[C@H](O)[C@H]1CNc2[nH]c(N)nc(=O)c2N1.Cl.Cl,-0.8566000000000007,0.41793794489579805,136.29,7,6,314.17299999999994,2,2,0.5555555555555556,19
CHEMBL1201776,TAPENTADOL,CC[C@@H](c1cccc(O)c1)[C@@H](C)CN(C)C,3.0835000000000017,0.825629722285547,23.47,2,1,221.34399999999997,5,1,0.5714285714285714,16
CHEMBL1201777,TAPENTADOL HYDROCHLORIDE,CC[C@@H](c1cccc(O)c1)[C@@H](C)CN(C)C.Cl,3.505300000000003,0.8727739474641211,23.47,2,1,257.80499999999995,5,1,0.5714285714285714,17
CHEMBL1201780,CARGLUMIC ACID,NC(=O)N[C@@H](CCC(=O)O)C(=O)O,-1.0273000000000003,0.440139170210041,129.72,3,4,190.155,5,0,0.5,13
CHEMBL1201782,FOSAPREPITANT DIMEGLUMINE,CNC[C@H](O)[C@@H](O)[C@H](O)[C@H](O)CO.CNC[C@H](O)[C@@H](O)[C@H](O)[C@H](O)CO.C[C@@H](O[C@H]1OCCN(Cc2nn(P(=O)(O)O)c(=O)[nH]2)[C@H]1c1ccc(F)cc1)c1cc(C(F)(F)F)cc(C(F)(F)F)c1,-2.3502999999999874,0.044154768170214825,356.27,19,15,1004.8410000000003,19,4,0.6216216216216216,67
CHEMBL1201784,HEXAMINOLEVULINATE,CCCCCCOC(=O)CCC(=O)CN,1.4179,0.46621945601390585,69.39,4,1,215.29299999999995,9,0,0.8181818181818182,15
CHEMBL1201785,HEXAMINOLEVULINATE HYDROCHLORIDE,CCCCCCOC(=O)CCC(=O)CN.Cl,1.8397000000000001,0.5015132040276599,69.39,4,1,251.75399999999996,9,0,0.8181818181818182,16
CHEMBL1201786,LAPYRIUM,CCCCCCCCCCCC(=O)OCCNC(=O)C[n+]1ccccc1,3.554400000000001,0.29443582790845946,59.28,3,1,363.52200000000005,15,1,0.6666666666666666,26
CHEMBL1201787,LAPYRIUM CHLORIDE,CCCCCCCCCCCC(=O)OCCNC(=O)C[n+]1ccccc1.[Cl-],0.5584000000000024,0.2666215873334356,59.28,3,1,398.975,15,1,0.6666666666666666,27
CHEMBL1201794,RIBOFLAVIN 5'-PHOSPHATE,Cc1cc2nc3c(=O)[nH]c(=O)nc-3n(C[C@H](O)[C@H](O)[C@H](O)COP(=O)(O)O)c2cc1C,-1.6065599999999995,0.17602034933594105,208.08999999999997,10,6,456.3480000000002,7,3,0.4117647058823529,31
CHEMBL1201863,DEXLANSOPRAZOLE,Cc1c(OCC(F)(F)F)ccnc1C[S@@+]([O-])c1nc2ccccc2[nH]1,3.515220000000001,0.6986390031308142,73.86,4,1,369.3680000000001,5,3,0.25,25
CHEMBL1201864,DIENOGEST,C[C@]12CCC3=C4CCC(=O)C=C4CC[C@H]3[C@@H]1CC[C@@]2(O)CC#N,3.8371800000000027,0.8001121130289811,61.089999999999996,3,1,311.425,1,4,0.7,23
CHEMBL1201891,DEFLAZACORT,CC(=O)OCC(=O)[C@@]12N=C(C)O[C@@H]1C[C@H]1[C@@H]3CCC4=CC(=O)C=C[C@]4(C)[C@H]3[C@@H](O)C[C@@]12C,2.5632,0.6756078663027947,102.26,7,1,441.5240000000002,3,5,0.68,32
CHEMBL1204165,DILEVALOL HYDROCHLORIDE,C[C@H](CCc1ccccc1)NC[C@H](O)c1ccc(O)c(C(N)=O)c1.Cl,2.5572000000000004,0.5785210057280791,95.57999999999998,4,4,364.8730000000001,8,2,0.3157894736842105,25
CHEMBL1204187,GEPIRONE HYDROCHLORIDE,CC1(C)CC(=O)N(CCCCN2CCN(c3ncccn3)CC2)C(=O)C1.Cl,1.9758,0.541501278664586,69.64000000000001,6,0,395.9350000000001,6,3,0.6842105263157895,27
CHEMBL1206690,PARECOXIB,CCC(=O)NS(=O)(=O)c1ccc(-c2c(-c3ccccc3)noc2C)cc1,3.531920000000002,0.7419803073587753,89.27,5,1,370.43000000000006,5,3,0.15789473684210525,26
CHEMBL1208155,ELAGOLIX,COc1cccc(-c2c(C)n(Cc3c(F)cccc3C(F)(F)F)c(=O)n(C[C@H](NCCCC(=O)O)c3ccccc3)c2=O)c1F,5.535020000000003,0.15748221918541105,102.56,7,2,631.5980000000003,12,4,0.28125,45
CHEMBL1208422,ROSE BENGAL FREE ACID,O=C(O)c1c(Cl)c(Cl)c(Cl)c(Cl)c1-c1c2cc(I)c(=O)c(I)c-2oc2c(I)c(O)c(I)cc12,9.000599999999999,0.09075510489925745,87.74,4,2,973.6750000000001,2,4,0.0,33
CHEMBL1208642,THIOSULFURIC ACID,O=S(O)(O)=S,-0.3213,0.4528212116350092,57.53,2,2,114.14699999999999,0,0,0.0,5
CHEMBL1208646,THEOPHYLLINE GLYCINATE,Cn1c(=O)c2[nH]cnc2n(C)c1=O.NCC(=O)O,-2.009999999999999,0.5382851907795193,136.0,7,3,255.23399999999995,1,2,0.3333333333333333,18
CHEMBL1213135,ERGONOVINE MALEATE,C[C@@H](CO)NC(=O)[C@@H]1C=C2c3cccc4[nH]cc(c34)C[C@H]2N(C)C1.O=C(O)/C=C\C(=O)O,1.2463999999999997,0.43946766710192064,142.96,5,5,441.4840000000002,5,4,0.34782608695652173,32
CHEMBL1213136,PILOCARPINE NITRATE,CC[C@@H]1C(=O)OC[C@@H]1Cc1cncn1C.O=[N+]([O-])O,0.8141000000000003,0.4949737533318933,107.49000000000001,6,1,271.27299999999997,3,2,0.6363636363636364,19
CHEMBL1213165,DOLUTEGRAVIR SODIUM,C[C@@H]1CCO[C@H]2Cn3cc(C(=O)NCc4ccc(F)cc4F)c(=O)c([O-])c3C(=O)N12.[Na+],-2.2751999999999963,0.5412716250203213,103.7,6,1,441.3660000000002,3,4,0.35,31
CHEMBL1213250,CEFTOLOZANE SULFATE,Cn1c(N)c(NC(=O)NCCN)c[n+]1CC1=C(C(=O)O)N2C(=O)[C@@H](NC(=O)/C(=N\OC(C)(C)C(=O)[O-])c3nsc(N)n3)[C@H]2SC1.O=S(=O)(O)O,-4.5561,0.03228354012865315,376.80999999999995,18,9,764.7820000000002,12,4,0.43478260869565216,50
CHEMBL1213252,CLORAZEPIC ACID,O=C(O)C1N=C(c2ccccc2)c2cc(Cl)ccc2NC1=O,2.5827,0.8362062788567832,78.75999999999999,3,2,314.72800000000007,2,3,0.0625,22
CHEMBL1213351,PROPOXYPHENE,CCC(=O)O[C@](Cc1ccccc1)(c1ccccc1)[C@H](C)CN(C)C,4.275500000000004,0.6725578996267864,29.54,3,0,339.47900000000016,8,2,0.4090909090909091,25
CHEMBL1214124,PERAMPANEL,N#Cc1ccccc1-c1cc(-c2ccccn2)cn(-c2ccccc2)c1=O,4.4381800000000045,0.5493442133854947,58.68,4,0,349.3930000000001,3,4,0.0,27
CHEMBL1214185,ROXITHROMYCIN,CC[C@H]1OC(=O)[C@H](C)[C@@H](O[C@H]2C[C@@](C)(OC)[C@@H](O)[C@H](C)O2)[C@H](C)[C@@H](O[C@@H]2O[C@H](C)C[C@H](N(C)C)[C@H]2O)[C@](C)(O)C[C@@H](C)/C(=N\OCOCCOC)[C@H](C)[C@@H](O)[C@]1(C)O,2.2096000000000076,0.07781066233799223,216.88999999999996,17,5,837.058,13,3,0.9512195121951219,58
CHEMBL1222250,DEXTROSE,OC[C@H]1OC(O)[C@H](O)[C@@H](O)[C@@H]1O,-3.2214000000000005,0.29015285452995804,110.38000000000001,6,5,180.156,1,1,1.0,12
CHEMBL1229211,DOLUTEGRAVIR,C[C@@H]1CCO[C@H]2Cn3cc(C(=O)NCc4ccc(F)cc4F)c(=O)c(O)c3C(=O)N12,1.3528,0.7824608276704148,100.86999999999999,6,2,419.3840000000002,3,4,0.35,30
CHEMBL1229517,VEMURAFENIB,CCCS(=O)(=O)Nc1ccc(F)c(C(=O)c2c[nH]c3ncc(-c4ccc(Cl)cc4)cc23)c1F,5.544200000000004,0.33309063319660087,91.92,4,2,489.9310000000001,7,4,0.13043478260869565,33
CHEMBL1229846,PHENOXYETHANOL,OCCOc1ccccc1,1.0576999999999999,0.6762728590662828,29.46,2,1,138.16599999999997,3,1,0.25,10
CHEMBL1229908,ETHAMIVAN,CCN(CC)C(=O)c1ccc(O)c(OC)c1,1.8827999999999998,0.8474983482243597,49.77000000000001,3,1,223.272,4,1,0.4166666666666667,16
CHEMBL1229937,DIHYDROXYACETONE,O=C(CO)CO,-1.4599000000000002,0.4353852085134311,57.53,3,2,90.078,2,0,0.6666666666666666,6
CHEMBL1230314,ESTETROL,C[C@]12CC[C@@H]3c4ccc(O)cc4CC[C@H]3[C@@H]1[C@@H](O)[C@@H](O)[C@@H]2O,1.5507999999999988,0.5861178147244706,80.92,4,4,304.38599999999997,0,4,0.6666666666666666,22
CHEMBL1231052,ARSENIC,[AsH3],-1.1839000000000002,0.31963825664407286,0.0,0,0,77.946,0,0,0.0,1
CHEMBL1231574,LEVOMEFOLIC ACID,CN1c2c([nH]c(N)nc2=O)NC[C@@H]1CNc1ccc(C(=O)N[C@@H](CCC(=O)O)C(=O)O)cc1,-0.25769999999999715,0.26022195119447666,202.76999999999995,9,7,459.46300000000025,9,3,0.35,33
CHEMBL1231723,POLIDOCANOL,CCCCCCCCCCCCOCCOCCOCCOCCOCCOCCOCCOCCOCCO,4.049000000000006,0.10795317437846622,103.30000000000003,10,1,582.8160000000005,37,0,1.0,40
CHEMBL1232131,DOBESILIC ACID,O=S(=O)(O)c1cc(O)ccc1O,0.34449999999999986,0.4382517397742466,94.83000000000001,4,3,190.176,1,1,0.0,12
CHEMBL1232801,FOLINIC ACID,Nc1nc(=O)c2c([nH]1)NC[C@@H](CNc1ccc(C(=O)N[C@@H](CCC(=O)O)C(=O)O)cc1)N2C=O,-0.7310999999999974,0.21313148229853152,219.83999999999997,9,7,473.4460000000002,10,3,0.3,34
CHEMBL1233877,KRYPTON,[Kr],0.0,0.38704967984722183,0.0,0,0,83.8,0,0,0.0,1
CHEMBL1234579,NITROUS OXIDE,[N-]=[N+]=O,-0.1584,0.27513739989697544,53.470000000000006,1,0,44.013,0,0,0.0,3
CHEMBL1234886,OXYGEN,O=O,0.067,0.37829615354121426,34.14,2,0,31.998,0,0,0.0,2
CHEMBL1235452,SULFUR,S1SSSSSSS1,5.1856,0.5364262339931881,0.0,8,0,256.536,0,1,0.0,8
CHEMBL1236802,XENON,[Xe],0.0,0.4340107120816722,0.0,0,0,131.29,0,0,0.0,1
CHEMBL1237021,LURASIDONE,O=C1[C@@H]2[C@H]3CC[C@H](C3)[C@@H]2C(=O)N1C[C@@H]1CCCC[C@H]1CN1CCN(c2nsc3ccccc23)CC1,4.255800000000003,0.5841691518377902,56.75000000000001,6,0,492.68900000000025,5,7,0.6785714285714286,35
CHEMBL1237044,TRAMADOL,COc1cccc(C2(O)CCCCC2CN(C)C)c1,2.6346000000000007,0.9061758690933457,32.7,3,1,263.3809999999999,4,2,0.625,19
CHEMBL1237054,PLICAMYCIN,CO[C@H](C(=O)[C@@H](O)[C@@H](C)O)[C@@H]1Cc2cc3cc(O[C@H]4C[C@@H](O[C@@H]5C[C@@H](O)[C@H](O)[C@@H](C)O5)[C@H](O)[C@@H](C)O4)c(C)c(O)c3c(O)c2C(=O)[C@H]1O[C@H]1C[C@@H](O[C@@H]2C[C@@H](O)[C@@H](O[C@@H]3C[C@](C)(O)[C@H](O)[C@@H](C)O3)[C@@H](C)O2)[C@H](O)[C@@H](C)O1,-0.24927999999998884,0.10953815887897667,358.2000000000001,24,11,1085.156,15,8,0.7692307692307693,76
CHEMBL1237055,HYDROMORPHONE HYDROCHLORIDE,CN1CC[C@]23c4c5ccc(O)c4O[C@H]2C(=O)CC[C@H]3[C@H]1C5.Cl,2.0521,0.7943632050122972,49.77,4,1,321.8039999999999,0,5,0.5882352941176471,22
CHEMBL1237061,PITAVASTATIN CALCIUM,O=C([O-])C[C@H](O)C[C@H](O)/C=C/c1c(C2CC2)nc2ccccc2c1-c1ccc(F)cc1.O=C([O-])C[C@H](O)C[C@H](O)/C=C/c1c(C2CC2)nc2ccccc2c1-c1ccc(F)cc1.[Ca+2],5.986000000000008,0.08426549815143221,186.95999999999998,10,4,880.9979999999999,16,8,0.28,63
CHEMBL1237065,TRAMADOL HYDROCHLORIDE,COc1cccc(C2(O)CCCCC2CN(C)C)c1.Cl,3.0564000000000022,0.9273421669093302,32.7,3,1,299.8419999999999,4,2,0.625,20
CHEMBL1237066,CALCIUM GLUCEPTATE,O=C([O-])C(O)[C@H](O)[C@@H](O)[C@H](O)[C@H](O)CO.O=C([O-])C(O)[C@H](O)[C@@H](O)[C@H](O)[C@H](O)CO.[Ca+2],-11.314600000000006,0.11288072309929663,323.02000000000004,16,12,490.4240000000001,12,0,0.8571428571428571,31
CHEMBL1237070,MICAFUNGIN SODIUM,CCCCCOc1ccc(-c2cc(-c3ccc(C(=O)N[C@H]4C[C@@H](O)[C@@H](O)NC(=O)[C@@H]5[C@@H](O)[C@@H](C)CN5C(=O)[C@H]([C@H](O)CC(N)=O)NC(=O)[C@H]([C@H](O)[C@@H](O)c5ccc(O)c(OS(=O)(=O)[O-])c5)NC(=O)[C@@H]5C[C@@H](O)CN5C(=O)[C@H]([C@@H](C)O)NC4=O)cc3)no2)cc1.[Na+],-7.240600000000025,0.01904506662848769,512.97,24,15,1292.2730000000004,18,7,0.48214285714285715,90
CHEMBL1237072,DIRITHROMYCIN,CC[C@H]1OC(=O)[C@H](C)[C@@H](O[C@H]2C[C@@](C)(OC)[C@@H](O)[C@H](C)O2)[C@H](C)[C@@H](O[C@@H]2O[C@H](C)C[C@H](N(C)C)[C@H]2O)[C@](C)(O)C[C@@H](C)[C@@H]2N[C@@H](COCCOC)O[C@H]([C@H]2C)[C@]1(C)O,2.201700000000009,0.14173230226603417,196.32999999999998,16,5,835.086,12,4,0.9761904761904762,58
CHEMBL1237080,GRANISETRON HYDROCHLORIDE,CN1C2CCCC1CC(NC(=O)c1nn(C)c3ccccc13)C2.Cl,2.740200000000001,0.9074714206342034,50.160000000000004,4,1,348.8780000000001,2,4,0.5555555555555556,24
CHEMBL1237082,MECAMYLAMINE HYDROCHLORIDE,CNC1(C)C2CCC(C2)C1(C)C.Cl,2.842400000000002,0.6914115526871274,12.03,1,1,203.757,1,2,1.0,13
CHEMBL1237099,DOXACURIUM CHLORIDE,COc1cc(CC2c3c(cc(OC)c(OC)c3OC)CC[N+]2(C)CCCOC(=O)CCC(=O)OCCC[N+]2(C)CCc3cc(OC)c(OC)c(OC)c3C2Cc2cc(OC)c(OC)c(OC)c2)cc(OC)c1OC.[Cl-].[Cl-],1.7178000000000113,0.04818642107339284,163.35999999999999,16,0,1106.1439999999998,27,6,0.5357142857142857,76
CHEMBL1237102,LEVOCABASTINE HYDROCHLORIDE,C[C@@H]1CN([C@H]2CC[C@](C#N)(c3ccc(F)cc3)CC2)CC[C@]1(C(=O)O)c1ccccc1.Cl,5.315880000000006,0.6761255640897398,64.33,3,1,456.9890000000002,4,4,0.46153846153846156,32
CHEMBL1237104,PROPOXYPHENE HYDROCHLORIDE,CCC(=O)O[C@](Cc1ccccc1)(c1ccccc1)[C@H](C)CN(C)C.Cl,4.697300000000006,0.6262574524755049,29.54,3,0,375.9400000000001,8,2,0.4090909090909091,26
CHEMBL1237105,CARBOPROST TROMETHAMINE,CCCCC[C@](C)(O)/C=C/[C@@H]1[C@@H](C/C=C\CCCC(=O)O)[C@@H](O)C[C@H]1O.NC(CO)(CO)CO,1.0938000000000005,0.12312385492780675,184.7,8,8,489.65000000000026,15,1,0.8,34
CHEMBL1237119,TREPROSTINIL,CCCCC[C@H](O)CC[C@@H]1[C@H]2Cc3cccc(OCC(=O)O)c3C[C@H]2C[C@H]1O,3.583200000000003,0.5316657232858427,86.99000000000001,4,3,390.5200000000002,10,3,0.6956521739130435,28
CHEMBL1237122,CARBOPROST,CCCCC[C@](C)(O)/C=C/[C@@H]1[C@@H](C/C=C\CCCC(=O)O)[C@@H](O)C[C@H]1O,3.433000000000002,0.3124406063054443,97.99000000000001,4,4,368.51400000000007,12,1,0.7619047619047619,26
CHEMBL1237123,DOXACURIUM,COc1cc(CC2c3c(cc(OC)c(OC)c3OC)CC[N+]2(C)CCCOC(=O)CCC(=O)OCCC[N+]2(C)CCc3cc(OC)c(OC)c(OC)c3C2Cc2cc(OC)c(OC)c(OC)c2)cc(OC)c1OC,7.709800000000011,0.03239500696932371,163.35999999999999,16,0,1035.2379999999998,27,6,0.5357142857142857,74
CHEMBL1237132,CLEVIDIPINE,CCCC(=O)OCOC(=O)C1=C(C)NC(C)=C(C(=O)OC)C1c1cccc(Cl)c1Cl,4.245200000000003,0.48477331260825746,90.92999999999999,7,1,456.3220000000001,7,2,0.38095238095238093,30
CHEMBL1237135,MAPROTILINE HYDROCHLORIDE,CNCCCC12CCC(c3ccccc31)c1ccccc12.Cl,4.633200000000005,0.8112682972634434,12.03,1,1,313.872,4,5,0.4,22
CHEMBL1241951,LETERMOVIR,COc1cccc(N2CCN(C3=Nc4c(F)cccc4[C@H](CC(=O)O)N3c3cc(C(F)(F)F)ccc3OC)CC2)c1,5.707400000000006,0.37956753727705383,77.84,7,1,572.559,6,5,0.3103448275862069,41
CHEMBL1254682,LEVALLORPHAN,C=CCN1CC[C@]23CCCC[C@H]2[C@H]1Cc1ccc(O)cc13,3.6366000000000023,0.8377375629702639,23.47,2,1,283.415,2,4,0.5789473684210527,21
CHEMBL1255654,TETRACAINE HYDROCHLORIDE,CCCCNc1ccc(C(=O)OCCN(C)C)cc1.Cl,3.0388000000000024,0.5917266732023638,41.57,4,1,300.82999999999987,8,1,0.5333333333333333,20
CHEMBL1255739,METHAPYRILENE HYDROCHLORIDE,CN(C)CCN(Cc1cccs1)c1ccccn1.Cl,3.133100000000002,0.8164672233280793,19.37,4,0,297.85499999999996,6,2,0.35714285714285715,19
CHEMBL1255800,FIDAXOMICIN,CCc1c(Cl)c(O)c(Cl)c(O)c1C(=O)O[C@H]1[C@H](O)[C@H](OC)[C@H](OC/C2=C\C=C\C[C@H](O)/C(C)=C/[C@H](CC)[C@@H](O[C@@H]3OC(C)(C)[C@@H](OC(=O)C(C)C)[C@H](O)[C@@H]3O)/C(C)=C/C(C)=C/C[C@@H]([C@@H](C)O)OC2=O)O[C@@H]1C,6.23440000000001,0.06551984787084274,266.65999999999997,18,7,1058.052,13,4,0.6346153846153846,72
CHEMBL1255943,GLUTAMIC ACID HYDROCHLORIDE,Cl.N[C@@H](CCC(=O)O)C(=O)O,-0.3151,0.5549479811270005,100.62000000000002,3,3,183.591,4,0,0.6,11
CHEMBL1256137,CYSTEAMINE HYDROCHLORIDE,Cl.NCCS,0.2967,0.4702793195042661,26.02,2,2,113.61300000000001,1,0,1.0,5
CHEMBL1256391,PIRFENIDONE,Cc1ccc(=O)n(-c2ccccc2)c1,2.1459200000000003,0.6668204072157461,22.0,2,0,185.22600000000003,1,2,0.08333333333333333,14
CHEMBL1256400,XYLOMETAZOLINE HYDROCHLORIDE,Cc1cc(C(C)(C)C)cc(C)c1CC1=NCCN1.Cl,3.566940000000003,0.8799827393025743,24.39,2,1,280.8429999999999,2,2,0.5625,19
CHEMBL1256696,CARBETAPENTANE CITRATE,CCN(CC)CCOCCOC(=O)C1(c2ccccc2)CCCC1.O=C(O)CC(O)(CC(=O)O)C(=O)O,2.1515000000000004,0.19528479139811647,170.89999999999998,8,4,525.5950000000005,15,2,0.6153846153846154,37
CHEMBL1256786,FORMOTEROL,COc1ccc(CC(C)NCC(O)c2ccc(O)c(NC=O)c2)cc1,2.2233,0.4136022576828499,90.82,5,4,344.41100000000006,9,2,0.3157894736842105,25
CHEMBL1256818,DEXTROMETHORPHAN HYDROBROMIDE,Br.COc1ccc2c(c1)[C@]13CCCC[C@@H]1[C@H](C2)N(C)CC3.O,3.1366000000000023,0.7624477590834328,43.97,2,0,370.33100000000013,1,4,0.6666666666666666,22
CHEMBL1256819,ANTAZOLINE HYDROCHLORIDE,Cl.c1ccc(CN(CC2=NCCN2)c2ccccc2)cc1,3.1167000000000007,0.9187018493649352,27.63,3,1,301.821,5,3,0.23529411764705882,21
CHEMBL1256841,NIALAMIDE,O=C(CCNNC(=O)c1ccncc1)NCc1ccccc1,1.0224999999999989,0.5263360770159846,83.12,4,3,298.346,7,2,0.1875,22
CHEMBL1256842,NOMIFENSINE MALEATE,CN1Cc2c(N)cccc2C(c2ccccc2)C1.O=C(O)/C=C\C(=O)O,2.5579,0.5780132678451209,103.86,4,3,354.40600000000006,3,3,0.2,26
CHEMBL1256901,BUTYLSCOPOLAMINE BROMIDE,CCCC[N+]1(C)[C@@H]2C[C@@H](OC(=O)[C@H](CO)c3ccccc3)C[C@H]1[C@@H]1O[C@@H]12.[Br-],-0.762999999999997,0.3441818431253402,59.06,4,1,440.37800000000004,7,4,0.6666666666666666,27
CHEMBL1256958,EPINEPHRINE BITARTRATE,CNC[C@H](O)c1ccc(O)c(O)c1.O=C(O)C(O)C(O)C(=O)O,-1.7719999999999998,0.2765547370412865,187.77999999999997,8,8,333.29300000000006,6,1,0.38461538461538464,23
CHEMBL1256987,FUSIDATE SODIUM,CC(=O)O[C@H]1C[C@@]2(C)[C@@H](C[C@@H](O)[C@H]3[C@@]4(C)CC[C@@H](O)[C@@H](C)[C@@H]4CC[C@@]32C)/C1=C(\CCC=C(C)C)C(=O)[O-].[Na+],1.3354000000000026,0.23685102423721058,106.89000000000001,6,2,538.7010000000004,5,4,0.8064516129032258,38
CHEMBL1257015,PICOTAMIDE,COc1ccc(C(=O)NCc2cccnc2)cc1C(=O)NCc1cccnc1,2.3452,0.660217107340261,93.21,5,2,376.4160000000001,7,3,0.14285714285714285,28
CHEMBL1257040,TRIFLUOPERAZINE HYDROCHLORIDE,CN1CCN(CCCN2c3ccccc3Sc3ccc(C(F)(F)F)cc32)CC1.Cl.Cl,5.7892000000000055,0.5480646397106008,9.72,4,0,480.4270000000002,4,4,0.42857142857142855,30
CHEMBL1257051,TEDIZOLID,Cn1nnc(-c2ccc(-c3ccc(N4C[C@H](CO)OC4=O)cc3F)cn2)n1,1.3957,0.7396454416164582,106.26000000000002,8,1,370.34400000000005,4,4,0.23529411764705882,27
CHEMBL1257073,TECOVIRIMAT,O=C(NN1C(=O)[C@@H]2[C@@H]3C=C[C@@H]([C@H]4C[C@@H]34)[C@@H]2C1=O)c1ccc(C(F)(F)F)cc1,2.4033000000000007,0.6368222948475758,66.48,3,1,376.334,2,6,0.42105263157894735,27
CHEMBL1259059,SOFOSBUVIR,CC(C)OC(=O)[C@H](C)N[P@](=O)(OC[C@H]1O[C@@H](n2ccc(=O)[nH]c2=O)[C@](C)(F)[C@@H]1O)Oc1ccccc1,1.6565000000000003,0.30528322976796235,158.17999999999995,10,3,529.4580000000002,10,3,0.5,36
CHEMBL1269025,EDOXABAN,CN1CCc2nc(C(=O)N[C@@H]3C[C@@H](C(=O)N(C)C)CC[C@@H]3NC(=O)C(=O)Nc3ccc(Cl)cn3)sc2C1,1.2896000000000014,0.4796796282412841,136.63,8,3,548.0690000000001,5,4,0.5,37
CHEMBL1276308,MIFEPRISTONE,CC#C[C@]1(O)CC[C@H]2[C@@H]3CCC4=CC(=O)CCC4=C3[C@@H](c3ccc(N(C)C)cc3)C[C@@]21C,5.406500000000006,0.6395257442251707,40.54,3,1,429.6040000000001,2,5,0.5517241379310345,32
CHEMBL1287853,FEDRATINIB,Cc1cnc(Nc2ccc(OCCN3CCCC3)cc2)nc1Nc1cccc(S(=O)(=O)NC(C)(C)C)c1,4.823620000000004,0.3463330582394302,108.48000000000002,8,3,524.6910000000001,10,4,0.4074074074074074,37
CHEMBL1289494,TIVOZANIB,COc1cc2nccc(Oc3ccc(NC(=O)Nc4cc(C)on4)c(Cl)c3)c2cc1OC,5.6381200000000025,0.38787036915829415,107.74000000000001,7,2,454.8700000000003,6,4,0.13636363636363635,32
CHEMBL1289601,LENVATINIB,COc1cc2nccc(Oc3ccc(NC(=O)NC4CC4)c(Cl)c3)c2cc1C(N)=O,4.071900000000002,0.5490365970627805,115.57,5,3,426.8600000000003,6,4,0.19047619047619047,30
CHEMBL1289926,AXITINIB,CNC(=O)c1ccccc1Sc1ccc2c(/C=C/c3ccccn3)n[nH]c2c1,4.639100000000004,0.5241908173512972,70.67,4,2,386.48,5,4,0.045454545454545456,28
CHEMBL1314751,PROCHLORPERAZINE MALEATE,CN1CCN(CCCN2c3ccccc3Sc3ccc(Cl)cc32)CC1.O=C(O)/C=C\C(=O)O.O=C(O)/C=C\C(=O)O,4.003800000000001,0.3208123281450717,158.92000000000002,8,4,606.0970000000004,8,4,0.2857142857142857,41
CHEMBL1315867,TERBUTALINE SULFATE,CC(C)(C)NCC(O)c1cc(O)cc(O)c1.CC(C)(C)NCC(O)c1cc(O)cc(O)c1.O=S(=O)(O)O,2.3857999999999993,0.23514857195132333,220.03999999999996,10,10,548.6550000000003,6,2,0.5,37
CHEMBL1318287,PENTOLINIUM TARTRATE,C[N+]1(CCCCC[N+]2(C)CCCC2)CCCC1.O=C([O-])[C@H](O)[C@@H](O)C(=O)O.O=C([O-])[C@H](O)[C@@H](O)C(=O)O,-4.277099999999989,0.102271017054028,235.77999999999997,10,6,538.5910000000002,12,2,0.8260869565217391,37
CHEMBL1319139,BROMHEXINE HYDROCHLORIDE,CN(Cc1cc(Br)cc(Br)c1N)C1CCCCC1.Cl,4.980100000000004,0.7096484511121065,29.259999999999998,2,1,412.59700000000026,3,2,0.5714285714285714,19
CHEMBL1319362,HOMATROPINE HYDROBROMIDE,Br.CN1[C@@H]2CC[C@H]1C[C@@H](OC(=O)C(O)c1ccccc1)C2,2.4663000000000004,0.8457845259794154,49.769999999999996,4,1,356.26000000000005,3,3,0.5625,21
CHEMBL1322884,PHENOTHRIN,CC(C)=CC1C(C(=O)OCc2cccc(Oc3ccccc3)c2)C1(C)C,5.760500000000005,0.4906102836224376,35.53,3,0,350.4580000000001,6,3,0.34782608695652173,26
CHEMBL1323699,PADIMATE O,CCCCC(CC)COC(=O)c1ccc(N(C)C)cc1,4.1258000000000035,0.6692182608502032,29.54,3,0,277.40799999999996,8,1,0.5882352941176471,20
CHEMBL1324714,CYCLIZINE HYDROCHLORIDE,CN1CCN(C(c2ccccc2)c2ccccc2)CC1.Cl,3.445200000000003,0.8567400107699141,6.48,2,0,302.849,3,3,0.3333333333333333,21
CHEMBL1329455,MOLSIDOMINE,CCOC(=O)[N-]c1c[n+](N2CCOCC2)no1,0.09200000000000008,0.6985325432291589,82.78000000000002,6,0,242.23499999999993,3,2,0.6666666666666666,17
CHEMBL1329567,XAMOTEROL FUMARATE,O=C(NCCNCC(O)COc1ccc(O)cc1)N1CCOCC1.O=C(NCCNCC(O)COc1ccc(O)cc1)N1CCOCC1.O=C(O)/C=C/C(=O)O,-0.7615999999999885,0.06558333636920151,281.18,14,10,794.8560000000003,18,4,0.5,56
CHEMBL1330729,CLENBUTEROL HYDROCHLORIDE,CC(C)(C)NCC(O)c1cc(Cl)c(N)c(Cl)c1.Cl,3.418900000000001,0.7494507506155013,58.28,3,3,313.656,3,1,0.5,18
CHEMBL1330792,ACETARSONE,CC(=O)Nc1cc([As](=O)(O)O)ccc1O,-1.0884000000000005,0.40517030950532984,106.86000000000001,3,4,275.092,2,1,0.125,15
CHEMBL1331216,HYOSCYAMINE,CN1[C@@H]2CC[C@H]1C[C@@H](OC(=O)[C@H](CO)c1ccccc1)C2,1.9308999999999996,0.8605899449393155,49.769999999999996,4,1,289.37500000000006,4,3,0.5882352941176471,21
CHEMBL1334033,PERHEXILINE MALEATE,C1CCC(C(CC2CCCCN2)C2CCCCC2)CC1.O=C(O)/C=C\C(=O)O,5.007200000000004,0.5524221811312743,86.63000000000001,3,3,393.5680000000001,6,3,0.8260869565217391,28
CHEMBL1334078,SODIUM HYPOCHLORITE,[Na+].[O-]Cl,-3.4955000000000007,0.2736150242606354,23.06,1,0,74.44200000000001,0,0,0.0,3
CHEMBL1334860,DILOXANIDE FUROATE,CN(C(=O)C(Cl)Cl)c1ccc(OC(=O)c2ccco2)cc1,3.2653000000000016,0.49096698403540306,59.75,4,0,328.151,4,2,0.14285714285714285,21
CHEMBL1354199,METHSCOPOLAMINE BROMIDE,C[N+]1(C)[C@@H]2C[C@@H](OC(=O)[C@H](CO)c3ccccc3)C[C@H]1[C@@H]1O[C@@H]12.[Br-],-1.9332999999999958,0.3647362951907639,59.06,4,1,398.2970000000001,4,4,0.6111111111111112,24
CHEMBL1357648,AMODIAQUINE HYDROCHLORIDE,CCN(CC)Cc1cc(Nc2ccnc3cc(Cl)ccc23)ccc1O.Cl.Cl.O.O,4.373400000000007,0.5272852683254805,111.39,4,2,464.8210000000002,6,3,0.25,29
CHEMBL1364144,METHYLPREDNISOLONE ACETATE,CC(=O)OCC(=O)[C@@]1(O)CC[C@H]2[C@@H]3C[C@H](C)C4=CC(=O)C=C[C@]4(C)[C@H]3[C@@H](O)C[C@@]21C,2.3744000000000005,0.6853079587762,100.90000000000002,6,2,416.5140000000002,3,4,0.7083333333333334,30
CHEMBL1364551,MINAPRINE HYDROCHLORIDE,Cc1cc(-c2ccccc2)nnc1NCCN1CCOCC1.Cl.Cl,3.0397200000000018,0.8757185716512059,50.28,5,1,371.31200000000007,5,3,0.4117647058823529,24
CHEMBL1367605,RITODRINE HYDROCHLORIDE,CC(NCCc1ccc(O)cc1)C(O)c1ccc(O)cc1.Cl,2.773800000000001,0.6593893940238814,72.72,4,4,323.82,6,2,0.29411764705882354,22
CHEMBL1370561,AMINOPHYLLINE,Cn1c(=O)c2[nH]cnc2n(C)c1=O.Cn1c(=O)c2[nH]cnc2n(C)c1=O.NCCN,-3.1755999999999975,0.24699187151857604,197.4,12,4,420.4340000000002,1,4,0.375,30
CHEMBL1371200,CANRENOATE POTASSIUM,C[C@]12CCC(=O)C=C1C=C[C@@H]1[C@@H]2CC[C@@]2(C)[C@H]1CC[C@@]2(O)CCC(=O)[O-].[K+],-0.44049999999999767,0.6563721156304074,77.42999999999999,4,1,396.56800000000015,3,4,0.7272727272727273,27
CHEMBL1371770,PIRIBEDIL,c1cnc(N2CCN(Cc3ccc4c(c3)OCO4)CC2)nc1,1.5274999999999999,0.8563121557749823,50.720000000000006,6,0,298.34600000000006,3,4,0.375,22
CHEMBL1372950,NICERGOLINE,CO[C@]12C[C@@H](COC(=O)c3cncc(Br)c3)CN(C)[C@@H]1Cc1cn(C)c3cccc2c13,3.9109000000000034,0.5260919891622707,56.59,6,0,484.39400000000023,4,5,0.4166666666666667,31
CHEMBL1373254,CYCLOPENTHIAZIDE,NS(=O)(=O)c1cc2c(cc1Cl)NC(CC1CCCC1)NS2(=O)=O,1.5976000000000001,0.7365553855056625,118.35999999999999,5,3,379.8910000000002,3,3,0.5384615384615384,23
CHEMBL1374379,BENZONATATE,CCCCNc1ccc(C(=O)OCCOCCOCCOCCOCCOCCOCCOCCOCCOC)cc1,2.8346000000000036,0.09628584931126413,121.40000000000003,12,1,603.7500000000003,32,1,0.7666666666666667,42
CHEMBL1375743,ZIPRASIDONE HYDROCHLORIDE,Cl.O.O=C1Cc2cc(CCN3CCN(c4nsc5ccccc45)CC3)c(Cl)cc2N1,3.4061000000000012,0.6380527854353831,79.97,5,1,467.4220000000002,4,5,0.3333333333333333,30
CHEMBL1378024,PROTIONAMIDE,CCCc1cc(C(N)=S)ccn1,1.6683000000000001,0.7190610682314919,38.91,2,1,180.276,3,1,0.3333333333333333,12
CHEMBL1382627,"SULFADIAZINE, SILVER",Nc1ccc(S(=O)(=O)[N-]c2ncccn2)cc1.[Ag+],1.4504,0.6620875608591409,100.04,5,1,357.14300000000003,3,2,0.0,18
CHEMBL1398126,AMILORIDE HYDROCHLORIDE,Cl.N=C(N)NC(=O)c1nc(Cl)c(N)nc1N.O.O,-2.30993,0.28269955353085796,219.79,6,5,302.1220000000001,1,1,0.0,18
CHEMBL1401367,PIPENZOLATE BROMIDE,CC[N+]1(C)CCCC(OC(=O)C(O)(c2ccccc2)c2ccccc2)C1.[Br-],0.09860000000000158,0.5366945734451453,46.53,3,1,434.3740000000001,5,3,0.4090909090909091,27
CHEMBL1402684,OXYPHENISATIN ACETATE,CC(=O)Oc1ccc(C2(c3ccc(OC(C)=O)cc3)C(=O)Nc3ccccc32)cc1,3.8237000000000023,0.5308831591970273,81.7,5,1,401.41800000000006,4,4,0.125,30
CHEMBL1407915,NEFOPAM HYDROCHLORIDE,CN1CCOC(c2ccccc2)c2ccccc2C1.Cl,3.659800000000003,0.7943007885441176,12.47,2,0,289.806,1,3,0.29411764705882354,20
CHEMBL1408594,ALVERINE CITRATE,CCN(CCCc1ccccc1)CCCc1ccccc1.O=C(O)CC(O)(CC(=O)O)C(=O)O,3.3254,0.32811146722769685,135.37,5,4,473.56600000000026,14,2,0.4230769230769231,34
CHEMBL1410743,PARALDEHYDE,CC1OC(C)OC(C)O1,1.0877999999999999,0.4934280399431338,27.69,3,0,132.159,0,1,1.0,9
CHEMBL1410808,CRESOL,Cc1ccc(O)cc1.Cc1cccc(O)c1.Cc1ccccc1O,5.101860000000005,0.5388222481417674,60.69,3,3,324.42,0,3,0.14285714285714285,24
CHEMBL1411731,TALAMPICILLIN HYDROCHLORIDE,CC1(C)S[C@@H]2[C@H](NC(=O)[C@H](N)c3ccccc3)C(=O)N2[C@H]1C(=O)OC1OC(=O)c2ccccc21.Cl,2.0677,0.4554391904588854,128.03,8,2,517.9910000000003,5,5,0.3333333333333333,35
CHEMBL1411979,METHAPYRILENE,CN(C)CCN(Cc1cccs1)c1ccccn1,2.7113000000000005,0.7967911857797698,19.37,4,0,261.394,6,2,0.35714285714285715,18
CHEMBL1417019,MITOXANTRONE HYDROCHLORIDE,Cl.Cl.O=C1c2c(O)ccc(O)c2C(=O)c2c(NCCNCCO)ccc(NCCNCCO)c21,0.7043999999999995,0.12680658421405533,163.17999999999998,10,8,517.4100000000003,12,3,0.36363636363636365,34
CHEMBL1418176,METHANDROSTENOLONE,C[C@]12C=CC(=O)C=C1CC[C@@H]1[C@@H]2CC[C@@]2(C)[C@H]1CC[C@]2(C)O,4.045300000000004,0.7326817037049284,37.3,2,1,300.442,0,4,0.75,22
CHEMBL1434513,NOREPINEPHRINE BITARTRATE,NC[C@H](O)c1ccc(O)c(O)c1.O.O=C(O)C(O)C(O)C(=O)O,-2.8574000000000006,0.25574305772230493,233.26999999999995,8,8,337.281,5,1,0.3333333333333333,23
CHEMBL1439973,CHLOROBUTANOL,CC(C)(O)C(Cl)(Cl)Cl,2.127500000000001,0.5621808285617447,20.23,1,1,177.458,0,0,1.0,8
CHEMBL1441059,ALBUTEROL SULFATE,CC(C)(C)NCC(O)c1ccc(O)c(CO)c1.CC(C)(C)NCC(O)c1ccc(O)c(CO)c1.O=S(=O)(O)O,1.9592000000000003,0.20383832583508968,220.03999999999996,10,10,576.7090000000004,8,2,0.5384615384615384,39
CHEMBL1442422,DIBENZEPIN,CN(C)CCN1C(=O)c2ccccc2N(C)c2ccccc21,2.976300000000001,0.870763155680302,26.79,3,0,295.386,3,3,0.2777777777777778,22
CHEMBL1446650,MEBEVERINE HYDROCHLORIDE,CCN(CCCCOC(=O)c1ccc(OC)c(OC)c1)C(C)Cc1ccc(OC)cc1.Cl,5.0243000000000055,0.30542835862062895,57.230000000000004,6,0,466.0180000000002,13,2,0.48,32
CHEMBL1446813,BETAHISTINE HYDROCHLORIDE,CNCCc1ccccn1.Cl.Cl,1.6871,0.8187703420978922,24.92,2,1,209.11999999999998,3,1,0.375,12
CHEMBL1447476,BITHIONOLATE SODIUM,[Na+].[Na+].[O-]c1c(Cl)cc(Cl)cc1Sc1cc(Cl)cc(Cl)c1[O-],-1.3933999999999989,0.5838468556125322,46.12,3,0,400.02100000000013,2,2,0.0,21
CHEMBL1448187,FLUPHENAZINE HYDROCHLORIDE,Cl.Cl.OCCN1CCN(CCCN2c3ccccc3Sc3ccc(C(F)(F)F)cc32)CC1,5.151700000000005,0.5809812496557052,29.950000000000003,5,1,510.45300000000015,6,4,0.45454545454545453,32
CHEMBL1449676,ORNIDAZOLE,Cc1ncc([N+](=O)[O-])n1CC(O)CCl,0.6994199999999999,0.45920678237514917,81.19,5,1,219.628,4,1,0.5714285714285714,14
CHEMBL1451116,IODOFORM,IC(I)I,2.575,0.43826332672952517,0.0,0,0,393.731,0,0,1.0,4
CHEMBL1452696,FEPRAZONE,CC(C)=CCC1C(=O)N(c2ccccc2)N(c2ccccc2)C1=O,3.9539000000000026,0.6319230176826856,40.620000000000005,2,0,320.3920000000001,4,3,0.2,24
CHEMBL1453317,DIETHYLTOLUAMIDE,CCN(CC)C(=O)c1cccc(C)c1,2.4770200000000004,0.7184022097170998,20.310000000000002,1,0,191.274,3,1,0.4166666666666667,14
CHEMBL1455497,MALIC ACID,O=C(O)CC(O)C(=O)O,-1.0934000000000001,0.45533988255843144,94.83,3,3,134.087,3,0,0.5,9
CHEMBL1463345,CANRENONE,C[C@]12CCC(=O)C=C1C=C[C@@H]1[C@@H]2CC[C@@]2(C)[C@H]1CC[C@@]21CCC(=O)O1,4.370100000000003,0.6150631212847314,43.370000000000005,3,0,340.46300000000014,0,5,0.7272727272727273,25
CHEMBL1472989,BISOPROLOL FUMARATE,CC(C)NCC(O)COc1ccc(COCCOC(C)C)cc1.CC(C)NCC(O)COc1ccc(COCCOC(C)C)cc1.O=C(O)/C=C/C(=O)O,4.443600000000004,0.05811919108233005,194.5,12,6,766.9700000000001,26,2,0.6,54
CHEMBL1474889,CLOBUTINOL,CC(CN(C)C)C(C)(O)Cc1ccc(Cl)cc1,2.831200000000001,0.8747482033455146,23.47,2,1,255.789,5,1,0.5714285714285714,17
CHEMBL1474963,BENZARONE,CCc1oc2ccccc2c1C(=O)c1ccc(O)cc1,3.9318000000000026,0.7305653175589971,50.44,3,1,266.29599999999994,3,3,0.11764705882352941,20
CHEMBL1477036,DOCUSATE,CCCCC(CC)COC(=O)CC(C(=O)OCC(CC)CCCC)S(=O)(=O)O,4.1521000000000035,0.2939392891905057,106.97000000000001,6,1,422.58400000000023,16,0,0.9,28
CHEMBL1477274,MEPTAZINOL HYDROCHLORIDE,CCC1(c2cccc(O)c2)CCCCN(C)C1.Cl,3.577500000000003,0.8871737472902816,23.47,2,1,269.81599999999986,2,2,0.6,18
CHEMBL1479848,ACETOMENAPHTHONE,CC(=O)Oc1cc(C)c(OC(C)=O)c2ccccc12,2.998820000000001,0.6134577512110917,52.6,4,0,258.273,2,2,0.2,19
CHEMBL1480987,CYCLANDELATE,CC1CC(OC(=O)C(O)c2ccccc2)CC(C)(C)C1,3.4780000000000024,0.8597388448871666,46.53,3,1,276.37600000000003,3,2,0.5882352941176471,20
CHEMBL1484251,CHLORHEXIDINE HYDROCHLORIDE,Cl.Cl.N=C(NCCCCCCNC(=N)NC(=N)Nc1ccc(Cl)cc1)NC(=N)Nc1ccc(Cl)cc1,5.018880000000002,0.11396615897173855,167.58,4,10,578.38,9,2,0.2727272727272727,36
CHEMBL1491306,BENZYLTHIOURACIL,Oc1cc(Cc2ccccc2)nc(S)n1,2.0616999999999996,0.5988354542825306,46.010000000000005,4,2,218.281,2,2,0.09090909090909091,15
CHEMBL1492500,DOTHIEPIN,CN(C)CC/C=C1\c2ccccc2CSc2ccccc21,4.675700000000004,0.8088707188299813,3.24,2,0,295.451,3,3,0.2631578947368421,21
CHEMBL1511957,PIPERIDOLATE HYDROCHLORIDE,CCN1CCCC(OC(=O)C(c2ccccc2)c2ccccc2)C1.Cl,4.267800000000005,0.7465755393175725,29.54,3,0,359.8970000000001,5,3,0.38095238095238093,25
CHEMBL1512677,AMYLMETACRESOL,CCCCCc1ccc(C)cc1O,3.4333200000000024,0.7001814681654164,20.23,1,1,178.27499999999998,4,1,0.5,13
CHEMBL1514715,ETHAMSYLATE,CCNCC.O=S(=O)(O)c1cc(O)ccc1O,0.9602999999999997,0.47779196729407364,106.86000000000001,5,4,263.315,3,1,0.4,17
CHEMBL1516474,TEGASEROD MALEATE,CCCCCNC(=N)N/N=C/c1c[nH]c2ccc(OC)cc12.O=C(O)/C=C\C(=O)O,2.52637,0.12012211071881469,159.89000000000001,5,6,417.46600000000024,9,2,0.3,30
CHEMBL1523964,EPHEDRINE SULFATE,CN[C@@H](C)[C@H](O)c1ccccc1.CN[C@@H](C)[C@H](O)c1ccccc1.O=S(=O)(O)O,2.003,0.38415562637133444,139.12,6,6,428.5510000000001,6,2,0.4,29
CHEMBL1524273,PHTHALYLSULFATHIAZOLE,O=C(O)c1ccccc1C(=O)Nc1ccc(S(=O)(=O)Nc2nccs2)cc1,2.894400000000001,0.5810257107632802,125.46,6,3,403.4410000000001,6,3,0.0,27
CHEMBL1525826,SULFALENE,COc1nccnc1NS(=O)(=O)c1ccc(N)cc1,0.8681999999999999,0.8045216732232587,107.2,6,2,280.30899999999997,4,2,0.09090909090909091,19
CHEMBL1528134,BENZYDAMINE HYDROCHLORIDE,CN(C)CCCOc1nn(Cc2ccccc2)c2ccccc12.Cl,3.836900000000003,0.6094354627280297,30.29,4,0,345.87399999999997,7,3,0.3157894736842105,24
CHEMBL1528839,PHENFORMIN HYDROCHLORIDE,Cl.N=C(N)NC(=N)NCCc1ccccc1,0.6583399999999993,0.39721180738989786,97.78,2,5,241.72600000000003,3,1,0.2,16
CHEMBL1530428,DEXAMETHASONE ACETATE,CC(=O)OCC(=O)[C@@]1(O)[C@H](C)C[C@H]2[C@@H]3CCC4=CC(=O)C=C[C@]4(C)[C@@]3(F)[C@@H](O)C[C@@]21C,2.466500000000001,0.6621165611785135,100.90000000000002,6,2,434.5040000000002,3,4,0.7083333333333334,31
CHEMBL1533310,HISTAMINE DIHYDROCHLORIDE,Cl.Cl.NCCc1c[nH]cn1,0.7545000000000002,0.7121233746585971,54.7,2,2,184.07000000000005,2,1,0.4,10
CHEMBL1534525,MIBEFRADIL DIHYDROCHLORIDE,COCC(=O)O[C@]1(CCN(C)CCCc2nc3ccccc3[nH]2)CCc2cc(F)ccc2[C@@H]1C(C)C.Cl.Cl,6.1145000000000085,0.2827766178644676,67.45,5,1,568.5610000000003,11,4,0.5172413793103449,38
CHEMBL1560089,XANTHINOL NIACINATE,CN(CCO)CC(O)Cn1cnc2c1c(=O)n(C)c(=O)n2C.O=C(O)c1cccnc1,-1.5014999999999965,0.40260204794070137,155.70999999999998,11,3,434.45300000000015,7,3,0.42105263157894735,31
CHEMBL1562610,MECLOFENAMATE SODIUM,Cc1ccc(Cl)c(Nc2ccccc2C(=O)[O-])c1Cl.O.[Na+],-0.411779999999999,0.7736411069131022,83.66,3,1,336.15000000000003,3,2,0.07142857142857142,21
CHEMBL1565476,APAZONE,CCCC1C(=O)N2C(N(C)C)=Nc3ccc(C)cc3N2C1=O,2.0642199999999997,0.7856488020836657,56.220000000000006,4,0,300.3620000000001,2,3,0.4375,22
CHEMBL1567328,OMEPRAZOLE MAGNESIUM,COc1ccc2[n-]c([S+]([O-])Cc3ncc(C)c(OC)c3C)nc2c1.COc1ccc2[n-]c([S+]([O-])Cc3ncc(C)c(OC)c3C)nc2c1.[Mg+2],4.676880000000004,0.14264602440718943,162.8,10,0,713.137,10,6,0.29411764705882354,49
CHEMBL1568057,METAPROTERENOL SULFATE,CC(C)NCC(O)c1cc(O)cc(O)c1.CC(C)NCC(O)c1cc(O)cc(O)c1.O=S(=O)(O)O,1.6055999999999997,0.2243124846110386,220.03999999999996,10,10,520.6010000000002,8,2,0.45454545454545453,35
CHEMBL1568276,NAFCILLIN SODIUM,CCOc1ccc2ccccc2c1C(=O)N[C@@H]1C(=O)N2[C@@H]1SC(C)(C)[C@@H]2C(=O)[O-].O.[Na+],-2.671599999999996,0.3874096465714022,130.27,6,1,454.4800000000002,5,4,0.38095238095238093,31
CHEMBL1568698,GANAXOLONE,CC(=O)[C@H]1CC[C@H]2[C@@H]3CC[C@H]4C[C@](C)(O)CC[C@]4(C)[C@H]3CC[C@]12C,4.985300000000005,0.7346190222392027,37.3,2,1,332.5280000000001,1,4,0.9545454545454546,24
CHEMBL1569487,LORNOXICAM,CN1C(C(=O)Nc2ccccn2)=C(O)c2sc(Cl)cc2S1(=O)=O,2.2958999999999996,0.8432700407675219,99.6,6,2,371.82700000000006,2,3,0.07692307692307693,23
CHEMBL1571863,ISOCONAZOLE,Clc1ccc(C(Cn2ccnc2)OCc2c(Cl)cccc2Cl)c(Cl)c1,6.454800000000002,0.4616906207935435,27.05,3,0,416.1350000000001,6,3,0.16666666666666666,25
CHEMBL1590946,CEFSULODIN SODIUM,NC(=O)c1cc[n+](CC2=C(C(=O)[O-])N3C(=O)[C@@H](NC(=O)[C@@H](c4ccccc4)S(=O)(=O)[O-])[C@H]3SC2)cc1.[Na+],-5.232599999999993,0.13877592337582084,193.70999999999998,9,2,554.5380000000002,8,4,0.22727272727272727,37
CHEMBL1593558,DEBRISOQUIN SULFATE,N=C(N)N1CCc2ccccc2C1.N=C(N)N1CCc2ccccc2C1.O=S(=O)(O)O,1.2235400000000005,0.1975267514082896,180.81999999999996,4,6,448.5490000000002,0,4,0.3,31
CHEMBL1593906,LEVOPROPOXYPHENE NAPSYLATE,CCC(=O)O[C@@](Cc1ccccc1)(c1ccccc1)[C@@H](C)CN(C)C.O=S(=O)(O)c1ccc2ccccc2c1,6.362000000000006,0.19386712017709784,83.91,5,1,547.7170000000003,9,4,0.28125,39
CHEMBL1599768,PYRANTEL PAMOATE,CN1CCCN=C1/C=C/c1cccs1.O=C(O)c1cc2ccccc2c(Cc2c(O)c(C(=O)O)cc3ccccc23)c1O,6.8867000000000065,0.16844217326850483,130.66000000000003,7,4,594.6890000000004,6,6,0.14705882352941177,43
CHEMBL1601669,ALFACALCIDOL,C=C1/C(=C\C=C2/CCC[C@]3(C)[C@@H]([C@H](C)CCCC(C)C)CC[C@@H]23)C[C@@H](O)C[C@@H]1O,6.589800000000009,0.5277905059697585,40.46,2,2,400.64700000000016,6,3,0.7777777777777778,29
CHEMBL1607273,CETIRIZINE HYDROCHLORIDE,Cl.Cl.O=C(O)COCCN1CCN(C(c2ccccc2)c2ccc(Cl)cc2)CC1,3.991800000000003,0.6024582457196294,53.010000000000005,4,1,461.8170000000001,8,3,0.38095238095238093,29
CHEMBL1607480,OXYTETRACYCLINE HYDROCHLORIDE,CN(C)[C@@H]1C(O)=C(C(N)=O)C(=O)[C@@]2(O)C(O)=C3C(=O)c4c(O)cccc4[C@@](C)(O)[C@H]3[C@H](O)[C@@H]12.Cl,-0.8217999999999985,0.25332185667311263,201.84999999999997,10,7,496.90000000000015,2,4,0.4090909090909091,34
CHEMBL1614637,PHENETHICILLIN,CC(Oc1ccccc1)C(=O)N[C@@H]1C(=O)N2[C@@H]1SC(C)(C)[C@@H]2C(=O)O,1.0856,0.7594682915498,95.94000000000001,5,2,364.4230000000001,5,3,0.47058823529411764,25
CHEMBL1614701,SELUMETINIB,Cn1cnc2c(F)c(Nc3ccc(Br)cc3Cl)c(C(=O)NOCCO)cc21,3.5256000000000016,0.38928565430938894,88.41000000000001,6,3,457.68700000000024,6,3,0.17647058823529413,27
CHEMBL1615350,CLOMACRAN,CN(C)CCCC1c2ccccc2Nc2ccc(Cl)cc21,4.870700000000004,0.8662663446746823,15.27,2,1,300.833,4,3,0.3333333333333333,21
CHEMBL1615369,DABIGATRAN ETEXILATE MESYLATE,CCCCCCOC(=O)NC(=N)c1ccc(NCc2nc3cc(C(=O)N(CCC(=O)OCC)c4ccccn4)ccc3n2C)cc1.CS(=O)(=O)O,5.316270000000005,0.040620086154242424,205.89999999999995,12,4,723.8530000000004,15,4,0.37142857142857144,51
CHEMBL1615371,LEVOMEFOLATE CALCIUM,CN1c2c([nH]c(N)nc2=O)NC[C@@H]1CNc1ccc(C(=O)N[C@@H](CCC(=O)[O-])C(=O)[O-])cc1.[Ca+2],-3.3078999999999947,0.2166131413914947,208.42999999999998,11,5,497.5250000000003,9,3,0.35,34
CHEMBL1615372,LURASIDONE HYDROCHLORIDE,Cl.O=C1[C@@H]2[C@H]3CC[C@H](C3)[C@@H]2C(=O)N1C[C@@H]1CCCC[C@H]1CN1CCN(c2nsc3ccccc23)CC1,4.677600000000004,0.527448281261016,56.75000000000001,6,0,529.1500000000002,5,7,0.6785714285714286,36
CHEMBL1615374,VILAZODONE HYDROCHLORIDE,Cl.N#Cc1ccc2[nH]cc(CCCCN3CCN(c4ccc5oc(C(N)=O)cc5c4)CC3)c2c1,4.451380000000002,0.3826422101250491,102.28999999999999,5,2,477.9960000000002,7,5,0.3076923076923077,34
CHEMBL1615438,LEVOCABASTINE,C[C@@H]1CN([C@H]2CC[C@](C#N)(c3ccc(F)cc3)CC2)CC[C@]1(C(=O)O)c1ccccc1,4.894080000000004,0.7645771813481719,64.33,3,1,420.5280000000002,4,4,0.46153846153846156,31
CHEMBL1615439,PHENDIMETRAZINE,C[C@H]1[C@H](c2ccccc2)OCCN1C,2.0782,0.6735555473027665,12.47,2,0,191.27399999999994,1,2,0.5,14
CHEMBL1615487,IODOXAMIC ACID,O=C(CCOCCOCCOCCOCCC(=O)Nc1c(I)cc(I)c(C(=O)O)c1I)Nc1c(I)cc(I)c(C(=O)O)c1I,6.134400000000004,0.09487094880863546,169.71999999999997,8,4,1287.9219999999998,19,2,0.38461538461538464,44
CHEMBL1615779,IOBENGUANE I 131,N=C(N)NCc1cccc([131I])c1,1.27427,0.433567726429014,61.900000000000006,1,3,279.09512459999996,2,1,0.125,12
CHEMBL1616046,HYPOCHLOROUS ACID,OCl,0.1325,0.4153721919811907,20.23,1,1,52.46000000000001,0,0,0.0,2
CHEMBL1616951,CANRENOATE,C[C@]12CCC(=O)C=C1C=C[C@@H]1[C@@H]2CC[C@@]2(C)[C@H]1CC[C@@]2(O)CCC(=O)O,3.8902000000000028,0.8024959344258629,74.6,3,2,358.4780000000001,3,4,0.7272727272727273,26
CHEMBL1618018,HOMATROPINE,CN1[C@@H]2CC[C@H]1C[C@@H](OC(=O)C(O)c1ccccc1)C2,1.8883999999999996,0.85588008409094,49.769999999999996,4,1,275.34800000000007,3,3,0.5625,20
CHEMBL1618102,BUTYLSCOPOLAMINE,CCCC[N+]1(C)[C@@H]2C[C@@H](OC(=O)[C@H](CO)c3ccccc3)C[C@H]1[C@@H]1O[C@@H]12,2.2329999999999997,0.4602154446915017,59.06,4,1,360.47400000000005,7,4,0.6666666666666666,26
CHEMBL1619528,PIPENZOLATE,CC[N+]1(C)CCCC(OC(=O)C(O)(c2ccccc2)c2ccccc2)C1,3.0946000000000016,0.6629327165831495,46.53,3,1,354.4700000000001,5,3,0.4090909090909091,26
CHEMBL1619785,TALAMPICILLIN,CC1(C)S[C@@H]2[C@H](NC(=O)[C@H](N)c3ccccc3)C(=O)N2[C@H]1C(=O)OC1OC(=O)c2ccccc21,1.6458999999999995,0.4874050686571073,128.03,8,2,481.53000000000026,5,5,0.3333333333333333,34
CHEMBL1621597,IPRATROPIUM,CC(C)[N+]1(C)[C@@H]2CC[C@H]1C[C@@H](OC(=O)C(CO)c1ccccc1)C2,2.8541000000000016,0.6661029067869589,46.53,3,1,332.464,5,3,0.65,24
CHEMBL1623992,PIPERIDOLATE,CCN1CCCC(OC(=O)C(c2ccccc2)c2ccccc2)C1,3.8460000000000027,0.7829507588925876,29.54,3,0,323.4360000000001,5,3,0.38095238095238093,24
CHEMBL1624126,XANTHINOL,CN(CCO)CC(O)Cn1cnc2c1c(=O)n(C)c(=O)n2C,-2.281299999999997,0.6224968110351147,105.52000000000001,9,2,311.34200000000004,6,2,0.6153846153846154,22
CHEMBL1625607,MEBHYDROLIN,CN1CCc2c(c3ccccc3n2Cc2ccccc2)C1,3.677500000000003,0.6929793412587734,8.17,2,0,276.38300000000004,2,4,0.2631578947368421,21
CHEMBL1626223,PYRANTEL,CN1CCCN=C1/C=C/c1cccs1,2.4953000000000003,0.7256113121247147,15.6,3,0,206.31400000000002,2,2,0.36363636363636365,14
CHEMBL1626570,HEXOCYCLIUM METHYLSULFATE,COS(=O)(=O)[O-].C[N+]1(C)CCN(CC(O)(c2ccccc2)C2CCCCC2)CC1,1.939500000000001,0.43792998438214087,89.9,6,1,428.59500000000025,5,3,0.7142857142857143,29
CHEMBL1627367,FLUOROESTRADIOL,C[C@]12CC[C@@H]3c4ccc(O)cc4CC[C@H]3[C@@H]1C[C@@H](F)[C@@H]2O,3.557200000000002,0.7667792129251269,40.46,2,2,290.378,0,4,0.6666666666666666,21
CHEMBL1628227,DOXEPIN,CN(C)CCC=C1c2ccccc2COc2ccccc21,3.9624000000000033,0.8428637069733037,12.47,2,0,279.383,3,3,0.2631578947368421,21
CHEMBL1628233,FLUORESCEIN SODIUM,O=C([O-])c1ccccc1-c1c2ccc(=O)cc-2oc2cc([O-])ccc12.[Na+].[Na+],-3.990099999999998,0.2627554711395338,93.4,5,0,376.27500000000003,2,4,0.0,27
CHEMBL1628234,DOXEPIN HYDROCHLORIDE,CN(C)CCC=C1c2ccccc2COc2ccccc21.Cl,4.384200000000005,0.8329114462461583,12.47,2,0,315.844,3,3,0.2631578947368421,22
CHEMBL1628385,PROCAINE BENZYLPENICILLIN,CC1(C)S[C@@H]2[C@H](NC(=O)Cc3ccccc3)C(=O)N2[C@H]1C(=O)O.CCN(CC)CCOC(=O)c1ccc(N)cc1,2.6282000000000014,0.22319597516012454,142.27,8,3,570.7120000000003,10,4,0.4482758620689655,40
CHEMBL1628502,GABAPENTIN ENACARBIL,CC(OC(=O)NCC1(CC(=O)O)CCCCC1)OC(=O)C(C)C,2.683,0.549791661112407,101.93,5,2,329.39300000000003,7,1,0.8125,23
CHEMBL1628504,RILPIVIRINE HYDROCHLORIDE,Cc1cc(/C=C/C#N)cc(C)c1Nc1ccnc(Nc2ccc(C#N)cc2)n1.Cl,5.410900000000004,0.5534079224117106,97.42,6,2,402.88900000000007,5,3,0.09090909090909091,29
CHEMBL1630575,CASPOFUNGIN,CC[C@H](C)C[C@H](C)CCCCCCCCC(=O)N[C@H]1C[C@@H](O)[C@@H](NCCN)NC(=O)[C@@H]2[C@@H](O)CCN2C(=O)[C@H]([C@H](O)CCN)NC(=O)[C@H]([C@H](O)[C@@H](O)c2ccc(O)cc2)NC(=O)[C@@H]2C[C@@H](O)CN2C(=O)[C@H]([C@@H](C)O)NC1=O,-3.31190000000001,0.04771559004774137,412.03,18,16,1093.3310000000001,23,4,0.75,77
CHEMBL1631694,FEXINIDAZOLE,CSc1ccc(OCc2ncc([N+](=O)[O-])n2C)cc1,2.629200000000001,0.4777865565414021,70.19,6,0,279.32099999999997,5,2,0.25,19
CHEMBL1644030,POTASSIUM BROMIDE,[Br-].[K+],-5.992,0.2783838930827441,0.0,0,0,119.002,0,0,0.0,2
CHEMBL1644694,SODIUM BROMIDE,[Br-].[Na+],-5.992,0.2675942838216686,0.0,0,0,102.89399999999999,0,0,0.0,2
CHEMBL1644695,SODIUM IODIDE,[I-].[Na+],-5.992,0.23797222283926192,0.0,0,0,149.894,0,0,0.0,2
CHEMBL1650443,TRELAGLIPTIN,Cn1c(=O)cc(N2CCC[C@@H](N)C2)n(Cc2cc(F)ccc2C#N)c1=O,0.5335800000000002,0.8644112830109949,97.05000000000001,7,1,357.38900000000007,3,3,0.3888888888888889,26
CHEMBL1650559,PLAZOMICIN,CN[C@@H]1[C@@H](O)[C@@H](O[C@@H]2[C@@H](O)[C@H](O[C@H]3OC(CNCCO)=CC[C@H]3N)[C@@H](N)C[C@H]2NC(=O)[C@@H](O)CCN)OC[C@]1(C)O,-5.361100000000009,0.08911788188831485,269.29,15,11,592.6910000000003,13,3,0.88,41
CHEMBL1650619,PYRITHIONE,On1ccccc1=S,1.45489,0.4212788259507954,25.16,3,1,127.168,0,1,0.0,8
CHEMBL1650818,AMDINOCILLIN PIVOXIL,CC(C)(C)C(=O)OCOC(=O)[C@@H]1N2C(=O)[C@@H](/N=C/N3CCCCCC3)[C@H]2SC1(C)C,2.4116,0.21365479686795516,88.50999999999999,7,0,439.5780000000003,5,3,0.8095238095238095,30
CHEMBL1651906,STREPTOZOCIN,CN(N=O)C(=O)N[C@H]1C(O)O[C@H](CO)[C@@H](O)[C@@H]1O,-2.8909,0.2710418297657056,151.92,8,5,265.222,3,1,0.875,18
CHEMBL1651990,FENTICONAZOLE,Clc1ccc(C(Cn2ccnc2)OCc2ccc(Sc3ccccc3)cc2)c(Cl)c1,7.299200000000004,0.2789962154102906,27.05,4,0,455.4100000000001,8,4,0.125,30
CHEMBL1651998,TERPIN,CC1(O)CCC(C(C)(C)O)CC1,1.6985,0.6317084789754859,40.46,2,2,172.26799999999997,1,1,1.0,12
CHEMBL1673148,BEPHENIUM HYDROXYNAPHTHOATE,C[N+](C)(CCOc1ccccc1)Cc1ccccc1.O=C([O-])c1cc2ccccc2cc1O,4.250900000000005,0.433704816063434,69.59,4,1,443.5430000000002,7,4,0.17857142857142858,33
CHEMBL1683544,ERIBULIN MESYLATE,C=C1C[C@@H]2CC[C@@]34C[C@H]5O[C@H]6[C@@H](O3)[C@H]3O[C@H](CC[C@@H]3O[C@H]6[C@H]5O4)CC(=O)C[C@@H]3[C@@H](OC)[C@@H](C[C@H](O)CN)O[C@H]3C[C@H]3O[C@@H](CC[C@@H]1O2)C[C@@H](C)C3=C.CS(=O)(=O)O,2.9420000000000055,0.27594000367327964,200.75999999999996,14,3,826.015,4,10,0.8780487804878049,57
CHEMBL1683590,ERIBULIN,C=C1C[C@@H]2CC[C@@]34C[C@H]5O[C@H]6[C@@H](O3)[C@H]3O[C@H](CC[C@@H]3O[C@H]6[C@H]5O4)CC(=O)C[C@@H]3[C@@H](OC)[C@@H](C[C@H](O)CN)O[C@H]3C[C@H]3O[C@@H](CC[C@@H]1O2)C[C@@H](C)C3=C,3.438000000000005,0.40915424806111783,146.39,12,2,729.9079999999999,4,10,0.875,52
CHEMBL1688530,ORITAVANCIN,CN[C@H](CC(C)C)C(=O)N[C@H]1C(=O)N[C@@H](CC(N)=O)C(=O)N[C@H]2C(=O)N[C@H]3C(=O)N[C@H](C(=O)N[C@H](C(=O)O)c4cc(O)cc(O)c4-c4cc3ccc4O)[C@H](O[C@H]3C[C@](C)(N)[C@@H](O)[C@H](C)O3)c3ccc(c(Cl)c3)Oc3cc2cc(c3O[C@@H]2O[C@H](CO)[C@@H](O)[C@H](O)[C@H]2O[C@H]2C[C@](C)(NCc3ccc(-c4ccc(Cl)cc4)cc3)[C@@H](O)[C@H](C)O2)Oc2ccc(cc2Cl)[C@H]1O,4.495200000000004,0.05298663922376171,560.9800000000002,28,20,1793.125,19,15,0.4186046511627907,125
CHEMBL1689063,AVIBACTAM,NC(=O)[C@@H]1CC[C@@H]2CN1C(=O)N2OS(=O)(=O)O,-1.5252999999999983,0.5954486838383566,130.23999999999998,5,2,265.247,3,2,0.7142857142857143,17
CHEMBL1689772,OMADACYCLINE,CN(C)c1cc(CNCC(C)(C)C)c(O)c2c1C[C@H]1C[C@H]3[C@H](N(C)C)C(O)=C(C(N)=O)C(=O)[C@@]3(O)C(O)=C1C2=O,1.3223000000000011,0.28021986209358013,176.65999999999997,10,6,556.6600000000003,6,4,0.5517241379310345,40
CHEMBL1697686,CLOFOREX,CCOC(=O)NC(C)(C)Cc1ccc(Cl)cc1,3.4072000000000022,0.8954909293139623,38.33,2,1,255.74499999999998,4,1,0.46153846153846156,17
CHEMBL1697708,MEZLOCILLIN SODIUM,CC1(C)S[C@@H]2[C@H](NC(=O)[C@H](NC(=O)N3CCN(S(C)(=O)=O)C3=O)c3ccccc3)C(=O)N2[C@H]1C(=O)[O-].[Na+],-4.564499999999995,0.255783782341009,176.32999999999998,9,2,561.5740000000003,6,4,0.47619047619047616,37
CHEMBL1697717,CARBENOXOLONE SODIUM,CC1(C)[C@@H](OC(=O)CCC(=O)[O-])CC[C@]2(C)[C@H]3C(=O)C=C4[C@@H]5C[C@@](C)(C(=O)[O-])CC[C@]5(C)CC[C@@]4(C)[C@]3(C)CC[C@@H]12.[Na+].[Na+],-1.8330999999999915,0.2637157862283617,123.63,7,0,614.7310000000003,5,5,0.8235294117647058,43
CHEMBL1697733,ACETYLCARNITINE,CC(=O)O[C@H](CC(=O)[O-])C[N+](C)(C)C,-1.2356999999999976,0.4140603290469362,66.43,4,0,203.23799999999997,5,0,0.7777777777777778,14
CHEMBL1697737,CLOTIAZEPAM,CCc1cc2c(s1)N(C)C(=O)CN=C2c1ccccc1Cl,3.777700000000003,0.8291279321976416,32.67,3,0,318.82899999999995,2,3,0.25,21
CHEMBL1697744,ERDOSTEINE,O=C(O)CSCC(=O)NC1CCSC1=O,-0.047499999999999876,0.7106680822752744,83.47,5,2,249.313,5,1,0.625,15
CHEMBL1697751,ISAXONINE PHOSPHATE,CC(C)Nc1ncccn1.O=P(O)(O)O,0.3682999999999997,0.5469744331955912,115.57000000000001,4,4,235.17999999999998,2,1,0.42857142857142855,15
CHEMBL1697760,MUZOLIMINE,CC(c1ccc(Cl)c(Cl)c1)N1N=C(N)CC1=O,2.5589000000000013,0.8989503761193676,58.69,3,1,272.13500000000005,2,2,0.2727272727272727,17
CHEMBL1697768,SODIUM PICOSULFATE,O=S(=O)([O-])Oc1ccc(C(c2ccc(OS(=O)(=O)[O-])cc2)c2ccccn2)cc1.[Na+].[Na+],-4.0521999999999965,0.18692891895898822,145.75,9,0,481.41500000000013,7,3,0.05555555555555555,31
CHEMBL1697782,METHYLPREDNISOLONE ACEPONATE,CCC(=O)O[C@]1(C(=O)COC(C)=O)CC[C@H]2[C@@H]3C[C@H](C)C4=CC(=O)C=C[C@]4(C)[C@H]3[C@@H](O)C[C@@]21C,3.335300000000002,0.6117075536647474,106.97000000000001,7,1,472.5780000000002,5,4,0.7037037037037037,34
CHEMBL1697838,GLYMIDINE,COCCOc1cnc(NS(=O)(=O)c2ccccc2)nc1,1.3026,0.7753687205118281,90.41000000000001,6,1,309.34700000000004,7,2,0.23076923076923078,21
CHEMBL1697841,ISOMETHEPTENE,CNC(C)CCC=C(C)C,2.3407,0.5924784865667705,12.03,1,1,141.25799999999998,4,0,0.7777777777777778,10
CHEMBL1697843,METILDIGOXIN,CO[C@H]1[C@@H](O)C[C@H](O[C@H]2[C@@H](O)C[C@H](O[C@H]3[C@@H](O)C[C@H](O[C@H]4CC[C@@]5(C)[C@H](CC[C@@H]6[C@@H]5C[C@@H](O)[C@]5(C)[C@@H](C7=CC(=O)OC7)CC[C@]65O)C4)O[C@@H]3C)O[C@@H]2C)O[C@@H]1C,2.872200000000003,0.17808677623226976,192.05999999999997,14,5,794.9760000000002,8,8,0.9285714285714286,56
CHEMBL1697844,NICOFURANOSE,O=C(OC[C@H]1O[C@](O)(COC(=O)c2cccnc2)[C@@H](OC(=O)c2cccnc2)[C@@H]1OC(=O)c1cccnc1)c1cccnc1,1.8189999999999986,0.20508580357494643,186.21999999999997,14,1,600.5400000000002,10,5,0.2,44
CHEMBL1697851,THIOPROPAZATE,CC(=O)OCCN1CCN(CCCN2c3ccccc3Sc3ccc(Cl)cc32)CC1,4.513500000000004,0.5832256435008212,36.02,6,0,446.01600000000025,7,4,0.43478260869565216,30
CHEMBL1697856,BUCETIN,CCOc1ccc(NC(=O)CC(C)O)cc1,1.7946999999999997,0.7997653564611941,58.56,3,2,223.272,5,1,0.4166666666666667,16
CHEMBL1707007,GLUCOSAMINE HYDROCHLORIDE,Cl.N[C@H]1C(O)O[C@H](CO)[C@@H](O)[C@@H]1O,-2.8332,0.32200263729921563,116.17000000000002,6,5,215.63299999999998,1,1,1.0,13
CHEMBL1711280,DOTHIEPIN HYDROCHLORIDE,CN(C)CC/C=C1\c2ccccc2CSc2ccccc21.Cl,5.097500000000005,0.7696126013891563,3.24,2,0,331.912,3,3,0.2631578947368421,22
CHEMBL1712842,MEPAZINE ACETATE,CC(=O)O.CN1CCCC(CN2c3ccccc3Sc3ccccc32)C1,4.722000000000004,0.8283727678319781,43.78,4,1,370.51800000000014,2,4,0.38095238095238093,26
CHEMBL1722209,TOLTERODINE TARTRATE,Cc1ccc(O)c([C@H](CCN(C(C)C)C(C)C)c2ccccc2)c1.O=C(O)C(O)C(O)C(=O)O,3.2188200000000005,0.3530478907068304,138.53,6,5,475.5820000000001,10,2,0.46153846153846156,34
CHEMBL1723241,SULFACETAMIDE SODIUM,CC(=O)[N-]S(=O)(=O)c1ccc(N)cc1.O.[Na+],-2.9429999999999987,0.4475534051423624,122.83,4,1,254.243,2,1,0.125,16
CHEMBL1725730,LEVOMEPROMAZINE MALEATE,COc1ccc2c(c1)N(C[C@H](C)CN(C)C)c1ccccc1S2.O=C(O)/C=C\C(=O)O,4.2074000000000025,0.6141261632154846,90.31000000000002,6,2,444.5530000000001,7,3,0.30434782608695654,31
CHEMBL1738797,ALECTINIB,CCc1cc2c(cc1N1CCC(N3CCOCC3)CC1)C(C)(C)c1[nH]c3cc(C#N)ccc3c1C2=O,4.773280000000004,0.5820901201895605,72.36,5,1,482.62800000000027,3,6,0.4666666666666667,36
CHEMBL1738990,LEVOPROPOXYPHENE,CCC(=O)O[C@@](Cc1ccccc1)(c1ccccc1)[C@@H](C)CN(C)C,4.275500000000004,0.6725578996267864,29.54,3,0,339.47900000000016,8,2,0.4090909090909091,25
CHEMBL1740513,ISAXONINE,CC(C)Nc1ncccn1,1.2969,0.667174828603554,37.81,3,1,137.18599999999998,2,1,0.42857142857142855,10
CHEMBL1740659,FURSULTIAMINE,C/C(=C(/CCO)SSCC1CCCO1)N(C=O)Cc1cnc(C)nc1N,2.49992,0.45782310170697527,101.57000000000001,8,2,398.55400000000014,10,2,0.5882352941176471,26
CHEMBL1741134,PICOSULFURIC ACID,O=S(=O)(O)Oc1ccc(C(c2ccc(OS(=O)(=O)O)cc2)c2ccccn2)cc1,2.625000000000001,0.5336749188726526,140.09,7,2,437.4510000000001,7,3,0.05555555555555555,29
CHEMBL1742423,BILASTINE,CCOCCn1c(C2CCN(CCc3ccc(C(C)(C)C(=O)O)cc3)CC2)nc2ccccc21,4.857100000000004,0.43518886782933736,67.59,5,1,463.62200000000024,10,4,0.5,34
CHEMBL1742424,CELIPROLOL HYDROCHLORIDE,CCN(CC)C(=O)Nc1ccc(OCC(O)CNC(C)(C)C)c(C(C)=O)c1.Cl,3.312500000000002,0.5380285534532894,90.9,5,3,415.96200000000016,9,1,0.6,28
CHEMBL1742471,EBROTIDINE,NC(N)=Nc1nc(CSCCN/C=N/S(=O)(=O)c2ccc(Br)cc2)cs1,2.0505,0.28572855672164404,135.82,6,3,477.4350000000001,9,2,0.21428571428571427,26
CHEMBL1744447,ROSUVASTATIN CALCIUM,CC(C)c1nc(N(C)S(C)(=O)=O)nc(-c2ccc(F)cc2)c1/C=C/[C@@H](O)C[C@@H](O)CC(=O)[O-].CC(C)c1nc(N(C)S(C)(=O)=O)nc(-c2ccc(F)cc2)c1/C=C/[C@@H](O)C[C@@H](O)CC(=O)[O-].[Ca+2],1.7532000000000014,0.09178884090998568,287.49999999999994,16,4,1001.154,20,4,0.4090909090909091,67
CHEMBL1770248,ERTUGLIFLOZIN,CCOc1ccc(Cc2cc([C@]34OC[C@](CO)(O3)[C@@H](O)[C@H](O)[C@H]4O)ccc2Cl)cc1,1.3564999999999994,0.5410269555469095,108.61000000000001,7,4,436.88800000000003,6,4,0.45454545454545453,30
CHEMBL1774461,FLORBETAPIR F 18,CNc1ccc(/C=C/c2ccc(OCCOCCOCC[18F])nc2)cc1,3.675200000000003,0.5861041649618527,52.61,5,1,359.43193800000006,12,2,0.35,26
CHEMBL1779710,EVOGLIPTIN,CC(C)(C)OC[C@@H]1C(=O)NCCN1C(=O)C[C@H](N)Cc1cc(F)c(F)cc1F,1.5058999999999998,0.7080058183766962,84.66,4,2,401.4290000000001,6,2,0.5789473684210527,28
CHEMBL1788132,LOFEXIDINE HYDROCHLORIDE,CC(Oc1c(Cl)cccc1Cl)C1=NCCN1.Cl,3.184200000000002,0.9289602857046944,33.62,3,1,295.5969999999999,3,2,0.36363636363636365,17
CHEMBL1788385,TILBROQUINOL,Cc1cc(Br)c(O)c2ncccc12,3.0113200000000004,0.7647021848838895,33.120000000000005,2,1,238.08400000000003,0,2,0.1,13
CHEMBL1788386,TETRAMETHRIN,CC(C)=CC1C(C(=O)OCN2C(=O)C3=C(CCCC3)C2=O)C1(C)C,2.964900000000002,0.4512449888230305,63.68,4,0,331.4120000000001,4,3,0.631578947368421,24
CHEMBL1788403,BIOALLETHRIN,C=CCC1=C(C)C(OC(=O)[C@@H]2[C@@H](C=C(C)C)C2(C)C)CC1=O,4.002000000000003,0.5692267993614909,43.370000000000005,3,0,302.41400000000004,5,2,0.5789473684210527,22
CHEMBL1789842,INDACATEROL MALEATE,CCc1cc2c(cc1CC)CC(NC[C@H](O)c1ccc(O)c3[nH]c(=O)ccc13)C2.O=C(O)/C=C\C(=O)O,2.8607000000000005,0.25335915824570626,159.95,6,6,508.57100000000025,8,4,0.32142857142857145,37
CHEMBL1789941,RUXOLITINIB,N#CC[C@H](C1CCCC1)n1cc(-c2ncnc3[nH]ccc23)cn1,3.466380000000001,0.7996787783250496,83.17999999999999,5,1,306.37300000000005,4,4,0.4117647058823529,23
CHEMBL1790041,RANITIDINE,CNC(=C[N+](=O)[O-])NCCSCc1ccc(CN(C)C)o1,1.4589999999999999,0.38410287831471035,83.58,7,2,314.411,10,1,0.5384615384615384,21
CHEMBL1795071,RUXOLITINIB PHOSPHATE,N#CC[C@H](C1CCCC1)n1cc(-c2ncnc3[nH]ccc23)cn1.O=P(O)(O)O,2.537780000000001,0.4823742806551247,160.94,6,4,404.3670000000001,4,4,0.4117647058823529,28
CHEMBL1796997,HELIUM,[He],0.0,0.3407358358967809,0.0,0,0,4.003,0,0,0.0,1
CHEMBL1796998,SULFUR HEXAFLUORIDE,FS(F)(F)(F)(F)F,3.1693999999999996,0.4601519369796084,0.0,0,0,146.055,0,0,0.0,7
CHEMBL1800159,RELUGOLIX,CONC(=O)Nc1ccc(-c2sc3c(c2CN(C)C)c(=O)n(-c2ccc(OC)nn2)c(=O)n3Cc2c(F)cccc2F)cc1,3.7505000000000024,0.23748985703029515,132.61,11,2,623.6420000000004,9,5,0.20689655172413793,44
CHEMBL1801800,METABROMSALAN,O=C(Nc1ccccc1)c1cc(Br)cc(Br)c1O,4.169500000000002,0.832922589957721,49.33,2,2,371.028,2,2,0.0,18
CHEMBL1808388,BEXAGLIFLOZIN,OC[C@H]1O[C@@H](c2ccc(Cl)c(Cc3ccc(OCCOC4CC4)cc3)c2)[C@H](O)[C@@H](O)[C@@H]1O,2.0034999999999994,0.42019865340951457,108.61000000000001,7,4,464.9420000000002,9,4,0.5,32
CHEMBL1834657,INFIGRATINIB PHOSPHATE,CCN1CCN(c2ccc(Nc3cc(N(C)C(=O)Nc4c(Cl)c(OC)cc(OC)c4Cl)ncn3)cc2)CC1.O=P(O)(O)O,4.425800000000005,0.2161004886034525,172.84999999999997,9,5,658.4800000000004,8,4,0.34615384615384615,43
CHEMBL1852688,INFIGRATINIB,CCN1CCN(c2ccc(Nc3cc(N(C)C(=O)Nc4c(Cl)c(OC)cc(OC)c4Cl)ncn3)cc2)CC1,5.354400000000004,0.380779207837911,95.09,8,2,560.4860000000001,8,4,0.34615384615384615,38
CHEMBL1863513,INGENOL MEBUTATE,C/C=C(/C)C(=O)O[C@H]1C(C)=C[C@]23C(=O)[C@@H](C=C(CO)[C@@H](O)[C@]12O)[C@H]1[C@@H](C[C@H]3C)C1(C)C,2.3323,0.36069804894300933,104.06000000000002,6,3,430.54100000000017,3,4,0.68,31
CHEMBL1868702,GESTRINONE,C#C[C@]1(O)CC[C@H]2[C@@H]3CCC4=CC(=O)CCC4=C3C=C[C@@]21CC,3.722800000000003,0.7496125838587024,37.3,2,1,308.42100000000005,1,4,0.5714285714285714,23
CHEMBL1870768,DIMETHINDENE MALEATE,CC(C1=C(CCN(C)C)Cc2ccccc21)c1ccccn1.O=C(O)/C=C\C(=O)O,3.858500000000002,0.6763297585028271,90.73,4,2,408.4980000000001,7,3,0.2916666666666667,30
CHEMBL1873475,IBRUTINIB,C=CC(=O)N1CCC[C@@H](n2nc(-c3ccc(Oc4ccccc4)cc3)c3c(N)ncnc32)C1,4.2173000000000025,0.4667032430058404,99.16,7,1,440.5070000000002,5,5,0.2,33
CHEMBL1874750,CINEPAZIDE,COc1cc(/C=C/C(=O)N2CCN(CC(=O)N3CCCC3)CC2)cc(OC)c1OC,1.4922000000000002,0.6263510139527446,71.55000000000001,6,0,417.50600000000026,7,3,0.5454545454545454,30
CHEMBL1887891,DEXFENFLURAMINE HYDROCHLORIDE,CCN[C@@H](C)Cc1cccc(C(F)(F)F)c1.Cl,3.667700000000003,0.8777404716697845,12.03,1,1,267.7219999999999,4,1,0.5,17
CHEMBL1888176,TROSPIUM,O=C(O[C@H]1C[C@H]2CC[C@@H](C1)[N+]21CCCC1)C(O)(c1ccccc1)c1ccccc1,3.769700000000003,0.6364424954881173,46.53,3,1,392.519,4,5,0.48,29
CHEMBL1889140,ROPIVACAINE HYDROCHLORIDE,CCCN1CCCC[C@H]1C(=O)Nc1c(C)cccc1C.Cl,3.928240000000003,0.9136323198116438,32.34,2,1,310.86899999999997,4,2,0.5882352941176471,21
CHEMBL1889436,OUABAIN OCTAHYDRATE,C[C@@H]1O[C@@H](O[C@H]2C[C@@H](O)[C@]3(CO)[C@H]4[C@H](O)C[C@]5(C)[C@@H](C6=CC(=O)OC6)CC[C@]5(O)[C@@H]4CC[C@]3(O)C2)[C@H](O)[C@H](O)[C@H]1O.O.O.O.O.O.O.O.O,-8.112599999999986,0.09882387601855845,458.59999999999997,12,8,728.7790000000005,4,6,0.896551724137931,49
CHEMBL1898387,MEXENONE,COc1ccc(C(=O)c2ccc(C)cc2)c(O)c1,2.940220000000001,0.8416077318632275,46.53,3,1,242.274,3,2,0.13333333333333333,18
CHEMBL1899801,PERFLENAPENT,FC(F)(F)C(F)(F)C(F)(F)C(F)(F)C(F)(F)F,4.0169,0.6732319281386244,0.0,0,0,288.03099999999995,2,0,1.0,17
CHEMBL1900528,TIOTROPIUM,C[N+]1(C)[C@@H]2C[C@@H](OC(=O)C(O)(c3cccs3)c3cccs3)C[C@H]1[C@@H]1O[C@@H]12,2.3457,0.492985025398511,59.06,6,1,392.5220000000001,4,5,0.5263157894736842,26
CHEMBL1905872,DOCUSATE SODIUM,CCCCC(CC)COC(=O)CC(C(=O)OCC(CC)CCCC)S(=O)(=O)[O-].[Na+],0.8135000000000032,0.19682610404110115,109.80000000000001,7,0,444.56600000000026,16,0,0.9,29
CHEMBL1908307,FLOSEQUINAN,Cn1cc([S+](C)[O-])c(=O)c2ccc(F)cc21,1.4150000000000003,0.7063065852699846,45.06,3,0,239.271,1,2,0.18181818181818182,16
CHEMBL1908315,GEMEPROST,CCCCC(C)(C)[C@H](O)/C=C/[C@H]1[C@H](O)CC(=O)[C@@H]1CCCC/C=C/C(=O)OC,3.9756000000000036,0.22638191261775992,83.83,5,2,394.55200000000025,12,1,0.7391304347826086,28
CHEMBL1908348,SPARTEINE SULFATE,C1CCN2C[C@@H]3C[C@@H](CN4CCCC[C@@H]34)[C@H]2C1.O.O.O.O.O.O=S(=O)(O)O,-2.4311999999999974,0.40153283268991413,238.57999999999998,4,2,422.5410000000001,0,4,1.0,27
CHEMBL1908359,SODIUM MONOFLUOROPHOSPHATE,O=P([O-])([O-])F.[Na+].[Na+],-7.2074,0.25037986816696195,63.19,3,0,143.949,0,0,0.0,7
CHEMBL1908360,EVEROLIMUS,CO[C@H]1C[C@@H]2CC[C@@H](C)[C@@](O)(O2)C(=O)C(=O)N2CCCC[C@H]2C(=O)O[C@H]([C@H](C)C[C@@H]2CC[C@@H](OCCO)[C@H](OC)C2)CC(=O)[C@H](C)/C=C(\C)[C@@H](O)[C@@H](OC)C(=O)[C@H](C)C[C@H](C)/C=C/C=C/C=C/1C,6.197200000000008,0.13392386914137677,204.65999999999994,14,3,958.2400000000001,9,4,0.7547169811320755,68
CHEMBL1908361,LEVOLEUCOVORIN CALCIUM,Nc1nc(=O)c2c([nH]1)NC[C@H](CNc1ccc(C(=O)N[C@@H](CCC(=O)[O-])C(=O)[O-])cc1)N2C=O.[Ca+2],-3.7812999999999963,0.1535621111691649,225.5,11,5,511.50800000000027,10,3,0.3,35
CHEMBL1908370,FINAFLOXACIN,N#Cc1c(N2C[C@@H]3NCCO[C@H]3C2)c(F)cc2c(=O)c(C(=O)O)cn(C3CC3)c12,1.2223799999999996,0.8004830461259081,107.59,7,2,398.3940000000002,3,5,0.45,29
CHEMBL1908373,ONAPRISTONE,CN(C)c1ccc([C@H]2C[C@]3(C)[C@@H](CC[C@]3(O)CCCO)[C@@H]3CCC4=CC(=O)CCC4=C32)cc1,5.155700000000006,0.6521797320674588,60.77,4,2,449.6350000000003,5,5,0.6206896551724138,33
CHEMBL1908377,PYRVINIUM PAMOATE,Cc1cc(/C=C/c2ccc3cc(N(C)C)ccc3[n+]2C)c(C)n1-c1ccccc1.Cc1cc(/C=C/c2ccc3cc(N(C)C)ccc3[n+]2C)c(C)n1-c1ccccc1.O=C([O-])c1cc2ccccc2c(Cc2c(O)c(C(=O)[O-])cc3ccccc23)c1O,12.338479999999983,0.11507914102535889,144.82,10,2,1151.4209999999996,12,12,0.14666666666666667,87
CHEMBL1908391,MASITINIB,Cc1ccc(NC(=O)c2ccc(CN3CCN(C)CC3)cc2)cc1Nc1nc(-c2cccnc2)cs1,5.256820000000005,0.3622966712802839,73.39000000000001,7,2,498.6560000000002,7,5,0.25,36
CHEMBL1908841,LEVOLEUCOVORIN,Nc1nc(=O)c2c([nH]1)NC[C@H](CNc1ccc(C(=O)N[C@@H](CCC(=O)O)C(=O)O)cc1)N2C=O,-0.7310999999999974,0.21313148229853152,219.83999999999997,9,7,473.4460000000002,10,3,0.3,34
CHEMBL1908847,SPARTEINE,C1CCN2C[C@@H]3C[C@@H](CN4CCCC[C@@H]34)[C@H]2C1,2.3451000000000004,0.6346303202150081,6.48,2,0,234.38699999999992,0,4,1.0,17
CHEMBL1908906,FLORBETABEN,CNc1ccc(/C=C/c2ccc(OCCOCCOCCF)cc2)cc1,4.280200000000003,0.4535162810194213,39.72,4,1,359.44100000000003,12,2,0.3333333333333333,26
CHEMBL1908917,FLUCICLOVINE,N[C@]1(C(=O)O)C[C@@H](F)C1,-0.09960000000000035,0.524648362823621,63.32000000000001,2,2,133.12199999999999,1,1,0.8,9
CHEMBL1908919,FLORBETAPIR,CNc1ccc(/C=C/c2ccc(OCCOCCOCCF)nc2)cc1,3.675200000000003,0.5854024605222118,52.61,5,1,360.42900000000003,12,2,0.35,26
CHEMBL1909072,PIPAMAZINE,NC(=O)C1CCN(CCCN2c3ccccc3Sc3ccc(Cl)cc32)CC1,4.530100000000004,0.7991071066708418,49.57000000000001,4,1,401.96300000000025,5,4,0.38095238095238093,27
CHEMBL1909282,FENCLOZIC ACID,O=C(O)Cc1csc(-c2ccc(Cl)cc2)n1,3.090600000000001,0.9145379897097851,50.19,3,1,253.71,3,2,0.09090909090909091,16
CHEMBL1909283,MEBANAZINE,CC(NN)c1ccccc1,1.2109,0.47347438835475697,38.05,2,2,136.19799999999998,2,1,0.25,10
CHEMBL1909285,NITREFAZOLE,Cc1nc([N+](=O)[O-])cn1-c1ccc([N+](=O)[O-])cc1,1.9971199999999998,0.6097401377249373,104.1,6,0,248.198,3,2,0.1,18
CHEMBL1909286,PHENOXYPROPAZINE,CC(COc1ccccc1)NN,0.9172000000000002,0.5161658885951212,47.28,3,2,166.224,4,1,0.3333333333333333,12
CHEMBL1909288,TRIACETYLDIPHENOLISATIN,CC(=O)Oc1ccc(C2(c3ccc(OC(C)=O)cc3)C(=O)N(C(C)=O)c3ccccc32)cc1,3.764700000000003,0.4505350553443188,89.97999999999999,6,0,443.45500000000015,4,4,0.15384615384615385,33
CHEMBL1909289,XENAZOIC ACID,CCOC(Nc1ccc(C(=O)O)cc1)C(=O)c1ccc(-c2ccccc2)cc1,4.709200000000003,0.4404838614326969,75.63,4,2,375.42400000000004,8,3,0.13043478260869565,28
CHEMBL1909298,PINAVERIUM BROMIDE,COc1cc(Br)c(C[N+]2(CCOCCC3CCC4CC3C4(C)C)CCOCC2)cc1OC.[Br-],2.2963000000000013,0.30953975037902987,36.92,4,0,591.4250000000004,10,5,0.7692307692307693,33
CHEMBL1909324,PINAVERIUM,COc1cc(Br)c(C[N+]2(CCOCCC3CCC4CC3C4(C)C)CCOCC2)cc1OC,5.292300000000005,0.31604044484935234,36.92,4,0,511.52100000000047,10,5,0.7692307692307693,32
CHEMBL1929396,ANAGLIPTIN,Cc1cc2ncc(C(=O)NCC(C)(C)NCC(=O)N3CCC[C@H]3C#N)cn2n1,0.6503000000000008,0.75673864759418,115.42,7,2,383.45600000000013,6,3,0.5263157894736842,28
CHEMBL1945778,IOFLUPANE,COC(=O)[C@H]1[C@@H](c2ccc(I)cc2)C[C@@H]2CC[C@H]1N2CCCF,3.7603000000000026,0.5255457705047858,29.54,3,0,431.2890000000002,5,3,0.6111111111111112,23
CHEMBL1946170,REGORAFENIB,CNC(=O)c1cc(Oc2ccc(NC(=O)Nc3ccc(Cl)c(C(F)(F)F)c3)c(F)c2)ccn1,5.688800000000002,0.40735964520341955,92.35000000000001,4,3,482.82100000000014,5,3,0.09523809523809523,33
CHEMBL1950576,DIHYDROSTREPTOMYCIN,CN[C@@H]1[C@H](O[C@H]2[C@H](O[C@H]3[C@H](O)[C@@H](O)[C@H](NC(=N)N)[C@@H](O)[C@@H]3NC(=N)N)O[C@@H](C)[C@]2(O)CO)O[C@@H](CO)[C@H](O)[C@H]1O,-7.948360000000005,0.08841059019741007,334.5900000000001,15,15,583.5960000000005,9,3,0.9047619047619048,40
CHEMBL1951071,ARFORMOTEROL TARTRATE,COc1ccc(C[C@@H](C)NC[C@H](O)c2ccc(O)c(NC=O)c2)cc1.O=C(O)C(O)C(O)C(=O)O,0.10070000000000023,0.1466315351477121,205.87999999999994,9,8,494.4970000000002,12,2,0.34782608695652173,35
CHEMBL1951095,ERAVACYCLINE,CN(C)[C@@H]1C(O)=C(C(N)=O)C(=O)[C@@]2(O)C(O)=C3C(=O)c4c(O)c(NC(=O)CN5CCCC5)cc(F)c4C[C@H]3C[C@@H]12,0.29400000000000115,0.21610433599038925,193.73,10,6,558.5630000000002,5,5,0.48148148148148145,40
CHEMBL1963681,AVANAFIL,COc1ccc(CNc2nc(N3CCC[C@H]3CO)ncc2C(=O)NCc2ncccn2)cc1Cl,2.4318,0.42031663549016557,125.39000000000001,9,3,483.96000000000015,9,4,0.34782608695652173,34
CHEMBL1963683,TAFLUPROST,CC(C)OC(=O)CCC/C=C\C[C@@H]1[C@@H](/C=C/C(F)(F)COc2ccccc2)[C@H](O)C[C@@H]1O,4.683000000000005,0.27355362246666154,75.99000000000001,5,2,452.5380000000002,12,2,0.56,32
CHEMBL1983268,ENTRECTINIB,CN1CCN(c2ccc(C(=O)Nc3n[nH]c4ccc(Cc5cc(F)cc(F)c5)cc34)c(NC3CCOCC3)c2)CC1,5.026900000000005,0.2942436042587454,85.52,6,3,560.6490000000001,7,6,0.3548387096774194,41
CHEMBL1983350,STIRIPENTOL,CC(C)(C)C(O)/C=C/c1ccc2c(c1)OCO2,2.8355000000000015,0.8547782410682304,38.69,3,1,234.29499999999996,2,2,0.42857142857142855,17
CHEMBL1985928,METHOXYPHENAMINE HYDROCHLORIDE,CNC(C)Cc1ccccc1OC.Cl,2.2674000000000007,0.8323014558940134,21.259999999999998,2,1,215.724,4,1,0.45454545454545453,14
CHEMBL1987462,BAMETHAN,CCCCNCC(O)c1ccc(O)cc1,1.8152999999999997,0.6262937744929555,52.489999999999995,3,3,209.289,6,1,0.5,15
CHEMBL1998966,PIFOXIME,C/C(=N\O)c1ccc(OCC(=O)N2CCCCC2)cc1,2.2761000000000005,0.5211100669428534,62.13000000000001,4,1,276.3359999999999,4,2,0.4666666666666667,20
CHEMBL2000813,RIMITEROL HYDROBROMIDE,Br.Oc1ccc(C(O)C2CCCCN2)cc1O,1.8512,0.6293202524475725,72.72,4,4,304.18399999999997,2,2,0.5,17
CHEMBL2003538,CETYLPYRIDINIUM CHLORIDE,CCCCCCCCCCCCCCCC[n+]1ccccc1.O.[Cl-],2.6347000000000005,0.34152993120838626,35.38,0,0,358.01,15,1,0.7619047619047619,24
CHEMBL2004297,SULFIRAM,CCN(CC)C(=S)SC(=S)N(CC)CC,2.9730000000000016,0.718116509373947,6.48,3,0,264.485,4,0,0.8,15
CHEMBL2005186,BELUMOSUDIL,CC(C)NC(=O)COc1cccc(-c2nc(Nc3ccc4[nH]ncc4c3)c3ccccc3n2)c1,4.820100000000003,0.32700640037012135,104.82,6,3,452.51800000000014,7,5,0.15384615384615385,34
CHEMBL2009089,SELENIOUS ACID,O=[Se](O)O,-1.6136000000000001,0.3864837602938469,57.53,1,2,128.97299999999998,0,0,0.0,4
CHEMBL2010507,METHOXYPHENAMINE,CNC(C)Cc1ccccc1OC,1.8456,0.7612329569387355,21.259999999999998,2,1,179.26299999999998,4,1,0.45454545454545453,13
CHEMBL2010601,IVACAFTOR,CC(C)(C)c1cc(C(C)(C)C)c(NC(=O)c2c[nH]c3ccccc3c2=O)cc1O,5.081000000000005,0.5686031632470885,82.19,3,3,392.49900000000014,2,3,0.3333333333333333,29
CHEMBL2018096,IPRAGLIFLOZIN,OC[C@H]1O[C@@H](c2ccc(F)c(Cc3cc4ccccc4s3)c2)[C@H](O)[C@@H](O)[C@@H]1O,2.1461,0.5350799042727957,90.15,6,4,404.459,4,4,0.3333333333333333,28
CHEMBL2021422,FOSPROPOFOL DISODIUM,CC(C)c1cccc(C(C)C)c1OCOP(=O)([O-])[O-].[Na+].[Na+],-3.8769999999999962,0.30243207447165954,81.65,5,0,332.24399999999997,6,1,0.5384615384615384,21
CHEMBL2021423,MAGNESIUM SULFATE ANHYDROUS,O=S(=O)([O-])[O-].[Mg+2],-1.7187999999999997,0.21634004525795947,80.26,4,0,120.368,0,0,0.0,6
CHEMBL2021424,POTASSIUM SULFATE,O=S(=O)([O-])[O-].[K+].[K+],-7.33,0.2075047553188194,80.26,4,0,174.25900000000001,0,0,0.0,7
CHEMBL2021430,DEXAMETHASONE SODIUM PHOSPHATE,C[C@@H]1C[C@H]2[C@@H]3CCC4=CC(=O)C=C[C@]4(C)[C@@]3(F)[C@@H](O)C[C@]2(C)[C@@]1(O)C(=O)COP(=O)([O-])[O-].[Na+].[Na+],-5.243299999999994,0.278514355874111,147.02,8,2,516.4100000000003,4,4,0.7272727272727273,34
CHEMBL2023895,HYDROXYSTILBAMIDINE ISETHIONATE,N=C(N)c1ccc(/C=C/c2ccc(C(=N)N)cc2O)cc1.O=S(=O)(O)CCO.O=S(=O)(O)CCO,-0.13625999999999872,0.09336673583023482,269.16999999999996,9,9,532.5970000000002,8,2,0.2,35
CHEMBL2023898,DACLATASVIR,COC(=O)N[C@H](C(=O)N1CCC[C@H]1c1ncc(-c2ccc(-c3ccc(-c4cnc([C@@H]5CCCN5C(=O)[C@@H](NC(=O)OC)C(C)C)[nH]4)cc3)cc2)[nH]1)C(C)C,6.222000000000006,0.14029818549104897,174.63999999999996,8,4,738.8900000000001,11,6,0.45,54
CHEMBL2024517,CARIPRAZINE HYDROCHLORIDE,CN(C)C(=O)N[C@H]1CC[C@H](CCN2CCN(c3cccc(Cl)c3Cl)CC2)CC1.Cl,4.757300000000005,0.6841920435096037,38.82000000000001,3,1,463.88100000000014,5,3,0.6666666666666666,29
CHEMBL2028019,CARIPRAZINE,CN(C)C(=O)N[C@H]1CC[C@H](CCN2CCN(c3cccc(Cl)c3Cl)CC2)CC1,4.335500000000003,0.7602495439352746,38.82000000000001,3,1,427.4200000000002,5,3,0.6666666666666666,28
CHEMBL2028661,AZILSARTAN MEDOXOMIL,CCOc1nc2cccc(C(=O)OCc3oc(=O)oc3C)c2n1Cc1ccc(-c2ccccc2-c2noc(=O)[nH]2)cc1,4.705220000000004,0.242490769835421,155.58999999999997,11,1,568.5420000000003,9,6,0.16666666666666666,42
CHEMBL2028663,DABRAFENIB,CC(C)(C)c1nc(-c2cccc(NS(=O)(=O)c3c(F)cccc3F)c2F)c(-c2ccnc(N)n2)s1,5.364900000000003,0.3670492157866047,110.86,7,2,519.5740000000002,5,4,0.17391304347826086,35
CHEMBL2028850,ICATIBANT,N=C(N)NCCC[C@@H](N)C(=O)N[C@@H](CCCNC(=N)N)C(=O)N1CCC[C@H]1C(=O)N1C[C@H](O)C[C@H]1C(=O)NCC(=O)N[C@@H](Cc1cccs1)C(=O)N[C@@H](CO)C(=O)N1Cc2ccccc2C[C@@H]1C(=O)N1[C@H](C(=O)N[C@@H](CCCNC(=N)N)C(=O)O)C[C@@H]2CCCC[C@@H]21,-4.393990000000023,0.01994958649189184,516.2199999999999,17,18,1304.5480000000007,30,7,0.6101694915254238,92
CHEMBL2028852,ICATIBANT ACETATE,CC(=O)O.N=C(N)NCCC[C@@H](N)C(=O)N[C@@H](CCCNC(=N)N)C(=O)N1CCC[C@H]1C(=O)N1C[C@H](O)C[C@H]1C(=O)NCC(=O)N[C@@H](Cc1cccs1)C(=O)N[C@@H](CO)C(=O)N1Cc2ccccc2C[C@@H]1C(=O)N1[C@H](C(=O)N[C@@H](CCCNC(=N)N)C(=O)O)C[C@@H]2CCCC[C@@H]21,-4.303090000000023,0.019985458882047145,553.52,18,19,1364.6000000000008,30,7,0.6065573770491803,96
CHEMBL2028987,DEGARELIX ACETATE,CC(=O)N[C@H](Cc1ccc2ccccc2c1)C(=O)N[C@H](Cc1ccc(Cl)cc1)C(=O)N[C@H](Cc1cccnc1)C(=O)N[C@@H](CO)C(=O)N[C@@H](Cc1ccc(NC(=O)[C@@H]2CC(=O)NC(=O)N2)cc1)C(=O)N[C@H](Cc1ccc(NC(N)=O)cc1)C(=O)N[C@@H](CC(C)C)C(=O)N[C@@H](CCCCNC(C)C)C(=O)N1CCC[C@H]1C(=O)N[C@H](C)C(N)=O.CC(=O)O,1.6055999999999873,0.02424257561708847,550.1699999999998,19,18,1692.3410000000001,41,8,0.4166666666666667,121
CHEMBL2035187,PACRITINIB,C1=N/C2=N/c3ccc(OCCN4CCCC4)c(c3)COC/C=C/COCc3cccc(c3)C(=C1)N2,4.466800000000004,0.6655052785203615,67.68,7,1,472.58900000000017,4,5,0.35714285714285715,35
CHEMBL2040682,CICLESONIDE,CC(C)C(=O)OCC(=O)[C@@]12O[C@H](C3CCCCC3)O[C@@H]1C[C@H]1[C@@H]3CCC4=CC(=O)C=C[C@]4(C)[C@H]3[C@@H](O)C[C@@]12C,4.703900000000005,0.5046539264256359,99.13000000000001,7,1,540.6970000000002,5,6,0.78125,39
CHEMBL2042122,FLUTEMETAMOL F 18,CNc1ccc(-c2nc3ccc(O)cc3s2)cc1[18F],3.8497000000000012,0.7451263884562822,45.150000000000006,4,2,273.322938,2,3,0.07142857142857142,19
CHEMBL2043437,GLASDEGIB,CN1CC[C@@H](NC(=O)Nc2ccc(C#N)cc2)C[C@@H]1c1nc2ccccc2[nH]1,3.391580000000002,0.6545376127478132,96.84,4,3,374.4480000000001,3,4,0.2857142857142857,28
CHEMBL2048028,LIFITEGRAST,CS(=O)(=O)c1cccc(C[C@H](NC(=O)c2c(Cl)cc3c(c2Cl)CCN(C(=O)c2ccc4ccoc4c2)C3)C(=O)O)c1,4.767300000000004,0.3061280755255257,133.99,6,2,615.4910000000003,7,5,0.20689655172413793,41
CHEMBL2048484,CANAGLIFLOZIN ANHYDROUS,Cc1ccc([C@@H]2O[C@H](CO)[C@@H](O)[C@H](O)[C@H]2O)cc1Cc1ccc(-c2ccc(F)cc2)s1,2.968320000000001,0.48591581732684125,90.15,6,4,444.52400000000017,5,4,0.3333333333333333,31
CHEMBL2062163,PHENDIMETRAZINE TARTRATE,C[C@H]1[C@H](c2ccccc2)OCCN1C.O=C(O)C(O)C(O)C(=O)O,-0.04439999999999955,0.6004203687413272,127.53000000000002,6,4,341.36,4,2,0.5,24
CHEMBL2062257,BRIMONIDINE TARTRATE,Brc1c(NC2=NCCN2)ccc2nccnc12.O=C(O)C(O)C(O)C(=O)O,-0.35920000000000046,0.36652609403734093,177.26,9,6,442.22600000000017,4,3,0.26666666666666666,27
CHEMBL2062262,METARAMINOL BITARTRATE,C[C@H](N)[C@H](O)c1cccc(O)c1.O=C(O)C(O)C(O)C(=O)O,-1.3497999999999999,0.34500130249562344,181.54,7,7,317.29400000000004,5,1,0.38461538461538464,22
CHEMBL2062263,CYSTEAMINE BITARTRATE,NCCS.O=C(O)C(O)C(O)C(=O)O,-2.2476999999999996,0.2979156244000035,141.08,6,6,227.238,4,0,0.6666666666666666,14
CHEMBL2062264,PHENYLEPHRINE BITARTRATE,CNC[C@H](O)c1cccc(O)c1.O=C(O)C(O)C(O)C(=O)O,-1.4775999999999998,0.33078359363220766,167.54999999999998,7,7,317.29400000000004,6,1,0.38461538461538464,22
CHEMBL2062266,DIHYDROCODEINE BITARTRATE,COc1ccc2c3c1O[C@H]1[C@@H](O)CC[C@H]4[C@@H](C2)N(C)CC[C@@]341.O=C(O)C(O)C(O)C(=O)O,-0.39749999999999847,0.40806384652842553,156.99,8,5,451.4720000000002,4,5,0.6363636363636364,32
CHEMBL2062276,LEVALLORPHAN TARTRATE,C=CCN1CC[C@]23CCCC[C@H]2[C@H]1Cc1ccc(O)cc13.O=C(O)C(O)C(O)C(=O)O,1.5139999999999998,0.440653415989859,138.53,6,5,433.50100000000015,5,4,0.5652173913043478,31
CHEMBL2062335,METOPROLOL TARTRATE,COCCc1ccc(OCC(O)CNC(C)C)cc1.COCCc1ccc(OCC(O)CNC(C)C)cc1.O=C(O)C(O)C(O)C(=O)O,1.103800000000005,0.09246786420474246,216.49999999999997,12,8,684.8240000000006,21,2,0.5882352941176471,48
CHEMBL2063090,GRAZOPREVIR ANHYDROUS,C=C[C@@H]1C[C@]1(NC(=O)[C@@H]1C[C@@H]2CN1C(=O)[C@H](C(C)(C)C)NC(=O)O[C@@H]1C[C@H]1CCCCCc1nc3ccc(OC)cc3nc1O2)C(=O)NS(=O)(=O)C1CC1,3.3019000000000016,0.35020450140894605,195.22,11,3,766.9180000000002,7,7,0.631578947368421,54
CHEMBL2064032,VONOPRAZAN FUMARATE,CNCc1cc(-c2ccccc2F)n(S(=O)(=O)c2cccnc2)c1.O=C(O)/C=C/C(=O)O,2.3574,0.4559541283077484,138.59,7,3,461.4710000000001,7,3,0.09523809523809523,32
CHEMBL2068408,SILICATE,O=[Si](O)O,-1.6136000000000001,0.3424987863609801,57.53,1,2,78.099,0,0,0.0,4
CHEMBL2068723,CALCIUM METRIZOATE,CC(=O)Nc1c(I)c(C(=O)[O-])c(I)c(N(C)C(C)=O)c1I.CC(=O)Nc1c(I)c(C(=O)[O-])c(I)c(N(C)C(C)=O)c1I.[Ca+2],3.2292000000000014,0.3273701903641656,179.07999999999998,8,2,1293.9459999999997,6,2,0.25,43
CHEMBL2068724,ACAMPROSATE CALCIUM,CC(=O)NCCCS(=O)(=O)[O-].CC(=O)NCCCS(=O)(=O)[O-].[Ca+2],-2.2651999999999957,0.26064316392202697,172.6,8,2,400.48800000000017,8,0,0.8,23
CHEMBL2068725,IPODATE CALCIUM,CN(C)/C=N/c1c(I)cc(I)c(CCC(=O)[O-])c1I.CN(C)/C=N/c1c(I)cc(I)c(CCC(=O)[O-])c1I.[Ca+2],4.427800000000004,0.15097885701632865,111.46000000000001,6,0,1233.9819999999997,10,2,0.3333333333333333,39
CHEMBL2068884,SODIUM GLUCONATE,O=C([O-])[C@H]1O[C@H](O)[C@H](O)[C@@H](O)[C@@H]1O.[Na+],-7.459799999999997,0.32009363313769906,130.28,7,4,216.121,1,1,0.8333333333333334,14
CHEMBL2070241,BREMELANOTIDE,CCCC[C@H](NC(C)=O)C(=O)N[C@H]1CC(=O)NCCCC[C@@H](C(=O)O)NC(=O)[C@H](Cc2c[nH]c3ccccc23)NC(=O)[C@H](CCCNC(=N)N)NC(=O)[C@@H](Cc2ccccc2)NC(=O)[C@H](Cc2c[nH]cn2)NC1=O,-0.4393300000000044,0.036300917719118954,376.46999999999986,11,14,1025.1819999999996,17,5,0.46,74
CHEMBL2079130,VONOPRAZAN,CNCc1cc(-c2ccccc2F)n(S(=O)(=O)c2cccnc2)c1,2.645600000000001,0.772079833537095,63.99,5,1,345.399,5,3,0.11764705882352941,24
CHEMBL2079587,STANOZOLOL,C[C@]12Cc3c[nH]nc3C[C@@H]1CC[C@@H]1[C@@H]2CC[C@@]2(C)[C@H]1CC[C@]2(C)O,4.1181000000000045,0.7524910781410399,48.91,2,2,328.5000000000001,0,5,0.8571428571428571,24
CHEMBL2079793,PENCICLOVIR SODIUM,Nc1nc([O-])c2ncn(CCC(CO)CO)c2n1.[Na+],-4.522999999999997,0.468021266222193,133.14,8,3,275.24399999999997,5,2,0.5,19
CHEMBL2095206,BOSUTINIB MONOHYDRATE,COc1cc(Nc2c(C#N)cnc3cc(OCCCN4CCN(C)CC4)c(OC)cc23)c(Cl)cc1Cl.O,4.365680000000006,0.39253001956372724,114.38,8,1,548.4710000000003,9,4,0.38461538461538464,37
CHEMBL2095207,CHOLINE C-11,C[N+](C)([11CH3])CCO.[Cl-],-3.3110999999999975,0.3965656382916357,20.23,1,1,138.62643359999998,2,0,1.0,8
CHEMBL2095208,COBICISTAT,CC(C)c1nc(CN(C)C(=O)N[C@@H](CCN2CCOCC2)C(=O)N[C@H](CC[C@H](Cc2ccccc2)NC(=O)OCc2cncs2)Cc2ccccc2)cs1,6.000700000000006,0.10557201660303792,138.02,10,3,776.0420000000001,19,5,0.475,54
CHEMBL2095209,ICOSAPENT ETHYL,CC/C=C\C/C=C\C/C=C\C/C=C\C/C=C\CCCC(=O)OCC,6.471200000000007,0.2071180474846085,26.3,2,0,330.5120000000001,14,0,0.5,24
CHEMBL2095211,LORCASERIN HYDROCHLORIDE,C[C@H]1CNCCc2ccc(Cl)cc21.Cl,3.0110000000000015,0.7245446850837457,12.03,1,1,232.154,0,2,0.45454545454545453,14
CHEMBL2095212,MIRABEGRON,Nc1nc(CC(=O)Nc2ccc(CCNC[C@H](O)c3ccccc3)cc2)cs1,2.7722000000000007,0.4168643398571851,100.27,6,4,396.516,9,3,0.23809523809523808,28
CHEMBL2095223,CHLOROQUINE SULPHATE,CCN(CC)CCCC(C)Nc1ccnc2cc(Cl)ccc12.O=S(=O)(O)O,4.157800000000003,0.5538442666145957,102.76,5,3,417.9590000000001,8,2,0.5,27
CHEMBL2096631,CLORAZEPATE DIPOTASSIUM,O=C([O-])C1N=C(c2ccccc2)c2cc(Cl)ccc2NC1=O.[K+].[K+].[OH-],-4.920799999999999,0.3961738585181132,111.59,5,1,408.92300000000006,2,3,0.0625,25
CHEMBL2096633,MAGNESIUM TRISILICATE,O=[Si]([O-])O[Si]([O-])([O-])O[Si](=O)[O-].[Mg+2].[Mg+2],-7.0344,0.45341163742299023,144.84,8,0,260.86,4,0,0.0,13
CHEMBL2096635,UREA C 14,N[14C](N)=O,-0.9762000000000002,0.37188945624562236,69.11,1,2,62.04824199,0,0,0.0,4
CHEMBL2096637,PYRETHRINS,C=C/C=C\CC1=C(C)[C@@H](OC(=O)[C@@H]2[C@@H](/C=C(\C)C(=O)OC)C2(C)C)CC1=O.C=C/C=C\CC1=C(C)[C@@H](OC(=O)[C@@H]2[C@@H](C=C(C)C)C2(C)C)CC1=O,8.269500000000008,0.06206137615139617,113.04000000000002,8,0,700.9130000000001,13,4,0.5116279069767442,51
CHEMBL2096639,BACITRACIN ZINC,CC[C@H](C)[C@H](N)C1=N[C@H](C(=O)N[C@@H](CC(C)C)C(=O)N[C@H](CCC(=O)[O-])C(=O)N[C@H](C(=O)N[C@H]2CCCCNC(=O)[C@H](CC(N)=O)NC(=O)[C@@H](CC(=O)[O-])NC(=O)[C@H](Cc3cnc[nH]3)NC(=O)[C@@H](Cc3ccccc3)NC(=O)[C@H]([C@@H](C)CC)NC(=O)[C@@H](CCCN)NC2=O)[C@@H](C)CC)CS1.[Zn+2],-4.3495000000000035,0.031733604114289445,536.5299999999999,21,15,1486.094,31,4,0.6363636363636364,101
CHEMBL2096642,INAMRINONE LACTATE,CC(O)C(=O)O.Nc1cc(-c2ccncc2)c[nH]c1=O,0.47089999999999976,0.6311200961733473,129.29999999999998,5,4,277.2800000000001,2,2,0.15384615384615385,20
CHEMBL2096646,AMINOSALICYLATE SODIUM,Nc1ccc(C(=O)[O-])c(O)c1.O.O.[Na+],-5.307499999999997,0.35188845866717483,149.38,4,2,211.149,1,1,0.0,14
CHEMBL2096648,UREA C 13,N[13C](N)=O,-0.9762000000000002,0.34723575161897646,69.11,1,2,61.04835484,0,0,0.0,4
CHEMBL2096650,SODIUM THIOSULFATE,O.O.O.O.O.O=S([O-])([O-])=S.[Na+].[Na+],-11.121999999999996,0.3802261772147111,220.69,4,0,248.186,0,0,0.0,12
CHEMBL2103735,CETRORELIX ACETATE,CC(=O)N[C@H](Cc1ccc2ccccc2c1)C(=O)N[C@H](Cc1ccc(Cl)cc1)C(=O)N[C@H](Cc1cccnc1)C(=O)N[C@@H](CO)C(=O)N[C@@H](Cc1ccc(O)cc1)C(=O)N[C@H](CCCNC(N)=O)C(=O)N[C@@H](CC(C)C)C(=O)N[C@@H](CCCNC(=N)N)C(=O)N1CCC[C@H]1C(=O)N[C@H](C)C(N)=O.CC(=O)O,-0.4152300000000169,0.0135599311951756,532.9699999999999,17,18,1491.1160000000002,38,6,0.4305555555555556,106
CHEMBL2103736,FENOPROFEN CALCIUM,CC(C(=O)[O-])c1cccc(Oc2ccccc2)c1.CC(C(=O)[O-])c1cccc(Oc2ccccc2)c1.O.O.[Ca+2],2.634400000000002,0.3019903715539743,161.72000000000003,6,0,558.6400000000002,8,4,0.13333333333333333,39
CHEMBL2103738,LITHIUM CITRATE,O.O.O.O.O=C([O-])CC(O)(CC(=O)[O-])C(=O)[O-].[Li+].[Li+].[Li+],-17.539400000000008,0.4741044036031156,266.61999999999995,7,1,281.98199999999986,5,0,0.5,20
CHEMBL2103739,EMEDASTINE DIFUMARATE,CCOCCn1c(N2CCCN(C)CC2)nc2ccccc21.O=C(O)/C=C/C(=O)O.O=C(O)/C=C/C(=O)O,1.6383000000000016,0.2698371410643815,182.73,9,4,534.5660000000003,9,3,0.4,38
CHEMBL2103741,LEVOTHYROXINE SODIUM,N[C@@H](Cc1cc(I)c(Oc2cc(I)c(O)c(I)c2)c(I)c1)C(=O)[O-].O.[Na+],-0.5981000000000001,0.30851259663185937,127.11000000000001,5,2,816.869,5,2,0.13333333333333333,26
CHEMBL2103743,TOFACITINIB CITRATE,C[C@@H]1CCN(C(=O)CC#N)C[C@@H]1N(C)c1ncnc2[nH]ccc12.O=C(O)CC(O)(CC(=O)O)C(=O)O,0.29628000000000065,0.32732088368122125,221.03999999999996,9,5,504.5000000000003,8,3,0.5,36
CHEMBL2103744,MORPHINE SULFATE,CN1CC[C@]23c4c5ccc(O)c4O[C@H]2[C@@H](O)C=C[C@H]3[C@H]1C5.CN1CC[C@]23c4c5ccc(O)c4O[C@H]2[C@@H](O)C=C[C@H]3[C@H]1C5.O.O.O.O.O.O=S(=O)(O)O,-2.3800999999999974,0.12120096727472114,337.96000000000004,10,6,758.8400000000004,0,10,0.5294117647058824,52
CHEMBL2103758,PRAMLINTIDE,CC[C@H](C)[C@H](NC(=O)[C@@H]1CCCN1C(=O)CNC(=O)[C@H](Cc1ccccc1)NC(=O)[C@H](CC(N)=O)NC(=O)[C@H](CC(N)=O)NC(=O)[C@H](CO)NC(=O)[C@H](CO)NC(=O)[C@H](Cc1c[nH]cn1)NC(=O)[C@@H](NC(=O)[C@H](CC(C)C)NC(=O)[C@H](Cc1ccccc1)NC(=O)[C@H](CC(N)=O)NC(=O)[C@H](C)NC(=O)[C@H](CC(C)C)NC(=O)[C@H](CCCNC(=N)N)NC(=O)[C@H](CCC(N)=O)NC(=O)[C@@H](NC(=O)[C@H](C)NC(=O)[C@@H]1CSSC[C@H](NC(=O)[C@@H](N)CCCCN)C(=O)N[C@@H](CC(N)=O)C(=O)N[C@@H]([C@@H](C)O)C(=O)N[C@@H](C)C(=O)N[C@@H]([C@@H](C)O)C(=O)N1)[C@@H](C)O)C(C)C)C(=O)N[C@@H](CC(C)C)C(=O)N1CCC[C@H]1C(=O)N1CCC[C@H]1C(=O)N[C@H](C(=O)N[C@@H](CC(N)=O)C(=O)N[C@H](C(=O)NCC(=O)N[C@@H](CO)C(=O)N[C@@H](CC(N)=O)C(=O)N[C@H](C(=O)N[C@@H](Cc1ccc(O)cc1)C(N)=O)[C@@H](C)O)C(C)C)[C@@H](C)O,-23.82513000000039,0.008445924173763558,1690.639999999999,59,56,3949.454999999985,109,8,0.6140350877192983,277
CHEMBL2103772,RACECADOTRIL,CC(=O)SCC(Cc1ccccc1)C(=O)NCC(=O)OCc1ccccc1,2.9846000000000013,0.6720580391598658,72.47,5,1,385.4850000000002,9,2,0.2857142857142857,27
CHEMBL2103774,TIBOLONE,C#C[C@]1(O)CC[C@H]2[C@@H]3[C@H](C)CC4=C(CCC(=O)C4)[C@H]3CC[C@@]21C,3.8826000000000036,0.5442169972167846,37.3,2,1,312.45300000000003,0,4,0.7619047619047619,23
CHEMBL2103784,COSYNTROPIN,CSCC[C@H](NC(=O)[C@H](CO)NC(=O)[C@H](Cc1ccc(O)cc1)NC(=O)[C@@H](N)CO)C(=O)N[C@@H](CCC(=O)O)C(=O)N[C@@H](Cc1c[nH]cn1)C(=O)N[C@@H](Cc1ccccc1)C(=O)N[C@@H](CCCNC(=N)N)C(=O)N[C@@H](Cc1c[nH]c2ccccc12)C(=O)NCC(=O)N[C@@H](CCCCN)C(=O)N1CCC[C@H]1C(=O)N[C@H](C(=O)NCC(=O)N[C@@H](CCCCN)C(=O)N[C@@H](CCCCN)C(=O)N[C@@H](CCCNC(=N)N)C(=O)N[C@@H](CCCNC(=N)N)C(=O)N1CCC[C@H]1C(=O)N[C@H](C(=O)N[C@@H](CCCCN)C(=O)N[C@H](C(=O)N[C@@H](Cc1ccc(O)cc1)C(=O)N1CCC[C@H]1C(=O)O)C(C)C)C(C)C)C(C)C,-7.964489999999958,0.0095786091091358,1158.7199999999998,39,42,2933.4919999999956,93,9,0.5808823529411765,208
CHEMBL2103795,AZILSARTAN KAMEDOXOMIL,CCOc1nc2cccc(C(=O)OCc3oc(=O)oc3C)c2n1Cc1ccc(-c2ccccc2-c2noc(=O)[n-]2)cc1.[K+],1.3383199999999997,0.17301704873622398,153.89999999999998,11,0,606.6320000000002,9,6,0.16666666666666666,43
CHEMBL2103802,DAPAGLIFLOZIN PROPANEDIOL,CCOc1ccc(Cc2cc([C@@H]3O[C@H](CO)[C@@H](O)[C@H](O)[C@H]3O)ccc2Cl)cc1.C[C@H](O)CO.O,0.37919999999999937,0.3151063628704277,171.34,8,6,502.98800000000017,7,3,0.5,34
CHEMBL2103822,TASIMELTEON,CCC(=O)NC[C@@H]1C[C@H]1c1cccc2c1CCO2,2.2512,0.8832265983704791,38.33,2,1,245.32199999999995,4,3,0.5333333333333333,18
CHEMBL2103827,DROXIDOPA,N[C@H](C(=O)O)[C@H](O)c1ccc(O)c(O)c1,-0.4569000000000002,0.43276084275847376,124.01000000000002,5,5,213.189,3,1,0.2222222222222222,15
CHEMBL2103830,FOSTAMATINIB,COc1cc(Nc2ncc(F)c(Nc3ccc4c(n3)N(COP(=O)(O)O)C(=O)C(C)(C)O4)n2)cc(OC)c1OC,3.094500000000001,0.2562259896707899,186.71999999999997,12,4,580.4660000000002,10,4,0.30434782608695654,40
CHEMBL2103837,TAFAMIDIS,O=C(O)c1ccc2nc(-c3cc(Cl)cc(Cl)c3)oc2c1,4.4998000000000005,0.7567932345434784,63.33,3,1,308.12000000000006,2,3,0.0,20
CHEMBL2103844,PIXANTRONE DIMALEATE,NCCNc1ccc(NCCN)c2c1C(=O)c1ccncc1C2=O.O=C(O)/C=C\C(=O)O.O=C(O)/C=C\C(=O)O,0.02180000000000354,0.15256882741556238,272.3299999999999,11,8,557.5160000000003,10,3,0.16,40
CHEMBL2103846,ULIPRISTAL,CC(=O)[C@@]1(O)CC[C@H]2[C@@H]3CCC4=CC(=O)CCC4=C3[C@@H](c3ccc(N(C)C)cc3)C[C@@]21C,4.972200000000005,0.7310140206327828,57.61,4,1,433.59200000000016,3,5,0.5714285714285714,32
CHEMBL2103854,OMADACYCLINE TOSYLATE,CN(C)c1cc(CNCC(C)(C)C)c(O)c2c1C[C@H]1C[C@H]3[C@H](N(C)C)C(O)=C(C(N)=O)C(=O)[C@@]3(O)C(O)=C1C2=O.Cc1ccc(S(=O)(=O)O)cc1,2.564020000000002,0.1607898456992369,231.02999999999994,12,7,728.8650000000004,7,5,0.4722222222222222,51
CHEMBL2103855,TELOTRISTAT,Cc1ccn(-c2cc(Cl)ccc2[C@@H](Oc2cc(-c3ccc(C[C@H](N)C(=O)O)cc3)nc(N)n2)C(F)(F)F)n1,4.510120000000002,0.2928755543879992,142.17000000000002,8,3,546.9370000000002,8,4,0.2,38
CHEMBL2103867,PLECANATIDE,CC(C)C[C@H](NC(=O)[C@@H]1CSSC[C@@H]2NC(=O)[C@H](CC(C)C)NC(=O)[C@H](CCC(=O)O)NC(=O)[C@@H](NC(=O)[C@H](CCC(=O)O)NC(=O)[C@H](CC(=O)O)NC(=O)[C@@H](N)CC(N)=O)CSSC[C@H](NC(=O)[C@H](C)NC(=O)[C@H](C(C)C)NC(=O)[C@H](CC(N)=O)NC(=O)[C@H](C(C)C)NC2=O)C(=O)N[C@@H]([C@@H](C)O)C(=O)NCC(=O)N1)C(=O)O,-8.148299999999987,0.025550285864392678,718.13,27,23,1681.9149999999997,28,3,0.676923076923077,113
CHEMBL2103868,CABOZANTINIB S-MALATE,COc1cc2nccc(Oc3ccc(NC(=O)C4(C(=O)Nc5ccc(F)cc5)CC4)cc3)c2cc1OC.O=C(O)C[C@H](O)C(=O)O,4.447400000000002,0.1462428828442669,193.60999999999999,9,5,635.6010000000003,11,5,0.21875,46
CHEMBL2103870,LUMACAFTOR,Cc1ccc(NC(=O)C2(c3ccc4c(c3)OC(F)(F)O4)CC2)nc1-c1cccc(C(=O)O)c1,4.747020000000004,0.5800857204161392,97.75000000000001,5,2,452.41300000000024,5,5,0.20833333333333334,33
CHEMBL2103872,CEFTOLOZANE,Cn1c(N)c(NC(=O)NCCN)c[n+]1CC1=C(C(=O)O)N2C(=O)[C@@H](NC(=O)/C(=N\OC(C)(C)C(=O)[O-])c3nsc(N)n3)[C@H]2SC1,-3.9032999999999953,0.0493062149363051,302.2099999999999,16,7,666.703,12,4,0.43478260869565216,45
CHEMBL2103873,MACITENTAN,CCCNS(=O)(=O)Nc1ncnc(OCCOc2ncc(Br)cn2)c1-c1ccc(Br)cc1,3.572700000000003,0.3258129796797541,128.22000000000003,8,2,588.2820000000002,11,3,0.2631578947368421,32
CHEMBL2103875,TRAMETINIB,CC(=O)Nc1cccc(-n2c(=O)n(C3CC3)c(=O)c3c(Nc4ccc(I)cc4F)n(C)c(=O)c(C)c32)c1,3.940120000000002,0.33123880519002113,107.13,8,2,615.4029999999999,5,5,0.23076923076923078,37
CHEMBL2103877,EFINACONAZOLE,C=C1CCN([C@H](C)[C@](O)(Cn2cncn2)c2ccc(F)cc2F)CC1,2.4846000000000004,0.8437713718747005,54.18,5,1,348.3970000000001,5,3,0.4444444444444444,25
CHEMBL2103883,AVATROMBOPAG,O=C(Nc1nc(-c2cc(Cl)cs2)c(N2CCN(C3CCCCC3)CC2)s1)c1cnc(N2CCC(C(=O)O)CC2)c(Cl)c1,6.581400000000007,0.29616473665885357,101.90000000000002,9,2,649.6700000000003,7,6,0.5172413793103449,42
CHEMBL2103929,LYMECYCLINE,CN(C)[C@@H]1C(O)=C(C(=O)NCNCCCC[C@H](N)C(=O)O)C(=O)[C@@]2(O)C(O)=C3C(=O)c4c(O)cccc4[C@@](C)(O)[C@H]3C[C@@H]12,-0.45419999999999416,0.09367530992313995,242.97999999999996,12,9,602.6410000000002,10,4,0.5172413793103449,43
CHEMBL2104045,CINOXATE,CCOCCOC(=O)/C=C/c1ccc(OC)cc1,2.2881,0.42291450465638253,44.760000000000005,4,0,250.294,7,1,0.35714285714285715,18
CHEMBL2104095,CHOLINE SALICYLATE,C[N+](C)(C)CCO.O=C([O-])c1ccccc1O,-0.5593999999999995,0.6951595142355076,80.59,4,2,241.287,3,1,0.4166666666666667,17
CHEMBL2104136,CLOMACRAN PHOSPHATE,CN(C)CCCC1c2ccccc2Nc2ccc(Cl)cc21.O=P(O)(O)O,3.9421000000000057,0.5828002576064316,93.03000000000002,3,4,398.82700000000006,4,3,0.3333333333333333,26
CHEMBL2104251,ENBUCRILATE,C=C(C#N)C(=O)OCCCC,1.40948,0.26535410858412994,50.09,3,0,153.18099999999998,4,0,0.5,11
CHEMBL2104287,DIBENZEPIN HYDROCHLORIDE,CN(C)CCN1C(=O)c2ccccc2N(C)c2ccccc21.Cl,3.3981000000000026,0.8621487121401714,26.79,3,0,331.84700000000004,3,3,0.2777777777777778,23
CHEMBL2104356,KETAZOLAM,CC1=CC(=O)N2CC(=O)N(C)c3ccc(Cl)cc3C2(c2ccccc2)O1,3.280100000000002,0.7757860152597906,49.85000000000001,3,0,368.8200000000001,1,4,0.2,26
CHEMBL2104391,INSULIN DETEMIR,CCCCCCCCCCCCCC(=O)NCCCC[C@H](NC(=O)[C@@H]1CCCN1C(=O)[C@@H](NC(=O)[C@H](Cc1ccc(O)cc1)NC(=O)[C@H](Cc1ccccc1)NC(=O)[C@H](Cc1ccccc1)NC(=O)CNC(=O)[C@H](CCCNC(=N)N)NC(=O)[C@H](CCC(=O)O)NC(=O)CNC(=O)[C@@H]1CSSC[C@@H](C(=O)N[C@@H](CC(N)=O)C(=O)O)NC(=O)[C@H](Cc2ccc(O)cc2)NC(=O)[C@H](CC(N)=O)NC(=O)[C@H](CCC(=O)O)NC(=O)[C@H](CC(C)C)NC(=O)[C@H](CCC(N)=O)NC(=O)[C@H](Cc2ccc(O)cc2)NC(=O)[C@H](CC(C)C)NC(=O)[C@H](CO)NC(=O)[C@@H]2CSSC[C@H](NC(=O)[C@H](CCC(N)=O)NC(=O)[C@H](CCC(=O)O)NC(=O)[C@@H](NC(=O)[C@@H](NC(=O)CN)[C@@H](C)CC)C(C)C)C(=O)N[C@@H](CSSC[C@H](NC(=O)[C@H](CC(C)C)NC(=O)[C@H](Cc3c[nH]cn3)NC(=O)[C@H](CCC(N)=O)NC(=O)[C@H](CC(N)=O)NC(=O)[C@@H](NC(=O)[C@@H](N)Cc3ccccc3)C(C)C)C(=O)NCC(=O)N[C@@H](CO)C(=O)N[C@@H](Cc3c[nH]cn3)C(=O)N[C@@H](CC(C)C)C(=O)N[C@@H](C(C)C)C(=O)N[C@@H](CCC(=O)O)C(=O)N[C@@H](C)C(=O)N[C@@H](CC(C)C)C(=O)N[C@@H](Cc3ccc(O)cc3)C(=O)N[C@@H](CC(C)C)C(=O)N[C@@H](C(C)C)C(=O)N1)C(=O)N[C@@H]([C@@H](C)O)C(=O)N[C@@H](CO)C(=O)N[C@@H]([C@@H](C)CC)C(=O)N2)[C@@H](C)O)C(=O)O,-13.379330000000373,0.007283335462035241,2252.8199999999997,81,76,5916.927,136,12,0.5880149812734082,413
CHEMBL2104415,MOXIDECTIN,CO/N=C1\C[C@]2(C[C@@H]3C[C@@H](C/C=C(\C)C[C@@H](C)/C=C/C=C4\CO[C@@H]5[C@H](O)C(C)=C[C@@H](C(=O)O3)[C@]45O)O2)O[C@H](/C(C)=C/C(C)C)[C@H]1C,5.7289000000000065,0.2286886083765042,116.04000000000002,9,2,639.8300000000002,3,5,0.6756756756756757,46
CHEMBL2104445,TRITOQUALINE,CCOc1c(N)c2c(c(OCC)c1OCC)C(C1c3c(cc4c(c3OC)OCO4)CCN1C)OC2=O,3.6429000000000027,0.42591358589625844,110.94000000000003,10,1,500.5480000000004,8,5,0.5,36
CHEMBL2104489,ANAGESTONE ACETATE,CC(=O)O[C@]1(C(C)=O)CCC2[C@@H]3C[C@H](C)C4=CCCC[C@]4(C)[C@H]3CC[C@@]21C,5.476200000000006,0.4762859845750369,43.370000000000005,3,0,372.5490000000002,2,4,0.8333333333333334,27
CHEMBL2104537,AMOPROXAN,COc1cc(C(=O)OC(COCCC(C)C)CN2CCOCC2)cc(OC)c1OC,2.6327000000000007,0.37373401474674905,75.69000000000001,8,0,425.5220000000003,12,2,0.6818181818181818,30
CHEMBL2104594,CALCIUM GLUBIONATE,O.O=C([O-])[C@H](O)[C@@H](O)[C@H](O)[C@H](O)CO.O=C([O-])[C@H](O)[C@@H](O)[C@H](O[C@@H]1O[C@H](CO)[C@H](O)[C@H](O)[C@H]1O)[C@H](O)CO.[Ca+2],-13.036900000000008,0.08600580451491766,393.2100000000001,19,13,610.5280000000002,13,1,0.8888888888888888,39
CHEMBL2104607,NIKETHAMIDE,CCN(CC)C(=O)c1cccnc1,1.5636,0.7034123696222642,33.2,2,0,178.235,3,1,0.4,13
CHEMBL2104613,OCTOXYNOL 9,CC(C)(C)CC(C)(C)c1ccc(OCCOCCOCCOCCOCCOCCOCCO)cc1,3.871100000000003,0.2204256030296912,84.84000000000002,8,1,514.7000000000005,23,1,0.7857142857142857,36
CHEMBL2104771,REPROTEROL HYDROCHLORIDE,Cl.Cn1c(=O)c2c(ncn2CCCNCC(O)c2cc(O)cc(O)c2)n(C)c1=O,-0.02000000000000024,0.39058921521208384,134.54,10,4,425.87300000000016,7,3,0.3888888888888889,29
CHEMBL2104793,PYROVALERONE HYDROCHLORIDE,CCCC(C(=O)c1ccc(C)cc1)N1CCCC1.Cl,3.864020000000004,0.763961387212248,20.310000000000002,2,0,281.82699999999994,5,2,0.5625,19
CHEMBL2104973,LEVOMEPROMAZINE HYDROCHLORIDE,COc1ccc2c(c1)N(C[C@H](C)CN(C)C)c1ccccc1S2.Cl,4.917400000000005,0.7476297878325492,15.71,4,0,364.94199999999995,5,3,0.3684210526315789,24
CHEMBL2104987,TEDUGLUTIDE,CC[C@H](C)[C@H](NC(=O)[C@H](Cc1ccccc1)NC(=O)[C@H](CC(=O)O)NC(=O)[C@H](CCCNC(=N)N)NC(=O)[C@H](C)NC(=O)[C@H](C)NC(=O)[C@H](CC(C)C)NC(=O)[C@H](CC(N)=O)NC(=O)[C@H](CC(=O)O)NC(=O)[C@H](CC(C)C)NC(=O)[C@@H](NC(=O)[C@@H](NC(=O)[C@H](CC(N)=O)NC(=O)[C@H](CCSC)NC(=O)[C@H](CCC(=O)O)NC(=O)[C@H](CC(=O)O)NC(=O)[C@H](CO)NC(=O)[C@H](Cc1ccccc1)NC(=O)[C@H](CO)NC(=O)CNC(=O)[C@H](CC(=O)O)NC(=O)CNC(=O)[C@@H](N)Cc1c[nH]cn1)[C@@H](C)O)[C@@H](C)CC)C(=O)N[C@@H](CC(N)=O)C(=O)N[C@@H](Cc1c[nH]c2ccccc12)C(=O)N[C@@H](CC(C)C)C(=O)N[C@H](C(=O)N[C@@H](CCC(N)=O)C(=O)N[C@H](C(=O)N[C@@H](CCCCN)C(=O)N[C@H](C(=O)N[C@H](C(=O)N[C@@H](CC(=O)O)C(=O)O)[C@@H](C)O)[C@@H](C)CC)[C@@H](C)O)[C@@H](C)CC,-16.885230000000192,0.009762943092940608,1624.2199999999993,53,55,3752.1399999999862,125,5,0.5914634146341463,264
CHEMBL2104993,VORTIOXETINE,Cc1ccc(Sc2ccccc2N2CCNCC2)c(C)c1,3.8642400000000023,0.9259602218919863,15.27,3,1,298.4550000000001,3,3,0.3333333333333333,21
CHEMBL2105002,ISOAMINILE,CC(CC(C#N)(c1ccccc1)C(C)C)N(C)C,3.444180000000002,0.7930000132821086,27.03,2,0,244.382,5,1,0.5625,18
CHEMBL2105023,INDIGOTINDISULFONATE SODIUM,O=C1/C(=C2\Nc3ccc(S(=O)(=O)[O-])cc3C2=O)Nc2ccc(S(=O)(=O)[O-])cc21.[Na+].[Na+],-5.368999999999998,0.24718144131625333,172.6,10,2,466.3600000000001,2,4,0.0,30
CHEMBL2105131,MEFRUSIDE,CN(CC1(C)CCCO1)S(=O)(=O)c1ccc(Cl)c(S(N)(=O)=O)c1,1.177,0.8222362328309457,106.76999999999998,5,1,382.89100000000013,5,2,0.5384615384615384,23
CHEMBL2105224,PHOLCODINE,CN1CC[C@]23c4c5ccc(OCCN6CCOCC6)c4O[C@H]2[C@@H](O)C=C[C@H]3[C@H]1C5,1.2034999999999998,0.7697378368445597,54.400000000000006,6,1,398.50300000000004,4,6,0.6521739130434783,29
CHEMBL2105233,PROXIBARBAL,C=CCC1(CC(C)O)C(=O)NC(=O)NC1=O,-0.3142,0.4521631201321489,95.5,4,3,226.23199999999997,4,1,0.5,16
CHEMBL2105248,POTASSIUM BITARTRATE,O=C([O-])[C@H](O)[C@@H](O)C(=O)O.[K+],-6.453299999999999,0.3789418825217034,117.89,5,3,188.176,3,0,0.5,11
CHEMBL2105345,PROPANIDID,CCCOC(=O)Cc1ccc(OCC(=O)N(CC)CC)c(OC)c1,2.4381000000000004,0.613650624467494,65.07000000000001,5,0,337.41600000000005,10,1,0.5555555555555556,24
CHEMBL2105395,OSPEMIFENE,OCCOc1ccc(/C(=C(/CCCl)c2ccccc2)c2ccccc2)cc1,5.645700000000005,0.4053557584634295,29.46,2,1,378.899,8,3,0.16666666666666666,27
CHEMBL2105420,TAUROLIDINE,O=S1(=O)CCN(CN2CCS(=O)(=O)NC2)CN1,-2.6710999999999965,0.5736486979324413,98.82000000000001,6,2,284.363,2,2,1.0,17
CHEMBL2105458,THENALIDINE,CN1CCC(N(Cc2cccs2)c2ccccc2)CC1,3.848900000000003,0.8421277392298203,6.48,3,0,286.44400000000013,4,3,0.4117647058823529,20
CHEMBL2105527,TETRAZEPAM,CN1C(=O)CN=C(C2=CCCCC2)c2cc(Cl)ccc21,3.6059000000000028,0.776898468519391,32.67,2,0,288.77799999999996,1,3,0.375,20
CHEMBL2105581,VERALIPRIDE,C=CCN1CCCC1CNC(=O)c1cc(S(N)(=O)=O)cc(OC)c1OC,0.7314000000000015,0.6404695987510074,110.96000000000001,6,2,383.4700000000002,8,2,0.47058823529411764,26
CHEMBL2105611,TACALCITOL,C=C1/C(=C\C=C2/CCC[C@]3(C)[C@@H]([C@H](C)CC[C@@H](O)C(C)C)CC[C@@H]23)C[C@@H](O)C[C@@H]1O,5.560600000000006,0.5310504106541726,60.69,3,3,416.64600000000024,6,3,0.7777777777777778,30
CHEMBL2105612,PROPICILLIN,CCC(Oc1ccccc1)C(=O)N[C@@H]1C(=O)N2[C@@H]1SC(C)(C)[C@@H]2C(=O)O,1.4756999999999998,0.7281454972962289,95.94000000000001,5,2,378.4500000000001,6,3,0.5,26
CHEMBL2105613,DIVALPROEX SODIUM,CCCC(CCC)C(=O)O.CCCC(CCC)C(=O)[O-].[Na+],0.2441000000000031,0.586604994058723,77.42999999999999,3,1,310.40999999999997,10,0,0.875,21
CHEMBL2105614,TERPIN HYDRATE,CC1(O)CCC(C(C)(C)O)CC1.O,0.8737999999999999,0.643769968724113,71.96000000000001,2,2,190.28299999999996,1,1,1.0,13
CHEMBL2105618,ALLYLESTRENOL,C=CC[C@]1(O)CC[C@H]2[C@@H]3CCC4=CCCCC4[C@H]3CC[C@@]21C,5.2564000000000055,0.6899513119813782,20.23,1,1,300.48600000000005,2,4,0.8095238095238095,22
CHEMBL2105629,VINFLUNINE DITARTRATE,CC[C@]12C=CCN3CC[C@@]4(c5cc([C@@]6(C(=O)OC)C[C@@H]7C[C@@H](C(C)(F)F)CN(Cc8c6[nH]c6ccccc86)C7)c(OC)cc5N(C)[C@H]4[C@@](O)(C(=O)OC)[C@@H]1OC(C)=O)[C@@H]32.O=C(O)C(O)C(O)C(=O)O.O=C(O)C(O)C(O)C(=O)O,0.8335000000000081,0.06436853222959475,363.99,19,10,1117.1150000000005,13,9,0.5660377358490566,79
CHEMBL2105637,DELAFLOXACIN,Nc1nc(-n2cc(C(=O)O)c(=O)c3cc(F)c(N4CC(O)C4)c(Cl)c32)c(F)cc1F,1.9177000000000002,0.5684562681095354,121.68,7,3,440.76500000000016,3,4,0.16666666666666666,30
CHEMBL2105638,DELAFLOXACIN MEGLUMINE,CNC[C@H](O)[C@@H](O)[C@H](O)[C@H](O)CO.Nc1nc(-n2cc(C(=O)O)c(=O)c3cc(F)c(N4CC(O)C4)c(Cl)c32)c(F)cc1F,-1.4406,0.13116781321424514,234.86,13,9,635.9800000000002,9,4,0.4,43
CHEMBL2105648,PALOVAROTENE,CC1(C)CCC(C)(C)c2cc(Cn3cccn3)c(/C=C/c3ccc(C(=O)O)cc3)cc21,6.149000000000006,0.5095812218712045,55.120000000000005,3,1,414.54900000000015,5,4,0.3333333333333333,31
CHEMBL2105662,LOMITAPIDE MESYLATE,CS(=O)(=O)O.O=C(NC1CCN(CCCCC2(C(=O)NCC(F)(F)F)c3ccccc3-c3ccccc32)CC1)c1ccccc1-c1ccc(C(F)(F)F)cc1,7.886100000000008,0.08561042353013579,115.81,5,3,789.839,10,6,0.35,55
CHEMBL2105669,TEDIZOLID PHOSPHATE,Cn1nnc(-c2ccc(-c3ccc(N4C[C@H](COP(=O)(O)O)OC4=O)cc3F)cn2)n1,1.5126999999999997,0.5285467732949348,152.79000000000002,9,2,450.3230000000001,6,4,0.23529411764705882,31
CHEMBL2105675,TAFAMIDIS MEGLUMINE,CNC[C@H](O)[C@@H](O)[C@H](O)[C@H](O)CO.O=C(O)c1ccc2nc(-c3cc(Cl)cc(Cl)c3)oc2c1,1.1415000000000013,0.23597899540179867,176.51,9,7,503.3350000000002,8,3,0.3333333333333333,33
CHEMBL2105680,RIFAMYCIN SODIUM,CO[C@H]1/C=C/O[C@@]2(C)Oc3c(C)c([O-])c4c(O)c(cc(O)c4c3C2=O)NC(=O)/C(C)=C\C=C\[C@H](C)[C@H](O)[C@@H](C)[C@@H](O)[C@@H](C)[C@H](OC(C)=O)[C@@H]1C.[Na+],1.126120000000001,0.12834697752211996,204.13999999999996,12,5,719.7600000000002,2,5,0.4864864864864865,51
CHEMBL2105682,EDOXABAN TOSYLATE,CN1CCc2nc(C(=O)N[C@@H]3C[C@@H](C(=O)N(C)C)CC[C@@H]3NC(=O)C(=O)Nc3ccc(Cl)cn3)sc2C1.Cc1ccc(S(=O)(=O)O)cc1,2.5313200000000027,0.21757136832582508,190.99999999999997,10,4,720.2740000000001,6,5,0.41935483870967744,48
CHEMBL2105684,SELUMETINIB SULFATE,Cn1cnc2c(F)c(Nc3ccc(Br)cc3Cl)c(C(=O)NOCCO)cc21.O=S(=O)(O)O,2.8728000000000007,0.17477353953627595,163.01,8,5,555.7660000000004,6,3,0.17647058823529413,32
CHEMBL2105689,LULICONAZOLE,N#C/C(=C1/SC[C@@H](c2ccc(Cl)cc2Cl)S1)n1ccnc1,5.060880000000003,0.7070685866540107,41.61,5,0,354.28700000000003,2,3,0.14285714285714285,21
CHEMBL2105695,TELOTRISTAT ETHYL,CCOC(=O)[C@@H](N)Cc1ccc(-c2cc(O[C@H](c3ccc(Cl)cc3-n3ccc(C)n3)C(F)(F)F)nc(N)n2)cc1,4.988620000000003,0.26735331920192434,131.17,9,2,574.991,9,4,0.25925925925925924,40
CHEMBL2105700,BEDAQUILINE FUMARATE,COc1nc2ccc(Br)cc2cc1[C@@H](c1ccccc1)[C@@](O)(CCN(C)C)c1cccc2ccccc12.O=C(O)/C=C/C(=O)O,6.842300000000008,0.13817251901060962,120.19000000000001,6,3,671.5880000000004,10,5,0.19444444444444445,45
CHEMBL2105704,LENVATINIB MESYLATE,COc1cc2nccc(Oc3ccc(NC(=O)NC4CC4)c(Cl)c3)c2cc1C(N)=O.CS(=O)(=O)O,3.5759000000000016,0.3557016782453358,169.93999999999997,7,4,522.9670000000004,6,4,0.22727272727272727,35
CHEMBL2105708,PONATINIB HYDROCHLORIDE,Cc1ccc(C(=O)Nc2ccc(CN3CCN(C)CC3)c(C(F)(F)F)c2)cc1C#Cc1cnc2cccnn12.Cl,4.877820000000005,0.3556771037526253,65.77000000000001,6,1,569.0310000000002,4,5,0.27586206896551724,40
CHEMBL2105709,QUIZARTINIB DIHYDROCHLORIDE,CC(C)(C)c1cc(NC(=O)Nc2ccc(-c3cn4c(n3)sc3cc(OCCN5CCOCC5)ccc34)cc2)no1.Cl.Cl,6.700100000000006,0.20553943651216441,106.16000000000001,9,2,633.6020000000004,7,6,0.3448275862068966,42
CHEMBL2105711,TOFOGLIFLOZIN,CCc1ccc(Cc2ccc3c(c2)[C@]2(OC3)O[C@H](CO)[C@@H](O)[C@H](O)[C@H]2O)cc1.O,0.1718999999999994,0.5746943360496989,130.88,6,4,404.459,4,4,0.45454545454545453,29
CHEMBL2105712,AFATINIB DIMALEATE,CN(C)C/C=C/C(=O)Nc1cc2c(Nc3ccc(F)c(Cl)c3)ncnc2cc1O[C@H]1CCOC1.O=C(O)/C=C\C(=O)O.O=C(O)/C=C\C(=O)O,3.8134999999999994,0.1460738272078643,237.80999999999997,11,6,718.0910000000005,12,4,0.21875,50
CHEMBL2105717,CABOZANTINIB,COc1cc2nccc(Oc3ccc(NC(=O)C4(C(=O)Nc5ccc(F)cc5)CC4)cc3)c2cc1OC,5.5408000000000035,0.30772239944852137,98.78000000000002,6,2,501.51400000000024,8,5,0.17857142857142858,37
CHEMBL2105719,DACOMITINIB,COc1cc2ncnc(Nc3ccc(F)c(Cl)c3)c2cc1NC(=O)/C=C/CN1CCCCC1.O,4.3304000000000045,0.4797057026950064,110.88000000000001,6,2,487.9630000000004,7,4,0.2916666666666667,34
CHEMBL2105720,LESINURAD,O=C(O)CSc1nnc(Br)n1-c1ccc(C2CC2)c2ccccc12,4.2371000000000025,0.6447720583090041,68.00999999999999,5,1,404.28900000000016,5,4,0.23529411764705882,24
CHEMBL2105722,NOMEGESTROL,CC(=O)[C@@]1(O)CC[C@H]2[C@@H]3C=C(C)C4=CC(=O)CC[C@@H]4[C@H]3CC[C@@]21C,3.6144000000000025,0.7997467331528958,54.37,3,1,328.45200000000006,1,4,0.7142857142857143,24
CHEMBL2105729,DABRAFENIB MESYLATE,CC(C)(C)c1nc(-c2cccc(NS(=O)(=O)c3c(F)cccc3F)c2F)c(-c2ccnc(N)n2)s1.CS(=O)(=O)O,4.868900000000004,0.2656647783779417,165.23,9,3,615.6810000000003,5,4,0.20833333333333334,40
CHEMBL2105732,LEVOMILNACIPRAN HYDROCHLORIDE,CCN(CC)C(=O)[C@@]1(c2ccccc2)C[C@H]1CN.Cl,2.1931999999999996,0.8998494806260565,46.33,2,1,282.815,5,2,0.5333333333333333,19
CHEMBL2105735,ASUNAPREVIR,C=C[C@@H]1C[C@]1(NC(=O)[C@@H]1C[C@@H](Oc2ncc(OC)c3ccc(Cl)cc23)CN1C(=O)[C@@H](NC(=O)OC(C)(C)C)C(C)(C)C)C(=O)NS(=O)(=O)C1CC1,3.8538000000000023,0.2857389521919524,182.33,10,3,748.299,11,5,0.5714285714285714,51
CHEMBL2105737,SONIDEGIB,Cc1c(C(=O)Nc2ccc(N3C[C@@H](C)O[C@@H](C)C3)nc2)cccc1-c1ccc(OC(F)(F)F)cc1,5.821520000000005,0.49338697106079654,63.69000000000001,5,1,485.5060000000001,5,4,0.3076923076923077,35
CHEMBL2105740,SITAXENTAN SODIUM,Cc1cc2c(cc1CC(=O)c1sccc1S(=O)(=O)[N-]c1onc(C)c1Cl)OCO2.[Na+],1.5585399999999998,0.39193514857797046,109.80000000000001,8,0,476.8950000000003,6,4,0.2222222222222222,30
CHEMBL2105741,TRAMETINIB DIMETHYL SULFOXIDE,CC(=O)Nc1cccc(-n2c(=O)n(C3CC3)c(=O)c3c(Nc4ccc(I)cc4F)n(C)c(=O)c(C)c32)c1.C[S+](C)[O-],3.934820000000003,0.24091066453423898,130.19,9,2,693.5389999999999,5,5,0.2857142857142857,41
CHEMBL2105743,OLODATEROL HYDROCHLORIDE,COc1ccc(CC(C)(C)NC[C@H](O)c2cc(O)cc3c2OCC(=O)N3)cc1.Cl,2.797800000000001,0.5471876300655486,100.05000000000001,6,4,422.90900000000016,7,3,0.38095238095238093,29
CHEMBL2105745,GLYCEROL PHENYLBUTYRATE,O=C(CCCc1ccccc1)OCC(COC(=O)CCCc1ccccc1)OC(=O)CCCc1ccccc1,6.053300000000006,0.15609361409725997,78.9,6,0,530.6610000000004,17,3,0.36363636363636365,39
CHEMBL2105748,PRUCALOPRIDE SUCCINATE,COCCCN1CCC(NC(=O)c2cc(Cl)c(N)c3c2OCC3)CC1.O=C(O)CCC(=O)O,2.023599999999999,0.3037685449858603,151.42000000000002,7,4,485.9650000000005,9,3,0.5909090909090909,33
CHEMBL2105749,SAMIDORPHAN L-MALATE,NC(=O)c1ccc2c(c1O)[C@]13CCN(CC4CC4)[C@H](C2)[C@]1(O)CCC(=O)C3.O=C(O)C[C@H](O)C(=O)O,0.16000000000000053,0.31005373491171306,198.68999999999997,8,6,504.53600000000034,6,5,0.6,36
CHEMBL2105754,TRELAGLIPTIN SUCCINATE,Cn1c(=O)cc(N2CCC[C@@H](N)C2)n(Cc2cc(F)ccc2C#N)c1=O.O=C(O)CCC(=O)O,0.4693800000000018,0.5367926773896811,171.64999999999998,9,3,475.47700000000026,6,3,0.4090909090909091,34
CHEMBL2105755,NALDEMEDINE,CC(C)(NC(=O)C1=C(O)[C@@H]2Oc3c(O)ccc4c3[C@@]23CCN(CC2CC2)[C@H](C4)[C@]3(O)C1)c1nc(-c2ccccc2)no1,3.4798000000000027,0.35052166340505786,141.18,9,4,570.6460000000004,6,8,0.46875,42
CHEMBL2105756,TIVOZANIB HYDROCHLORIDE,COc1cc2nccc(Oc3ccc(NC(=O)Nc4cc(C)on4)c(Cl)c3)c2cc1OC.Cl.O,5.2352200000000035,0.36257775679707344,139.24,7,2,509.34600000000034,6,4,0.13636363636363635,34
CHEMBL2105758,AVATROMBOPAG MALEATE,O=C(Nc1nc(-c2cc(Cl)cs2)c(N2CCN(C3CCCCC3)CC2)s1)c1cnc(N2CCC(C(=O)O)CC2)c(Cl)c1.O=C(O)/C=C\C(=O)O,6.293200000000005,0.17943616752213778,176.5,11,4,765.7420000000004,9,6,0.45454545454545453,50
CHEMBL2105759,BARICITINIB,CCS(=O)(=O)N1CC(CC#N)(n2cc(-c3ncnc4[nH]ccc34)cn2)C1,1.09568,0.7167032115900049,120.55999999999999,7,1,371.4260000000001,5,4,0.375,26
CHEMBL2105760,BREXPIPRAZOLE,O=c1ccc2ccc(OCCCCN3CCN(c4cccc5sccc45)CC3)cc2[nH]1,4.724000000000004,0.42845507847371217,48.57,5,1,433.5770000000001,7,5,0.32,31
CHEMBL2105762,OMARIGLIPTIN,CS(=O)(=O)n1cc2c(n1)CN([C@H]1CO[C@H](c3cc(F)ccc3F)[C@@H](N)C1)C2,1.1421,0.8340518500891307,90.45,7,1,398.4350000000001,3,4,0.47058823529411764,27
CHEMBL2105774,PREDNISOLONE STEAGLATE,CCCCCCCCCCCCCCCCCC(=O)OCC(=O)OCC(=O)[C@@]1(O)CC[C@H]2[C@@H]3CCC4=CC(=O)C=C[C@]4(C)[C@H]3[C@@H](O)C[C@@]21C,7.913200000000011,0.09226658339659057,127.20000000000003,8,2,684.9550000000003,21,4,0.8048780487804879,49
CHEMBL2105827,"GLYCEROL, IODINATED",CC(I)C1OCC(CO)O1,0.5436999999999999,0.5801518200159038,38.69,3,1,258.055,2,1,1.0,10
CHEMBL2105842,CORTIVAZOL,CC(=O)OCC(=O)[C@@]1(O)[C@H](C)C[C@H]2[C@@H]3C=C(C)C4=Cc5c(cnn5-c5ccccc5)C[C@]4(C)[C@H]3[C@@H](O)C[C@@]21C,4.300600000000004,0.5718657623662142,101.65000000000002,7,2,530.6650000000002,4,6,0.53125,39
CHEMBL2105891,PHYSOSTIGMINE SULFATE,CNC(=O)Oc1ccc2c(c1)[C@]1(C)CCN(C)[C@@H]1N2C.CNC(=O)Oc1ccc2c(c1)[C@]1(C)CCN(C)[C@@H]1N2C.O=S(=O)(O)O,2.8950000000000014,0.3527946296211949,164.21999999999997,10,4,648.7830000000005,2,6,0.5333333333333333,45
CHEMBL2105897,BARIUM SULFATE,O=S(=O)([O-])[O-].[Ba+2],-1.7187999999999997,0.2831413420593836,80.26,4,0,233.391,0,0,0.0,6
CHEMBL2105904,BARBITAL SODIUM,CCC1(CC)C(=O)[N-]C(=O)NC1=O.[Na+],-2.053099999999998,0.4169066982024883,77.34,3,1,206.177,2,1,0.625,14
CHEMBL2105941,AMOBARBITAL SODIUM,CCC1(CCC(C)C)C(=O)N=C([O-])NC1=O.[Na+],-2.804299999999997,0.43069874156418575,81.59,3,1,248.25799999999998,4,1,0.7272727272727273,17
CHEMBL2105950,AMOXICILLIN SODIUM,CC1(C)S[C@@H]2[C@H](NC(=O)[C@H](N)c3ccc(O)cc3)C(=O)N2[C@H]1C(=O)[O-].[Na+],-4.306999999999997,0.35122870913436577,135.79000000000002,7,3,387.39300000000014,4,3,0.4375,26
CHEMBL2105970,AMMONIUM BENZOATE,N.O=C(O)c1ccccc1,1.5468,0.6194639359150985,72.3,2,2,139.15399999999997,1,1,0.0,10
CHEMBL2105972,AMBUTONIUM BROMIDE,CC[N+](C)(C)CCC(C(N)=O)(c1ccccc1)c1ccccc1.[Br-],-0.05159999999999809,0.6612599031714157,43.09,1,1,391.353,7,2,0.35,24
CHEMBL2105980,CHLORPHENOXAMINE HYDROCHLORIDE,CN(C)CCOC(C)(c1ccccc1)c1ccc(Cl)cc1.Cl,4.603500000000005,0.7617714986232643,12.47,2,0,340.29400000000004,6,2,0.3333333333333333,22
CHEMBL2105996,CARBENICILLIN PHENYL SODIUM,CC1(C)S[C@@H]2[C@H](NC(=O)C(C(=O)Oc3ccccc3)c3ccccc3)C(=O)N2[C@H]1C(=O)[O-].[Na+],-2.3231999999999964,0.16360589177857968,115.84,7,1,476.48600000000016,6,4,0.30434782608695654,33
CHEMBL2106076,CEFPIROME SULFATE,CO/N=C(\C(=O)N[C@@H]1C(=O)N2C(C(=O)[O-])=C(C[n+]3cccc4c3CCC4)CS[C@H]12)c1csc(N)n1.O=S(=O)(O)O,-1.6966999999999937,0.09019923668767292,228.51999999999998,12,4,612.6680000000005,7,5,0.36363636363636365,40
CHEMBL2106111,CALCIUM LACTATE,CC(O)C(=O)[O-].CC(O)C(=O)[O-].[Ca+2],-4.146599999999998,0.4537921976701532,120.72,6,2,218.218,2,0,0.6666666666666666,13
CHEMBL2106119,CALCIUM GLUCONATE,O=C([O-])[C@H](O)[C@@H](O)[C@H](O)[C@H](O)CO.O=C([O-])[C@H](O)[C@@H](O)[C@H](O)[C@H](O)CO.[Ca+2],-10.036400000000004,0.14400187057234118,282.56,14,10,430.37200000000007,10,0,0.8333333333333334,27
CHEMBL2106122,EMEPRONIUM BROMIDE,CC[N+](C)(C)C(C)CC(c1ccccc1)c1ccccc1.[Br-],1.6973999999999998,0.6865839430027647,0.0,0,0,362.355,6,2,0.4,22
CHEMBL2106123,CALCIUM CITRATE,O=C([O-])CC(O)(CC(=O)[O-])C(=O)[O-].O=C([O-])CC(O)(CC(=O)[O-])C(=O)[O-].[Ca+2].[Ca+2].[Ca+2],-11.647600000000006,0.2644214640641379,281.24,14,2,498.43200000000013,10,0,0.5,29
CHEMBL2106155,ENCAINIDE HYDROCHLORIDE,COc1ccc(C(=O)Nc2ccccc2CCC2CCCCN2C)cc1.Cl,4.786200000000005,0.7732903974580162,41.57,3,1,388.93900000000014,6,3,0.4090909090909091,27
CHEMBL2106191,CALCIUM DOBESILATE,O=S(=O)([O-])c1cc(O)ccc1O.O=S(=O)([O-])c1cc(O)ccc1O.[Ca+2],-0.3769999999999999,0.2834129019578353,195.32,10,4,418.4140000000001,2,2,0.0,25
CHEMBL2106195,DEXMEDETOMIDINE HYDROCHLORIDE,Cc1cccc([C@H](C)c2c[nH]cn2)c1C.Cl,3.600140000000003,0.8481930635298816,28.68,1,1,236.74600000000004,2,2,0.3076923076923077,16
CHEMBL2106217,FENFLURAMINE HYDROCHLORIDE,CCNC(C)Cc1cccc(C(F)(F)F)c1.Cl,3.667700000000003,0.8777404716697845,12.03,1,1,267.7219999999999,4,1,0.5,17
CHEMBL2106313,LACHESINE CHLORIDE,CC[N+](C)(C)CCOC(=O)C(O)(c1ccccc1)c1ccccc1.[Cl-],-0.4339999999999986,0.536016294196443,46.53,3,1,363.8850000000001,7,2,0.35,25
CHEMBL2106318,IOTHALAMATE SODIUM I 125,CNC(=O)c1c(I)c(NC(C)=O)c([125I])c(C(=O)[O-])c1[125I].[Na+],-1.8140999999999994,0.30372498882638455,98.33000000000001,4,2,631.8982604000001,3,1,0.18181818181818182,21
CHEMBL2106388,CALCIUM HYDROXIDE,[Ca+2].[OH-].[OH-],-0.7343999999999999,0.35534361210755133,60.0,2,0,74.092,0,0,0.0,3
CHEMBL2106419,LERCANIDIPINE HYDROCHLORIDE,COC(=O)C1=C(C)NC(C)=C(C(=O)OC(C)(C)CN(C)CCC(c2ccccc2)c2ccccc2)C1c1cccc([N+](=O)[O-])c1.Cl,6.900200000000009,0.12840237340998562,111.00999999999999,8,1,648.2000000000003,12,4,0.3333333333333333,46
CHEMBL2106439,PIPOTIAZINE PALMITATE,CCCCCCCCCCCCCCCC(=O)OCCC1CCN(CCCN2c3ccccc3Sc3ccc(S(=O)(=O)N(C)C)cc32)CC1,10.056299999999998,0.0838789410711439,70.16,7,0,714.095,23,4,0.675,49
CHEMBL2106441,NOXYTIOLIN,CNC(=S)NCO,-0.9699000000000002,0.30759774810997953,44.29,2,3,120.17699999999999,1,0,0.6666666666666666,7
CHEMBL2106483,VILOXAZINE HYDROCHLORIDE,CCOc1ccccc1OCC1CNCCO1.Cl,1.8742999999999994,0.8891836962055838,39.72,4,1,273.75999999999993,5,2,0.5384615384615384,18
CHEMBL2106556,CYCLOBARBITAL CALCIUM,CCC1(C2=CCCCC2)C(=O)[N-]C(=O)NC1=O.CCC1(C2=CCCCC2)C(=O)[N-]C(=O)NC1=O.[Ca+2],3.6858000000000013,0.333859495548409,154.67999999999998,6,2,510.6040000000004,4,4,0.5833333333333334,35
CHEMBL2106574,DAPOXETINE HYDROCHLORIDE,CN(C)[C@@H](CCOc1cccc2ccccc12)c1ccccc1.Cl,5.3334000000000055,0.6002051814721976,12.47,2,0,341.882,6,3,0.23809523809523808,24
CHEMBL2106615,BAZEDOXIFENE ACETATE,CC(=O)O.Cc1c(-c2ccc(O)cc2)n(Cc2ccc(OCCN3CCCCCC3)cc2)c2ccc(O)cc12,6.421920000000007,0.2551671449765786,95.16,6,3,530.6650000000004,7,5,0.34375,39
CHEMBL2106627,DIACETYLMORPHINE HYDROCHLORIDE,CC(=O)Oc1ccc2c3c1O[C@H]1[C@@H](OC(C)=O)C=C[C@H]4[C@@H](C2)N(C)CC[C@@]341.Cl,2.4104000000000005,0.4274712945091181,65.07000000000001,6,0,405.8780000000001,2,5,0.5238095238095238,28
CHEMBL2106636,BAMETHAN SULFATE,CCCCNCC(O)c1ccc(O)cc1.CCCCNCC(O)c1ccc(O)cc1.O=S(=O)(O)O,2.9778000000000002,0.1543098447535255,179.57999999999998,8,8,516.6570000000002,12,2,0.5,35
CHEMBL2106638,LOFEPRAMINE HYDROCHLORIDE,CN(CCCN1c2ccccc2CCc2ccccc21)CC(=O)c1ccc(Cl)cc1.Cl,6.203300000000007,0.39636632428732826,23.55,3,0,455.42900000000014,7,4,0.2692307692307692,31
CHEMBL2106643,MYCOPHENOLATE SODIUM,COc1c(C)c2c(c(O)c1C/C=C(\C)CCC(=O)[O-])C(=O)OC2.[Na+],-1.5974799999999982,0.3801446784975582,95.89,6,1,342.32300000000004,6,2,0.4117647058823529,24
CHEMBL2106660,ACEFYLLINE PIPERAZINE,C1CNCCN1.Cn1c(=O)c2c(ncn2CC(=O)O)n(C)c1=O.Cn1c(=O)c2c(ncn2CC(=O)O)n(C)c1=O,-3.784199999999995,0.18809386389115335,222.29999999999998,16,4,562.5440000000002,4,5,0.45454545454545453,40
CHEMBL2106678,ETAFEDRINE HYDROCHLORIDE,CCN(C)C(C)C(O)c1ccccc1.Cl,2.4820000000000007,0.8577663251666031,23.47,2,1,229.751,4,1,0.5,15
CHEMBL2106739,POLDINE METHYLSULFATE,COS(=O)(=O)[O-].C[N+]1(C)CCCC1COC(=O)C(O)(c1ccccc1)c1ccccc1,1.7975000000000008,0.3083278202769644,112.96000000000002,7,1,451.54100000000005,6,3,0.4090909090909091,31
CHEMBL2106794,NAFTAZONE,NC(=O)N/N=C1\C=Cc2ccccc2C1=O,0.9204000000000003,0.6824359772313198,84.55000000000001,3,2,215.212,1,2,0.0,16
CHEMBL2106825,MEDROGESTONE,CC(=O)[C@@]1(C)CC[C@H]2[C@@H]3C=C(C)C4=CC(=O)CC[C@]4(C)[C@H]3CC[C@@]21C,5.279700000000005,0.6505953525055084,34.14,2,0,340.5070000000001,1,4,0.7391304347826086,25
CHEMBL2106829,METHAQUALONE HYDROCHLORIDE,Cc1ccccc1-n1c(C)nc2ccccc2c1=O.Cl,3.424340000000002,0.6868692642470469,34.89,3,0,286.762,1,3,0.125,20
CHEMBL2106915,METHOPHOLINE,COc1cc2c(cc1OC)C(CCc1ccc(Cl)cc1)N(C)CC2,4.519000000000005,0.7949076765712912,21.700000000000003,3,0,345.8700000000001,5,3,0.4,24
CHEMBL2106922,MIDAZOLAM MALEATE,Cc1ncc2n1-c1ccc(Cl)cc1C(c1ccccc1F)=NC2.O=C(O)/C=C\C(=O)O,4.036020000000002,0.5967611381437323,104.78000000000002,5,2,441.8460000000002,3,4,0.09090909090909091,31
CHEMBL2106939,POLIHEXANIDE,CCCCCCNC(=N)NC(=N)N,0.5741400000000004,0.2459558967014168,97.78,2,5,185.275,5,0,0.75,13
CHEMBL2106975,POTASSIUM BICARBONATE,O=C([O-])O.[K+],-4.1083,0.314613871198609,60.36,2,1,100.114,0,0,0.0,5
CHEMBL2106978,POTASSIUM GLUCONATE,O=C([O-])[C@H](O)[C@@H](O)[C@H](O)[C@H](O)CO.[K+],-7.823799999999997,0.2973439808327824,141.28,7,5,234.245,5,0,0.8333333333333334,14
CHEMBL2106988,PENAMECILLIN,CC(=O)OCOC(=O)[C@@H]1N2C(=O)[C@@H](NC(=O)Cc3ccccc3)[C@H]2SC1(C)C,0.8400000000000005,0.4242776038437615,102.00999999999999,7,1,406.4600000000001,6,3,0.47368421052631576,28
CHEMBL2107004,QUINESTRADOL,C[C@]12CC[C@@H]3c4ccc(OC5CCCC5)cc4CC[C@H]3[C@@H]1C[C@@H](O)[C@@H]2O,4.195800000000004,0.8350270995359459,49.69,3,2,356.506,2,5,0.7391304347826086,26
CHEMBL2107011,OXYPERTINE,COc1cc2[nH]c(C)c(CCN3CCN(c4ccccc4)CC3)c2cc1OC,3.858220000000003,0.7061195500367738,40.730000000000004,4,1,379.50400000000013,6,4,0.391304347826087,28
CHEMBL2107062,PHENETURIDE,CCC(C(=O)NC(N)=O)c1ccccc1,1.3751000000000002,0.7836281163046619,72.19,2,2,206.24500000000003,3,1,0.2727272727272727,15
CHEMBL2107067,TESTOSTERONE UNDECANOATE,CCCCCCCCCCC(=O)O[C@H]1CC[C@H]2[C@@H]3CCC4=CC(=O)CC[C@]4(C)[C@H]3CC[C@]12C,7.960900000000009,0.24723781358374838,43.370000000000005,3,0,456.7110000000004,10,4,0.8666666666666667,33
CHEMBL2107124,PROTHIPENDYL HYDROCHLORIDE,CN(C)CCCN1c2ccccc2Sc2cccnc21.Cl,4.057800000000004,0.8451631774051516,19.37,4,0,321.877,4,3,0.3125,21
CHEMBL2107145,MAGNESIUM GLUCONATE,O=C([O-])[C@H](O)[C@@H](O)[C@H](O)[C@H](O)CO.O=C([O-])[C@H](O)[C@@H](O)[C@H](O)[C@H](O)CO.[Mg+2],-10.036400000000004,0.14844685240918482,282.56,14,10,414.59900000000005,10,0,0.8333333333333334,27
CHEMBL2107168,POTASSIUM SODIUM TARTRATE,O.O.O.O.O=C([O-])[C@H](O)[C@@H](O)C(=O)[O-].[K+].[Na+],-14.082799999999997,0.4744792704350091,246.71999999999997,6,2,282.218,3,0,0.5,16
CHEMBL2107175,RANELIC ACID,N#Cc1c(N(CC(=O)O)CC(=O)O)sc(C(=O)O)c1CC(=O)O,-0.07932000000000056,0.4993458276898128,176.23,7,4,342.2850000000001,8,1,0.25,23
CHEMBL2107213,PHENINDAMINE TARTRATE,CN1CCC2=C(C1)C(c1ccccc1)c1ccccc12.O=C(O)C(O)C(O)C(=O)O,1.7986,0.6058063441612808,118.30000000000003,5,4,411.4540000000002,4,4,0.30434782608695654,30
CHEMBL2107239,IOXITALAMIC ACID,CC(=O)Nc1c(I)c(C(=O)O)c(I)c(C(=O)NCCO)c1I,1.8790999999999998,0.3661867527456642,115.73,4,4,643.9410000000001,5,1,0.25,22
CHEMBL2107253,SULFADIMETHOXINE SODIUM,COc1cc([N-]S(=O)(=O)c2ccc(N)cc2)nc(OC)n1.[Na+],-1.5258999999999983,0.5212403515174188,118.50000000000001,7,1,332.31700000000006,5,2,0.16666666666666666,22
CHEMBL2107297,PHENAZOCINE HYDROBROMIDE,Br.CC1C2Cc3ccc(O)cc3C1(C)CCN2CCc1ccccc1,4.737000000000004,0.8020672843856749,23.47,2,1,402.3760000000002,3,4,0.45454545454545453,25
CHEMBL2107333,DIMETHYL FUMARATE,COC(=O)/C=C/C(=O)OC,-0.11140000000000017,0.40047702269500696,52.60000000000001,4,0,144.12599999999998,2,0,0.3333333333333333,10
CHEMBL2107354,MIFAMURTIDE,CCCCCCCCCCCCCCCC(=O)OC[C@H](COP(=O)([O-])OCCNC(=O)[C@H](C)NC(=O)CC[C@@H](NC(=O)[C@H](C)NC(=O)[C@@H](C)O[C@H]1[C@H](O)[C@@H](CO)OC(O)[C@@H]1NC(C)=O)C(N)=O)OC(=O)CCCCCCCCCCCCCCC.O.[Na+],1.3095999999999919,0.01793664034642167,410.42999999999995,19,9,1277.5150000000006,52,1,0.864406779661017,87
CHEMBL2107355,MIGALASTAT HYDROCHLORIDE,Cl.OC[C@H]1NC[C@H](O)[C@@H](O)[C@H]1O,-2.5449999999999995,0.3209202298362853,92.95,5,5,199.63400000000004,1,1,1.0,12
CHEMBL2107360,PALIPERIDONE PALMITATE,CCCCCCCCCCCCCCCC(=O)OC1CCCn2c1nc(C)c(CCN1CCC(c3noc4cc(F)ccc34)CC1)c2=O,9.113520000000003,0.09325911873265398,90.46000000000001,8,0,664.9070000000002,19,5,0.6923076923076923,48
CHEMBL2107374,SUGAMMADEX SODIUM,O=C([O-])CCSC[C@H]1O[C@@H]2O[C@H]3[C@H](O)[C@@H](O)[C@@H](O[C@H]4[C@H](O)[C@@H](O)[C@@H](O[C@H]5[C@H](O)[C@@H](O)[C@@H](O[C@H]6[C@H](O)[C@@H](O)[C@@H](O[C@H]7[C@H](O)[C@@H](O)[C@@H](O[C@H]8[C@H](O)[C@@H](O)[C@@H](O[C@H]9[C@H](O)C(O)[C@@H](O[C@H]1[C@H](O)[C@H]2O)O[C@@H]9CSCCC(=O)[O-])O[C@@H]8CSCCC(=O)[O-])O[C@@H]7CSCCC(=O)[O-])O[C@@H]6CSCCC(=O)[O-])O[C@@H]5CSCCC(=O)[O-])O[C@@H]4CSCCC(=O)[O-])O[C@@H]3CSCCC(=O)[O-].[Na+].[Na+].[Na+].[Na+].[Na+].[Na+].[Na+].[Na+],-42.32720000000019,0.020006852593652244,792.4000000000002,56,16,2178.032000000001,40,30,0.8888888888888888,136
CHEMBL2107381,URIDINE TRIACETATE,CC(=O)OC[C@H]1O[C@@H](n2ccc(=O)[nH]c2=O)[C@H](OC(C)=O)[C@@H]1OC(C)=O,-1.1394999999999988,0.5022752412372868,142.99,10,1,370.31400000000014,5,2,0.5333333333333333,26
CHEMBL2107383,VERNAKALANT HYDROCHLORIDE,COc1ccc(CCO[C@@H]2CCCC[C@H]2N2CC[C@@H](O)C2)cc1OC.Cl,3.062500000000002,0.781283730802096,51.16000000000001,5,1,385.9320000000001,7,3,0.7,26
CHEMBL2107386,VORAPAXAR SULFATE,CCOC(=O)N[C@@H]1CC[C@@H]2[C@@H](C1)C[C@H]1C(=O)O[C@H](C)[C@H]1[C@H]2/C=C/c1ccc(-c2cccc(F)c2)cn1.O=S(=O)(O)O,4.976700000000005,0.3234338794726439,152.11999999999998,7,3,590.6700000000003,5,5,0.4827586206896552,41
CHEMBL2107387,VORTIOXETINE HYDROBROMIDE,Br.Cc1ccc(Sc2ccccc2N2CCNCC2)c(C)c1,4.442140000000004,0.8488408192855684,15.27,3,1,379.3670000000002,3,3,0.3333333333333333,22
CHEMBL2107389,GESTONORONE CAPROATE,CCCCCC(=O)O[C@]1(C(C)=O)CC[C@H]2[C@@H]3CCC4=CC(=O)CC[C@@H]4[C@H]3CC[C@@]21C,5.579500000000007,0.4204182979858331,60.440000000000005,4,0,414.58600000000024,6,4,0.8076923076923077,30
CHEMBL2107430,FLUTRIMAZOLE,Fc1ccc(C(c2ccccc2)(c2ccccc2F)n2ccnc2)cc1,5.001500000000004,0.4754963444139793,17.82,2,0,346.38000000000005,4,4,0.045454545454545456,26
CHEMBL2107495,TEMAFLOXACIN HYDROCHLORIDE,CC1CN(c2cc3c(cc2F)c(=O)c(C(=O)O)cn3-c2ccc(F)cc2F)CCN1.Cl,3.3261000000000016,0.6361101902323473,74.57,5,2,453.848,3,4,0.23809523809523808,31
CHEMBL2107525,SODIUM PHOSPHATE P 32,O=[32P]([O-])([O-])O.[Na+].[Na+],-8.1846,0.26933743760494033,83.42,3,1,142.95790727,0,0,0.0,7
CHEMBL2107560,"SODIUM PHOSPHATE, DIBASIC",O.O.O=P([O-])([O-])O.[Na+].[Na+],-9.833999999999998,0.2892839903287113,146.42,3,1,177.98800000000003,0,0,0.0,9
CHEMBL2107567,"CALCIUM PHOSPHATE, DIBASIC",O=P([O-])([O-])O.[Ca+2],-2.5734,0.2927136971859013,83.42,3,1,136.05599999999998,0,0,0.0,6
CHEMBL2107606,DIPIPANONE HYDROCHLORIDE,CCC(=O)C(CC(C)N1CCCCC1)(c1ccccc1)c1ccccc1.Cl,5.638100000000007,0.6143623711963788,20.310000000000002,2,0,385.979,7,3,0.4583333333333333,27
CHEMBL2107679,BENETHAMINE PENICILLIN,CC1(C)S[C@@H]2[C@H](NC(=O)Cc3ccccc3)C(=O)N2[C@H]1C(=O)O.c1ccc(CCNCc2ccccc2)cc1,3.8797000000000015,0.2789256640763873,98.74000000000001,5,3,545.7050000000003,9,5,0.3225806451612903,39
CHEMBL2107703,FENTICONAZOLE NITRATE,Clc1ccc(C(Cn2ccnc2)OCc2ccc(Sc3ccccc3)cc2)c(Cl)c1.O=[N+]([O-])O,6.951500000000005,0.20053793284799293,90.42,6,1,518.4220000000001,8,4,0.125,34
CHEMBL2107797,NORGESTREL,C#CC1(O)CC[C@H]2[C@@H]3CCC4=CC(=O)CC[C@@H]4[C@H]3CC[C@@]21CC,3.8826000000000036,0.7460501574652694,37.3,2,1,312.4530000000001,1,4,0.7619047619047619,23
CHEMBL2107815,TREPROSTINIL DIOLAMINE,CCCCC[C@H](O)CC[C@@H]1[C@H]2Cc3cccc(OCC(=O)O)c3C[C@H]2C[C@H]1O.OCCNCCO,2.1438,0.2158656413188515,139.48000000000002,7,6,495.6570000000004,14,3,0.7407407407407407,35
CHEMBL2107816,RADIUM RA 223 DICHLORIDE,Cl[223Ra]Cl,1.379,0.6330018172717544,0.0,0,0,293.9245022,0,0,0.0,3
CHEMBL2107817,AVIBACTAM SODIUM,NC(=O)[C@@H]1CC[C@@H]2CN1C(=O)N2OS(=O)(=O)[O-].[Na+],-4.8638999999999974,0.3141850710087251,133.07,6,1,287.22900000000004,3,2,0.7142857142857143,18
CHEMBL2107825,TENOFOVIR ALAFENAMIDE,CC(C)OC(=O)[C@H](C)N[P@](=O)(CO[C@H](C)Cn1cnc2c(N)ncnc21)Oc1ccccc1,2.9729,0.3129977215658726,143.48,10,2,476.47400000000016,11,3,0.42857142857142855,33
CHEMBL2107826,VIBEGRON,O=C(Nc1ccc(C[C@@H]2CC[C@H]([C@H](O)c3ccccc3)N2)cc1)[C@@H]1CCc2nccc(=O)n21,2.766000000000001,0.5433932096189031,96.25,6,3,444.53500000000014,6,5,0.34615384615384615,33
CHEMBL2107830,EMPAGLIFLOZIN,OC[C@H]1O[C@@H](c2ccc(Cl)c(Cc3ccc(O[C@H]4CCOC4)cc3)c2)[C@H](O)[C@@H](O)[C@@H]1O,1.6133999999999993,0.5291572262506439,108.61000000000001,7,4,450.91500000000013,6,4,0.4782608695652174,31
CHEMBL2107831,LUSUTROMBOPAG,CCCCCCO[C@@H](C)c1cccc(-c2csc(NC(=O)c3cc(Cl)c(/C=C(\C)C(=O)O)c(Cl)c3)n2)c1OC,8.523600000000004,0.15276933350769517,97.75,6,2,591.5570000000001,13,3,0.3448275862068966,39
CHEMBL2107834,RIOCIGUAT,COC(=O)N(C)c1c(N)nc(-c2nn(Cc3ccccc3F)c3ncccc23)nc1N,2.4426999999999994,0.5113498614184088,138.07000000000002,9,2,422.42400000000015,4,4,0.15,31
CHEMBL2109882,TRISILICATE,O=[Si](O)O[Si](O)(O)O[Si](=O)O,-3.7448,0.35217436980422645,133.52,6,4,216.282,4,0,0.0,11
CHEMBL2110367,TRIMETHOPRIM SULFATE,COc1cc(Cc2cnc(N)nc2N)cc(OC)c1OC.COc1cc(Cc2cnc(N)nc2N)cc(OC)c1OC.O=S(=O)(O)O,1.862400000000002,0.13043314761836844,285.62,16,6,678.7250000000005,10,4,0.2857142857142857,47
CHEMBL2110368,BETHANIDINE SULFATE,C/N=C(\NC)NCc1ccccc1.C/N=C(\NC)NCc1ccccc1.O=S(=O)(O)O,1.3100000000000016,0.2311381527375003,147.44,4,6,452.58100000000013,4,2,0.3,31
CHEMBL2110372,RANITIDINE HYDROCHLORIDE,CNC(=C[N+](=O)[O-])NCCSCc1ccc(CN(C)C)o1.Cl,1.8808000000000002,0.37841647599346956,83.58,7,2,350.872,10,1,0.5384615384615384,22
CHEMBL2110557,RUBIDIUM CHLORIDE,[Cl-].[Rb+],-5.992,0.2990304184509295,0.0,0,0,120.921,0,0,0.0,2
CHEMBL2110588,ELIGLUSTAT,CCCCCCCC(=O)N[C@H](CN1CCCC1)[C@H](O)c1ccc2c(c1)OCCO2,3.4323000000000023,0.5530897750136828,71.03000000000002,5,2,404.55100000000016,11,3,0.6956521739130435,29
CHEMBL2110725,VINFLUNINE,CC[C@]12C=CCN3CC[C@@]4(c5cc([C@@]6(C(=O)OC)C[C@@H]7C[C@@H](C(C)(F)F)CN(Cc8c6[nH]c6ccccc86)C7)c(OC)cc5N(C)[C@H]4[C@@](O)(C(=O)OC)[C@@H]1OC(C)=O)[C@@H]32,5.078700000000006,0.18811980773354497,133.87,11,2,816.943,7,9,0.5777777777777777,59
CHEMBL2110731,TOFOGLIFLOZIN ANHYDROUS,CCc1ccc(Cc2ccc3c(c2)[C@]2(OC3)O[C@H](CO)[C@@H](O)[C@H](O)[C@H]2O)cc1,0.9965999999999995,0.6257018128183677,99.38000000000001,6,4,386.44399999999996,4,4,0.45454545454545453,28
CHEMBL2110732,DACOMITINIB ANHYDROUS,COc1cc2ncnc(Nc3ccc(F)c(Cl)c3)c2cc1NC(=O)/C=C/CN1CCCCC1,5.1551000000000045,0.46544532094051466,79.38000000000001,6,2,469.9480000000004,7,4,0.2916666666666667,33
CHEMBL2110771,AMBUTONIUM,CC[N+](C)(C)CCC(C(N)=O)(c1ccccc1)c1ccccc1,2.944400000000001,0.7850149547651837,43.09,1,1,311.449,7,2,0.35,23
CHEMBL2110774,CHLORPHENOXAMINE,CN(C)CCOC(C)(c1ccccc1)c1ccc(Cl)cc1,4.181700000000004,0.7934887989018063,12.47,2,0,303.833,6,2,0.3333333333333333,21
CHEMBL2110805,EMEPRONIUM,CC[N+](C)(C)C(C)CC(c1ccccc1)c1ccccc1,4.693400000000004,0.6740720532374792,0.0,0,0,282.451,6,2,0.4,21
CHEMBL2110816,BUTRIPTYLINE,CC(CC1c2ccccc2CCc2ccccc21)CN(C)C,4.504900000000004,0.8017174698650844,3.24,1,0,293.454,4,3,0.42857142857142855,22
CHEMBL2110824,BUSERELIN,CCNC(=O)[C@@H]1CCCN1C(=O)[C@H](CCCNC(=N)N)NC(=O)[C@H](CC(C)C)NC(=O)[C@@H](COC(C)(C)C)NC(=O)[C@H](Cc1ccc(O)cc1)NC(=O)[C@H](CO)NC(=O)[C@H](Cc1c[nH]c2ccccc12)NC(=O)[C@H](Cc1cnc[nH]1)NC(=O)[C@@H]1CCC(=O)N1,-1.4594300000000107,0.01509566509391981,438.26999999999987,15,16,1239.4470000000003,32,6,0.5333333333333333,89
CHEMBL2110848,LACHESINE,CC[N+](C)(C)CCOC(=O)C(O)(c1ccccc1)c1ccccc1,2.5620000000000003,0.6275620934537514,46.53,3,1,328.4320000000001,7,2,0.35,24
CHEMBL2110900,DAPOXETINE,CN(C)[C@@H](CCOc1cccc2ccccc12)c1ccccc1,4.911600000000004,0.6412343676948534,12.47,2,0,305.42100000000005,6,3,0.23809523809523808,23
CHEMBL2110926,ETAFEDRINE,CCN(C)C(C)C(O)c1ccccc1,2.0602,0.7908762339991562,23.47,2,1,193.29,4,1,0.5,14
CHEMBL2110948,POLDINE,C[N+]1(C)CCCC1COC(=O)C(O)(c1ccccc1)c1ccccc1,2.7045000000000003,0.6723815616456493,46.53,3,1,340.44300000000004,5,3,0.38095238095238093,25
CHEMBL2111030,PROTHIPENDYL,CN(C)CCCN1c2ccccc2Sc2cccnc21,3.636000000000003,0.8536245937847351,19.37,4,0,285.41600000000005,4,3,0.3125,20
CHEMBL2111097,LEVAMLODIPINE,CCOC(=O)C1=C(COCCN)NC(C)=C(C(=O)OC)[C@@H]1c1ccccc1Cl,2.266300000000001,0.5023259105130484,99.88000000000001,7,2,408.88200000000006,8,2,0.4,28
CHEMBL2111100,MIFAMURTIDE ACID,CCCCCCCCCCCCCCCC(=O)OC[C@H](COP(=O)(O)OCCNC(=O)[C@H](C)NC(=O)CC[C@@H](NC(=O)[C@H](C)NC(=O)[C@@H](C)O[C@H]1[C@H](O)[C@@H](CO)OC(O)[C@@H]1NC(C)=O)C(N)=O)OC(=O)CCCCCCCCCCCCCCC,5.762300000000014,0.01964150458727081,376.0999999999999,18,10,1237.5180000000005,52,1,0.864406779661017,85
CHEMBL2111101,PIMAVANSERIN,CC(C)COc1ccc(CNC(=O)N(Cc2ccc(F)cc2)C2CCN(C)CC2)cc1,4.6665000000000045,0.6660910059272132,44.81,3,1,427.5640000000002,8,3,0.48,31
CHEMBL2111107,SUGAMMADEX,O=C(O)CCSC[C@H]1O[C@@H]2O[C@H]3[C@H](O)[C@@H](O)[C@@H](O[C@H]4[C@H](O)[C@@H](O)[C@@H](O[C@H]5[C@H](O)[C@@H](O)[C@@H](O[C@H]6[C@H](O)[C@@H](O)[C@@H](O[C@H]7[C@H](O)[C@@H](O)[C@@H](O[C@H]8[C@H](O)[C@@H](O)[C@@H](O[C@H]9[C@H](O)C(O)[C@@H](O[C@H]1[C@H](O)[C@H]2O)O[C@@H]9CSCCC(=O)O)O[C@@H]8CSCCC(=O)O)O[C@@H]7CSCCC(=O)O)O[C@@H]6CSCCC(=O)O)O[C@@H]5CSCCC(=O)O)O[C@@H]4CSCCC(=O)O)O[C@@H]3CSCCC(=O)O,-7.681600000000057,0.02534533004966204,769.7600000000007,48,24,2002.1760000000024,40,30,0.8888888888888888,128
CHEMBL2111112,VERNAKALANT,COc1ccc(CCO[C@@H]2CCCC[C@H]2N2CC[C@@H](O)C2)cc1OC,2.6407000000000007,0.8200756996105425,51.16000000000001,5,1,349.47100000000006,7,3,0.7,25
CHEMBL2111157,DIPIPANONE,CCC(=O)C(CC(C)N1CCCCC1)(c1ccccc1)c1ccccc1,5.216300000000006,0.683173316167686,20.310000000000002,2,0,349.518,7,3,0.4583333333333333,26
CHEMBL2111187,RADIUM DICHLORIDE,Cl[Ra]Cl,1.379,0.6335280316560297,0.0,0,0,296.90599999999995,0,0,0.0,3
CHEMBL2111286,RANITIDINE BISMUTH CITRATE,CNC(=C[N+](=O)[O-])NCCSCc1ccc(CN(C)C)o1.O=C([O-])CC(O)(CC(=O)[O-])C(=O)[O-].[Bi+3],-4.174399999999994,0.06797362355290547,224.2,14,3,712.4900000000004,15,1,0.5263157894736842,35
CHEMBL2134724,IPRATROPIUM BROMIDE,CC(C)[N+]1(C)[C@@H]2CC[C@H]1C[C@@H](OC(=O)C(CO)c1ccccc1)C2.O.[Br-],-0.9665999999999972,0.48276060274518645,78.03,3,1,430.38300000000004,5,3,0.65,26
CHEMBL2135460,TERLIPRESSIN,NCCCC[C@H](NC(=O)[C@@H]1CCCN1C(=O)[C@@H]1CSSC[C@H](NC(=O)CNC(=O)CNC(=O)CN)C(=O)N[C@@H](Cc2ccc(O)cc2)C(=O)N[C@@H](Cc2ccccc2)C(=O)N[C@@H](CCC(N)=O)C(=O)N[C@@H](CC(N)=O)C(=O)N1)C(=O)NCC(N)=O,-6.980500000000019,0.03244495277112882,512.8499999999998,19,16,1227.3950000000002,25,4,0.5,85
CHEMBL2138684,FROVATRIPTAN SUCCINATE,CN[C@@H]1CCc2[nH]c3ccc(C(N)=O)cc3c2C1.O.O=C(O)CCC(=O)O,0.4545999999999998,0.5033552720283218,177.00999999999996,4,5,379.4130000000002,5,3,0.3888888888888889,27
CHEMBL2141296,IXAZOMIB,CC(C)C[C@H](NC(=O)CNC(=O)c1cc(Cl)ccc1Cl)B(O)O,1.2660999999999993,0.5500149223256271,98.66000000000001,4,4,361.034,7,1,0.42857142857142855,23
CHEMBL2142890,ACEGLUMATE,CC(=O)NC(CCC(=O)O)C(=O)O,-0.5594999999999994,0.5374430827397596,103.7,3,3,189.167,5,0,0.5714285714285714,13
CHEMBL2145077,IVABRADINE HYDROCHLORIDE,COc1cc2c(cc1OC)CC(=O)N(CCCN(C)C[C@H]1Cc3cc(OC)c(OC)cc31)CC2.Cl,3.731800000000004,0.49111979963443275,60.47000000000001,6,0,505.05500000000035,10,4,0.5185185185185185,35
CHEMBL2146063,CHLORTETRACYCLINE HYDROCHLORIDE,CN(C)[C@@H]1C(O)=C(C(N)=O)C(=O)[C@@]2(O)C(O)=C3C(=O)c4c(O)ccc(Cl)c4[C@@](C)(O)[C@H]3C[C@@H]12.Cl,0.8608000000000005,0.3113879292937894,181.61999999999998,9,6,515.3460000000002,2,4,0.4090909090909091,34
CHEMBL2146083,QUININE BISULFATE,C=C[C@H]1CN2CC[C@H]1C[C@H]2[C@H](O)c1ccnc2ccc(OC)cc12.O=S(=O)(O)O.O=S(=O)(O)O,1.8676000000000001,0.29036756624529797,194.79,8,5,520.5820000000002,4,5,0.45,34
CHEMBL2146088,QUININE DIHYDROCHLORIDE,C=C[C@H]1CN2CC[C@H]1C[C@H]2[C@H](O)c1ccnc2ccc(OC)cc12.Cl.Cl,4.016800000000005,0.7921699658218129,45.59,4,1,397.34600000000006,4,5,0.45,26
CHEMBL2146102,EPHEDRINE HYDROCHLORIDE,CN[C@@H](C)[C@H](O)c1ccccc1.Cl,1.7496999999999998,0.7813001545014681,32.26,2,2,201.697,3,1,0.4,13
CHEMBL2146123,METHACYCLINE HYDROCHLORIDE,C=C1c2cccc(O)c2C(=O)C2=C(O)[C@]3(O)C(=O)C(C(N)=O)=C(O)[C@@H](N(C)C)[C@@H]3[C@@H](O)[C@H]12.Cl,-0.016099999999999226,0.31810027798221024,181.62,9,6,478.88500000000016,2,4,0.3181818181818182,33
CHEMBL2146124,CEFUROXIME SODIUM,CO/N=C(\C(=O)N[C@@H]1C(=O)N2C(C(=O)[O-])=C(COC(N)=O)CS[C@H]12)c1ccco1.[Na+],-4.866699999999996,0.1799005871616007,176.58999999999997,10,2,446.3730000000001,7,3,0.3125,30
CHEMBL2146140,ESOMEPRAZOLE STRONTIUM,COc1ccc2[n-]c([S@@+]([O-])Cc3ncc(C)c(OC)c3C)nc2c1.COc1ccc2[n-]c([S@@+]([O-])Cc3ncc(C)c(OC)c3C)nc2c1.O.O.O.O.[Sr+2],1.3780800000000015,0.1395790417852342,288.8,10,0,848.512,10,6,0.29411764705882354,53
CHEMBL2146146,ATROPINE SULFATE,CN1[C@@H]2CC[C@H]1C[C@@H](OC(=O)C(CO)c1ccccc1)C2.O=S(=O)(O)O,1.2780999999999998,0.5212172937636339,124.37,6,3,387.4540000000001,4,3,0.5882352941176471,26
CHEMBL2146883,COBIMETINIB,O=C(c1ccc(F)c(F)c1Nc1ccc(I)cc1F)N1CC(O)([C@@H]2CCCCN2)C1,3.781100000000002,0.5262225719674639,64.60000000000001,4,3,531.3160000000003,4,4,0.38095238095238093,30
CHEMBL2147777,TENELIGLIPTIN,Cc1cc(N2CCN([C@@H]3CN[C@H](C(=O)N4CCSC4)C3)CC2)n(-c2ccccc2)n1,1.5661200000000006,0.8010417299824585,56.64,7,1,426.5900000000002,4,5,0.5454545454545454,30
CHEMBL2159122,ELUXADOLINE,COc1ccc(CN(C(=O)[C@@H](N)Cc2c(C)cc(C(N)=O)cc2C)[C@@H](C)c2ncc(-c3ccccc3)[nH]2)cc1C(=O)O,4.159040000000003,0.21054162510411417,164.63,6,4,569.6620000000003,11,4,0.25,42
CHEMBL2178422,RIMEGEPANT,N[C@@H]1c2cccnc2[C@H](OC(=O)N2CCC(n3c(=O)[nH]c4ncccc43)CC2)CC[C@H]1c1cccc(F)c1F,4.490000000000004,0.3740380384480267,119.12999999999998,7,2,534.5670000000003,3,6,0.35714285714285715,39
CHEMBL2181927,FINERENONE,CCOc1ncc(C)c2c1[C@H](c1ccc(C#N)cc1OC)C(C(N)=O)=C(C)N2,2.9856999999999996,0.8274841249091268,110.25999999999999,6,2,378.4320000000002,5,3,0.2857142857142857,28
CHEMBL2205807,ABAMETAPIR,Cc1ccc(-c2ccc(C)cn2)nc1,2.760440000000001,0.680654393103414,25.78,2,0,184.242,1,2,0.16666666666666666,14
CHEMBL2206196,PAROMOMYCIN SULFATE,NC[C@@H]1O[C@H](O[C@H]2[C@@H](O)[C@H](O[C@@H]3[C@@H](O)[C@H](N)C[C@H](N)[C@H]3O[C@H]3O[C@H](CO)[C@@H](O)[C@H](O)[C@H]3N)O[C@@H]2CO)[C@H](N)[C@@H](O)[C@@H]1O.O=S(=O)(O)O,-9.514500000000016,0.09858466421145608,421.92,21,15,713.7130000000005,9,4,1.0,47
CHEMBL2216870,IDELALISIB,CC[C@H](Nc1ncnc2[nH]cnc12)c1nc2cccc(F)c2c(=O)n1-c1ccccc1,3.7543000000000015,0.4533184660974361,101.38000000000002,7,2,415.43200000000013,5,5,0.13636363636363635,31
CHEMBL2218861,QUINAGOLIDE,CCCN1CC(NS(=O)(=O)N(CC)CC)CC2Cc3c(O)cccc3CC21,2.136099999999999,0.7418884276268264,72.88000000000001,4,2,395.56900000000013,7,3,0.7,27
CHEMBL2218877,ERYTHROMYCIN ESTOLATE,CCC(=O)O[C@H]1[C@H](O[C@@H]2[C@@H](C)[C@H](O[C@H]3C[C@@](C)(OC)[C@@H](O)[C@H](C)O3)[C@@H](C)C(=O)O[C@H](CC)[C@@](C)(O)[C@H](O)[C@@H](C)C(=O)[C@H](C)C[C@@]2(C)O)O[C@H](C)C[C@@H]1N(C)C.CCCCCCCCCCCCOS(=O)(=O)O,6.47320000000001,0.04682220600801401,263.58,18,5,1056.4039999999993,21,3,0.9423076923076923,72
CHEMBL2218878,TRIMETREXATE GLUCURONATE,COc1cc(NCc2ccc3nc(N)nc(N)c3c2C)cc(OC)c1OC.O=C(O)[C@H]1O[C@H](O)[C@H](O)[C@@H](O)[C@@H]1O,-0.388579999999998,0.1823543880208232,244.98999999999995,14,8,563.5640000000004,7,4,0.4,40
CHEMBL2218894,FLUVASTATIN SODIUM,CC(C)n1c(/C=C/C(O)CC(O)CC(=O)[O-])c(-c2ccc(F)cc2)c2ccccc21.[Na+],0.2973999999999999,0.5006657654315045,85.52,5,2,433.45500000000004,8,3,0.2916666666666667,31
CHEMBL2218896,NABILONE,CCCCCCC(C)(C)c1cc(O)c2c(c1)OC(C)(C)C1CCC(=O)CC21,6.264000000000007,0.5991110663803345,46.53,3,1,372.5490000000002,6,3,0.7083333333333334,27
CHEMBL2218908,COLISTIN SULFATE,CC(C)CCCCC(=O)N[C@@H](CCN)C(=O)N[C@@H](CN[C@@H](CCN)C(=O)N[C@H]1CCNC(=O)[C@H]([C@@H](C)O)NC(=O)[C@H](CCN)NC(=O)[C@H](CCN)NC(=O)[C@H](CC(C)C)NC(=O)[C@@H](CC(C)C)NC(=O)[C@H](CCN)NC1=O)[C@@H](C)O.CCC(C)CCCCC(=O)N[C@@H](CCN)C(=O)N[C@@H](CN[C@@H](CCN)C(=O)N[C@H]1CCNC(=O)[C@H]([C@@H](C)O)NC(=O)[C@H](CCN)NC(=O)[C@H](CCN)NC(=O)[C@H](CC(C)C)NC(=O)[C@@H](CC(C)C)NC(=O)[C@H](CCN)NC1=O)[C@@H](C)O.O=S(=O)(O)O.O=S(=O)(O)O,-11.631699999999974,0.01985824681630994,1096.38,40,40,2493.1289999999967,59,2,0.8095238095238095,171
CHEMBL2218913,CAPREOMYCIN SULFATE,C[C@@H]1NC(=O)[C@@H](N)CNC(=O)[C@H](C2CCNC(=N)N2)NC(=O)/C(=C/NC(N)=O)NC(=O)[C@H](CNC(=O)CC(N)CCCN)NC1=O.N=C1NCCC([C@@H]2NC(=O)/C(=C/NC(N)=O)NC(=O)[C@H](CNC(=O)CC(N)CCCN)NC(=O)[C@H](CO)NC(=O)[C@@H](N)CNC2=O)N1.O=S(=O)(O)O.O=S(=O)(O)O,-16.328259999999894,0.04217366537544799,880.8100000000001,27,33,1517.5930000000005,19,4,0.6,103
CHEMBL2218916,DURAPATITE,O=P([O-])([O-])[O-].O=P([O-])([O-])[O-].O=P([O-])([O-])[O-].[Ca+2].[Ca+2].[Ca+2].[Ca+2].[Ca+2].[OH-],-10.554600000000004,0.2196815668289092,288.75,13,0,502.30699999999985,0,0,0.0,21
CHEMBL2218917,CEVIMELINE HYDROCHLORIDE,CC1OC2(CS1)CN1CCC2CC1.Cl.O,1.1572999999999998,0.6508193082744536,43.97,3,0,253.79499999999993,0,4,1.0,15
CHEMBL2219411,MOMELOTINIB DIHYDROCHLORIDE,Cl.Cl.N#CCNC(=O)c1ccc(-c2ccnc(Nc3ccc(N4CCOCC4)cc3)n2)cc1,3.820780000000002,0.5098561054495987,103.17,7,2,487.3910000000003,6,4,0.21739130434782608,33
CHEMBL2219414,ERAVACYCLINE DIHYDROCHLORIDE,CN(C)[C@@H]1C(O)=C(C(N)=O)C(=O)[C@@]2(O)C(O)=C3C(=O)c4c(O)c(NC(=O)CN5CCCC5)cc(F)c4C[C@H]3C[C@@H]12.Cl.Cl,1.1375999999999995,0.20278888585646984,193.73,10,6,631.4850000000002,5,5,0.48148148148148145,42
CHEMBL2219416,NALOXEGOL OXALATE,C=CCN1CC[C@]23c4c5ccc(O)c4O[C@H]2[C@@H](OCCOCCOCCOCCOCCOCCOCCOC)CC[C@@]3(O)[C@H]1C5.O=C(O)C(=O)O,1.0191000000000079,0.06642298065639445,201.37,14,4,741.8280000000004,24,5,0.7222222222222222,52
CHEMBL2219418,NALOXEGOL,C=CCN1CC[C@]23c4c5ccc(O)c4O[C@H]2[C@@H](OCCOCCOCCOCCOCCOCCOCCOC)CC[C@@]3(O)[C@H]1C5,1.8635000000000028,0.1252158273224996,126.77000000000004,12,2,651.7940000000003,24,5,0.7647058823529411,46
CHEMBL2219425,ARIPIPRAZOLE LAUROXIL,CCCCCCCCCCCC(=O)OCN1C(=O)CCc2ccc(OCCCCN3CCN(c4cccc(Cl)c4Cl)CC3)cc21,8.675400000000007,0.11105766675976755,62.32000000000001,6,0,660.7270000000002,19,4,0.6111111111111112,45
CHEMBL2219536,MIPOMERSEN,COCCO[C@@H]1[C@H](SP(=O)(O)OC[C@H]2O[C@@H](n3cc(C)c(=O)[nH]c3=O)[C@H](OCCOC)[C@@H]2SP(=O)(O)OC[C@H]2O[C@@H](n3cc(C)c(N)nc3=O)[C@H](OCCOC)[C@@H]2SP(=O)(O)OC[C@H]2O[C@@H](n3cnc4c(N)ncnc43)C[C@@H]2SP(=O)(O)OC[C@H]2O[C@@H](n3cnc4c(=O)[nH]c(N)nc43)C[C@@H]2SP(=O)(O)OC[C@H]2O[C@@H](n3cc(C)c(=O)[nH]c3=O)C[C@@H]2SP(=O)(O)OC[C@H]2O[C@@H](n3cc(C)c(N)nc3=O)C[C@@H]2SP(=O)(O)OC[C@H]2O[C@@H](n3cc(C)c(=O)[nH]c3=O)C[C@@H]2SP(=O)(O)OC[C@H]2O[C@@H](n3cnc4c(=O)[nH]c(N)nc43)C[C@@H]2SP(=O)(O)OC[C@H]2O[C@@H](n3cc(C)c(N)nc3=O)C[C@@H]2SP(=O)(O)OC[C@H]2O[C@@H](n3cc(C)c(=O)[nH]c3=O)C[C@@H]2SP(=O)(O)OC[C@H]2O[C@@H](n3cc(C)c(=O)[nH]c3=O)C[C@@H]2SP(=O)(O)OC[C@H]2O[C@@H](n3cc(C)c(N)nc3=O)C[C@@H]2SP(=O)(O)OC[C@H]2O[C@@H](n3cnc4c(=O)[nH]c(N)nc43)[C@H](OCCOC)[C@@H]2SP(=O)(O)OC[C@@H]2O[C@H](n3cc(C)c(N)nc3=O)[C@@H](OCCOC)[C@H]2SP(=O)(O)OC[C@@H]2O[C@H](n3cnc4c(N)ncnc43)[C@@H](OCCOC)[C@H]2SP(=O)(O)OC[C@@H]2O[C@H](n3cc(C)c(N)nc3=O)[C@@H](OCCOC)[C@H]2SP(=O)(O)OC[C@@H]2O[C@H](n3cc(C)c(N)nc3=O)[C@@H](OCCOC)[C@H]2O)[C@@H](COP(=O)(O)S[C@H]2[C@@H](OCCOC)[C@H](n3cc(C)c(N)nc3=O)O[C@@H]2COP(=O)(O)S[C@H]2[C@@H](OCCOC)[C@H](n3cnc4c(=O)[nH]c(N)nc43)O[C@@H]2CO)O[C@H]1n1cc(C)c(N)nc1=O,4.988380000000119,0.017627658938483205,2613.820000000001,180,45,7177.247999999992,156,46,0.6260869565217392,457
CHEMBL2219640,STRONTIUM CHLORIDE,[Cl-].[Cl-].[Sr+2],-6.3728,0.30789055143913807,0.0,0,0,158.526,0,0,0.0,3
CHEMBL2219642,MAGNESIUM CHLORIDE ANHYDROUS,[Cl-].[Cl-].[Mg+2],-6.3728,0.26255213336199046,0.0,0,0,95.21100000000001,0,0,0.0,3
CHEMBL2219738,POTASSIUM SODIUM TARTRATE,O=C([O-])[C@H](O)[C@@H](O)C(=O)[O-].[K+].[Na+],-10.784,0.4460105428149406,120.72,6,2,210.15799999999996,3,0,0.5,12
CHEMBL2219740,CALCIUM GLUBIONATE,O=C([O-])[C@H](O)[C@@H](O)[C@H](O)[C@H](O)CO.O=C([O-])[C@H](O)[C@@H](O)[C@H](O[C@@H]1O[C@H](CO)[C@H](O)[C@H](O)[C@H]1O)[C@H](O)CO.[Ca+2],-12.21220000000001,0.08820178735730759,361.71000000000004,19,13,592.5130000000001,13,1,0.8888888888888888,38
CHEMBL2220427,ERYTHROMYCIN PROPIONATE,CCC(=O)O[C@H]1[C@H](O[C@@H]2[C@@H](C)[C@H](O[C@H]3C[C@@](C)(OC)[C@@H](O)[C@H](C)O3)[C@@H](C)C(=O)O[C@H](CC)[C@@](C)(O)[C@H](O)[C@@H](C)C(=O)[C@H](C)C[C@@]2(C)O)O[C@H](C)C[C@@H]1N(C)C,2.7465000000000055,0.24859068867917034,199.98,15,4,790.0010000000001,9,3,0.925,55
CHEMBL2220442,FLUVASTATIN,CC(C)n1c(/C=C/C(O)CC(O)CC(=O)O)c(-c2ccc(F)cc2)c2ccccc21,4.628100000000003,0.5047877346321323,82.69,4,3,411.473,8,3,0.2916666666666667,30
CHEMBL2221249,COLISTIN,CC(C)CCCCC(=O)N[C@@H](CCN)C(=O)N[C@@H](CN[C@@H](CCN)C(=O)N[C@H]1CCNC(=O)[C@H]([C@@H](C)O)NC(=O)[C@H](CCN)NC(=O)[C@H](CCN)NC(=O)[C@H](CC(C)C)NC(=O)[C@@H](CC(C)C)NC(=O)[C@H](CCN)NC1=O)[C@@H](C)O.CCC(C)CCCCC(=O)N[C@@H](CCN)C(=O)N[C@@H](CN[C@@H](CCN)C(=O)N[C@H]1CCNC(=O)[C@H]([C@@H](C)O)NC(=O)[C@H](CCN)NC(=O)[C@H](CCN)NC(=O)[C@H](CC(C)C)NC(=O)[C@@H](CC(C)C)NC(=O)[C@H](CCN)NC1=O)[C@@H](C)O,-10.32609999999995,0.025149153938476176,947.18,36,36,2296.970999999999,59,2,0.8095238095238095,161
CHEMBL2221250,CAPREOMYCIN,C[C@@H]1NC(=O)[C@@H](N)CNC(=O)[C@H](C2CCNC(=N)N2)NC(=O)/C(=C/NC(N)=O)NC(=O)[C@H](CNC(=O)CC(N)CCCN)NC1=O.N=C1NCCC([C@@H]2NC(=O)/C(=C/NC(N)=O)NC(=O)[C@H](CNC(=O)CC(N)CCCN)NC(=O)[C@H](CO)NC(=O)[C@@H](N)CNC2=O)N1,-15.022659999999892,0.05340977191244105,731.6099999999998,23,29,1321.4350000000002,19,4,0.6,93
CHEMBL2251240,SCOPOLAMINE HYDROBROMIDE,Br.CN1[C@@H]2C[C@@H](OC(=O)[C@H](CO)c3ccccc3)C[C@H]1[C@@H]1O[C@@H]12.O.O.O,-0.9781000000000002,0.47234634732919334,156.8,5,1,438.31500000000017,4,4,0.5882352941176471,26
CHEMBL2303613,CEFODIZIME,CO/N=C(\C(=O)N[C@@H]1C(=O)N2C(C(=O)O)=C(CSc3nc(C)c(CC(=O)O)s3)CS[C@H]12)c1csc(N)n1,0.9987200000000007,0.13393623971973823,197.39999999999998,13,4,584.683,10,4,0.35,37
CHEMBL2303621,DACLATASVIR DIHYDROCHLORIDE,COC(=O)N[C@H](C(=O)N1CCC[C@H]1c1ncc(-c2ccc(-c3ccc(-c4cnc([C@@H]5CCCN5C(=O)[C@@H](NC(=O)OC)C(C)C)[nH]4)cc3)cc2)[nH]1)C(C)C.Cl.Cl,7.065600000000009,0.1245349427827597,174.63999999999996,8,4,811.8120000000001,11,6,0.45,56
CHEMBL2308885,CLOBETASONE BUTYRATE,CCCC(=O)O[C@]1(C(=O)CCl)[C@H](C)C[C@@H]2[C@@H]3CCC4=CC(=O)C=C[C@]4(C)[C@]3(F)C(=O)C[C@@]21C,4.701400000000005,0.4224490917261431,77.51,5,0,478.98800000000034,5,4,0.6923076923076923,33
CHEMBL2311030,ERGOLOID MESYLATES,CC(C)C[C@H]1C(=O)N2CCC[C@H]2[C@]2(O)O[C@](NC(=O)[C@@H]3C[C@@H]4c5cccc6[nH]cc(c56)C[C@H]4N(C)C3)(C(C)C)C(=O)N12.CC(C)[C@@]1(NC(=O)[C@@H]2C[C@@H]3c4cccc5[nH]cc(c45)C[C@H]3N(C)C2)O[C@@]2(O)[C@@H]3CCCN3C(=O)[C@H](Cc3ccccc3)N2C1=O.CC(C)[C@H]1C(=O)N2CCC[C@H]2[C@]2(O)O[C@](NC(=O)[C@@H]3C[C@@H]4c5cccc6[nH]cc(c56)C[C@H]4N(C)C3)(C(C)C)C(=O)N12.CCC(C)[C@H]1C(=O)N2CCC[C@H]2[C@]2(O)O[C@](NC(=O)[C@@H]3C[C@@H]4c5cccc6[nH]cc(c56)C[C@H]4N(C)C3)(C(C)C)C(=O)N12.CS(=O)(=O)O.CS(=O)(=O)O.CS(=O)(=O)O.CS(=O)(=O)O,7.904899999999989,0.03417904931275277,690.3200000000004,32,16,2715.3219999999937,19,29,0.6268656716417911,190
CHEMBL2311071,VINYL CHLORIDE,C=CCl,1.3687,0.3975689723282326,0.0,0,0,62.498999999999995,0,0,0.0,3
CHEMBL2325741,CAPIVASERTIB,NC1(C(=O)N[C@@H](CCO)c2ccc(Cl)cc2)CCN(c2nc[nH]c3nccc2-3)CC1,2.1004999999999994,0.47688881400359556,120.16000000000001,6,4,428.9240000000002,6,4,0.38095238095238093,30
CHEMBL2336071,SIPONIMOD,CCc1cc(/C(C)=N/OCc2ccc(C3CCCCC3)c(C(F)(F)F)c2)ccc1CN1CC(C(=O)O)C1,6.7727000000000075,0.2950723343208272,62.129999999999995,4,1,516.6040000000002,9,4,0.5172413793103449,37
CHEMBL2338329,ROXADUSTAT,Cc1nc(C(=O)NCC(=O)O)c(O)c2ccc(Oc3ccccc3)cc12,2.8555200000000003,0.651420729014751,108.75000000000001,5,3,352.34600000000006,5,3,0.10526315789473684,26
CHEMBL2338675,FOSDENOPTERIN,Nc1nc(=O)c2c([nH]1)N[C@@H]1O[C@@H]3COP(=O)(O)O[C@@H]3C(O)(O)[C@@H]1N2,-2.5202999999999998,0.18854761523882443,201.27999999999997,11,7,363.223,0,4,0.6,24
CHEMBL2355051,CLOMIPHENE,CCN(CC)CCOc1ccc(C(=C(Cl)c2ccccc2)c2ccccc2)cc1,6.562600000000006,0.3734283215865669,12.47,2,0,405.96900000000005,9,3,0.23076923076923078,29
CHEMBL2355333,ZIMELDINE HYDROCHLORIDE,CN(C)C/C=C(/c1ccc(Br)cc1)c1cccnc1.Cl.Cl.O,3.856300000000004,0.7719056218440901,47.63,2,0,408.16700000000003,4,2,0.1875,22
CHEMBL2355456,IBUTILIDE FUMARATE,CCCCCCCN(CC)CCCC(O)c1ccc(NS(C)(=O)=O)cc1.CCCCCCCN(CC)CCCC(O)c1ccc(NS(C)(=O)=O)cc1.O=C(O)/C=C/C(=O)O,8.039800000000008,0.03249855433763581,213.87999999999997,10,6,885.2440000000004,30,2,0.6363636363636364,60
CHEMBL2355839,ISOMETHEPTENE MUCATE,CNC(C)CCC=C(C)C.CNC(C)CCC=C(C)C.O=C(O)[C@@H](O)[C@H](O)[C@H](O)[C@@H](O)C(=O)O,1.2806000000000022,0.17450940047891508,179.57999999999998,8,8,492.65400000000017,13,0,0.75,34
CHEMBL2356023,DIHYDROTACHYSTEROL,CC(C)[C@@H](C)/C=C/[C@@H](C)[C@H]1CC[C@H]2/C(=C/C=C3\C[C@@H](O)CC[C@@H]3C)CCC[C@]12C,7.720900000000009,0.46986275806828504,20.23,1,1,398.67500000000024,5,3,0.7857142857142857,29
CHEMBL2356097,METOPROLOL SUCCINATE,COCCc1ccc(OCC(O)CNC(C)C)cc1.COCCc1ccc(OCC(O)CNC(C)C)cc1.O=C(O)CCC(=O)O,3.162200000000002,0.11637307539916843,176.04,10,6,652.8260000000004,21,2,0.5882352941176471,46
CHEMBL2358147,CARPHENAZINE MALEATE,CCC(=O)c1ccc2c(c1)N(CCCN1CCN(CCO)CC1)c1ccccc1S2.O=C(O)/C=C\C(=O)O.O=C(O)/C=C\C(=O)O,3.3056,0.16465988984013205,196.22,10,5,657.7420000000004,12,4,0.34375,46
CHEMBL2359093,ROSE BENGAL SODIUM,O=C([O-])c1c(Cl)c(Cl)c(Cl)c(Cl)c1-c1c2cc(I)c(=O)c(I)c-2oc2c(I)c([O-])c(I)cc12.[Na+].[Na+],1.0418999999999996,0.09861799372908979,93.4,5,0,1017.639,2,4,0.0,35
CHEMBL2359670,THIETHYLPERAZINE MALATE,CCSc1ccc2c(c1)N(CCCN1CCN(C)CC1)c1ccccc1S2.O=C(O)CC(O)C(=O)O.O=C(O)CC(O)C(=O)O,2.852,0.18048075073176073,199.37999999999997,11,6,667.8030000000005,12,4,0.4666666666666667,45
CHEMBL2359966,QUININE SULFATE,C=C[C@H]1CN2CC[C@H]1C[C@H]2[C@H](O)c1ccnc2ccc(OC)cc12.C=C[C@H]1CN2CC[C@H]1C[C@H]2[C@H](O)c1ccnc2ccc(OC)cc12.O.O.O=S(=O)(O)O,4.044200000000004,0.14668014208977656,228.77999999999997,10,4,782.9570000000004,8,9,0.45,55
CHEMBL2360079,ACETOPHENAZINE MALEATE,CC(=O)c1ccc2c(c1)N(CCCN1CCN(CCO)CC1)c1ccccc1S2.O=C(O)/C=C\C(=O)O.O=C(O)/C=C\C(=O)O,2.9154999999999998,0.17701113965134102,196.22,10,5,643.7150000000004,11,4,0.3225806451612903,45
CHEMBL2360464,PEMETREXED DISODIUM,Nc1nc2[nH]cc(CCc3ccc(C(=O)N[C@@H](CCC(=O)[O-])C(=O)[O-])cc3)c2c(=O)[nH]1.[Na+].[Na+],-7.99500000000001,0.22066971649227551,196.92,8,4,471.3810000000002,9,3,0.25,33
CHEMBL2360580,BUCLIZINE HYDROCHLORIDE,CC(C)(C)c1ccc(CN2CCN(C(c3ccccc3)c3ccc(Cl)cc3)CC2)cc1.Cl.Cl,7.388300000000008,0.3565390885616806,6.48,2,0,505.96100000000007,5,4,0.35714285714285715,33
CHEMBL2361370,PENBUTOLOL SULFATE,CC(C)(C)NC[C@H](O)COc1ccccc1C1CCCC1.CC(C)(C)NC[C@H](O)COc1ccccc1C1CCCC1.O=S(=O)(O)O,6.291200000000006,0.14081997100478783,157.57999999999998,8,6,680.9490000000003,12,4,0.6666666666666666,47
CHEMBL2364574,DOXYCYCLINE CALCIUM,C[C@H]1c2cccc([O-])c2C(=O)C2=C(O)[C@]3(O)C(=O)C(C(N)=O)=C(O)[C@@H](N(C)C)[C@@H]3[C@@H](O)[C@@H]21.C[C@H]1c2cccc([O-])c2C(=O)C2=C(O)[C@]3(O)C(=O)C(C(N)=O)=C(O)[C@@H](N(C)C)[C@@H]3[C@@H](O)[C@@H]21.[Ca+2],-2.339999999999989,0.1134377049850931,368.9,18,10,926.942,4,8,0.4090909090909091,65
CHEMBL2364607,COBIMETINIB FUMARATE,O=C(O)/C=C/C(=O)O.O=C(c1ccc(F)c(F)c1Nc1ccc(I)cc1F)N1CC(O)([C@@H]2CCCCN2)C1.O=C(c1ccc(F)c(F)c1Nc1ccc(I)cc1F)N1CC(O)([C@@H]2CCCCN2)C1,7.274000000000008,0.044905916038866706,203.79999999999998,10,8,1178.704,10,8,0.34782608695652173,68
CHEMBL2364608,DORAVIRINE,Cn1c(Cn2ccc(C(F)(F)F)c(Oc3cc(Cl)cc(C#N)c3)c2=O)n[nH]c1=O,2.654580000000001,0.6914051268589834,105.69999999999999,7,1,425.7540000000001,4,3,0.17647058823529413,29
CHEMBL2364609,ESKETAMINE HYDROCHLORIDE,CN[C@]1(c2ccccc2Cl)CCCCC1=O.Cl,3.3196000000000025,0.8959263775791354,29.1,2,1,274.19099999999986,2,2,0.46153846153846156,17
CHEMBL2364612,LATANOPROSTENE BUNOD,O=C(CCC/C=C\C[C@@H]1[C@@H](CC[C@@H](O)CCc2ccccc2)[C@H](O)C[C@@H]1O)OCCCCO[N+](=O)[O-],3.7665000000000024,0.08970462438752819,139.36,8,3,507.6240000000003,18,2,0.6666666666666666,36
CHEMBL2364617,MACIMORELIN ACETATE,CC(=O)O.CC(C)(N)C(=O)N[C@H](Cc1c[nH]c2ccccc12)C(=O)N[C@H](Cc1c[nH]c2ccccc12)NC=O,1.9357000000000026,0.12047436382758353,182.19999999999996,5,7,534.6170000000003,10,4,0.2857142857142857,39
CHEMBL2364623,PLAZOMICIN SULFATE,CN[C@@H]1[C@@H](O)[C@@H](O[C@@H]2[C@@H](O)[C@H](O[C@H]3OC(CNCCO)=CC[C@H]3N)[C@@H](N)C[C@H]2NC(=O)[C@@H](O)CCN)OC[C@]1(C)O.O=S(=O)(O)O,-6.013900000000013,0.0631317220661751,343.89000000000004,17,13,690.7700000000004,13,3,0.88,46
CHEMBL2364629,RIMEGEPANT SULFATE,N[C@@H]1c2cccnc2[C@H](OC(=O)N2CCC(n3c(=O)[nH]c4ncccc43)CC2)CC[C@H]1c1cccc(F)c1F.N[C@@H]1c2cccnc2[C@H](OC(=O)N2CCC(n3c(=O)[nH]c4ncccc43)CC2)CC[C@H]1c1cccc(F)c1F.O.O.O.O=S(=O)(O)O,5.85310000000001,0.0645347811808318,407.35999999999996,16,6,1221.258,6,12,0.35714285714285715,86
CHEMBL2364632,SARECYCLINE,CON(C)Cc1ccc(O)c2c1C[C@H]1C[C@H]3[C@H](N(C)C)C(O)=C(C(N)=O)C(=O)[C@@]3(O)C(O)=C1C2=O,0.11380000000000173,0.2832962279442589,173.85999999999996,10,5,487.5090000000003,5,4,0.4583333333333333,35
CHEMBL2364633,SARECYCLINE HYDROCHLORIDE,CON(C)Cc1ccc(O)c2c1C[C@H]1C[C@H]3[C@H](N(C)C)C(O)=C(C(N)=O)C(=O)[C@@]3(O)C(O)=C1C2=O.Cl,0.5356000000000003,0.2703798599489533,173.85999999999996,10,5,523.9700000000004,5,4,0.4583333333333333,36
CHEMBL2364635,TAFENOQUINE SUCCINATE,COc1cc(C)c2c(Oc3cccc(C(F)(F)F)c3)c(OC)cc(NC(C)CCCN)c2n1.O=C(O)CCC(=O)O,5.846620000000003,0.20492488913408632,153.23,8,4,581.5880000000003,12,3,0.39285714285714285,41
CHEMBL2364637,TENOFOVIR ALAFENAMIDE FUMARATE,CC(C)OC(=O)[C@H](C)N[P@](=O)(CO[C@H](C)Cn1cnc2c(N)ncnc21)Oc1ccccc1.CC(C)OC(=O)[C@H](C)N[P@](=O)(CO[C@H](C)Cn1cnc2c(N)ncnc21)Oc1ccccc1.O=C(O)/C=C/C(=O)O,5.657600000000005,0.024183595720034187,361.56,22,6,1069.0199999999998,24,6,0.391304347826087,74
CHEMBL2364638,UBROGEPANT,C[C@@H]1[C@H](c2ccccc2)C[C@H](NC(=O)c2cnc3c(c2)C[C@@]2(C3)C(=O)Nc3ncccc32)C(=O)N1CC(F)(F)F,3.5306000000000024,0.518443001557986,104.29,5,2,549.5530000000003,4,6,0.3448275862068966,40
CHEMBL2364639,VALBENAZINE,COc1cc2c(cc1OC)[C@H]1C[C@@H](OC(=O)[C@@H](N)C(C)C)[C@H](CC(C)C)CN1CC2,3.5641000000000025,0.6826775892247292,74.02,6,1,418.57800000000026,7,3,0.7083333333333334,30
CHEMBL2364720,PHENETHICILLIN POTASSIUM,CC(Oc1ccccc1)C(=O)N[C@@H]1C(=O)N2[C@@H]1SC(C)(C)[C@@H]2C(=O)[O-].[K+],-3.2450999999999963,0.410497467004055,98.77000000000001,6,1,402.51300000000015,5,3,0.47058823529411764,26
CHEMBL2364738,METRIZOATE MAGNESIUM,CC(=O)Nc1c(I)c(C(=O)[O-])c(I)c(N(C)C(C)=O)c1I.CC(=O)Nc1c(I)c(C(=O)[O-])c(I)c(N(C)C(C)=O)c1I.[Mg+2],3.2292000000000014,0.3273706523226648,179.07999999999998,8,2,1278.1729999999998,6,2,0.25,43
CHEMBL2364968,ERGOLOID,CC(C)C[C@H]1C(=O)N2CCC[C@H]2[C@]2(O)O[C@](NC(=O)[C@@H]3C[C@@H]4c5cccc6[nH]cc(c56)C[C@H]4N(C)C3)(C(C)C)C(=O)N12.CC(C)[C@@]1(NC(=O)[C@@H]2C[C@@H]3c4cccc5[nH]cc(c45)C[C@H]3N(C)C2)O[C@@]2(O)[C@@H]3CCCN3C(=O)[C@H](Cc3ccccc3)N2C1=O.CC(C)[C@H]1C(=O)N2CCC[C@H]2[C@]2(O)O[C@](NC(=O)[C@@H]3C[C@@H]4c5cccc6[nH]cc(c56)C[C@H]4N(C)C3)(C(C)C)C(=O)N12.CCC(C)[C@H]1C(=O)N2CCC[C@H]2[C@]2(O)O[C@](NC(=O)[C@@H]3C[C@@H]4c5cccc6[nH]cc(c56)C[C@H]4N(C)C3)(C(C)C)C(=O)N12,9.888900000000005,0.035790008404581936,472.84000000000003,24,12,2330.8939999999975,19,29,0.6153846153846154,170
CHEMBL2367706,SUCRALFATE,O=S(=O)(OC[C@H]1O[C@@H](O[C@]2(COS(=O)(=O)O[Al](O)O)O[C@H](OS(=O)(=O)O[Al](O)O)[C@@H](OS(=O)(=O)O[Al](O)O)[C@@H]2OS(=O)(=O)O[Al](O)O)[C@H](OS(=O)(=O)O[Al](O)O)[C@@H](OS(=O)(=O)O[Al](O)O)[C@@H]1OS(=O)(=O)O[Al](O)O)O[Al](O)O.O[Al](O)O.O[Al](O)O.O[Al](O)O.O[Al](O)O.O[Al](O)O.O[Al](O)O.O[Al](O)O.O[Al](O)O,-35.810900000000025,0.02590680555278639,1257.690000000001,75,40,2072.710000000002,36,2,1.0,110
CHEMBL2368861,BUPRENORPHINE HYDROCHLORIDE,CO[C@@]12CC[C@@]3(C[C@@H]1[C@](C)(O)C(C)(C)C)[C@H]1Cc4ccc(O)c5c4[C@@]3(CCN1CC1CC1)[C@H]2O5.Cl,4.835600000000006,0.6155185462167763,62.16,5,2,504.1110000000003,4,8,0.7931034482758621,35
CHEMBL2368924,DOLASETRON MESYLATE,CS(=O)(=O)O.O.O=C(O[C@@H]1C[C@@H]2C[C@H]3C[C@H](C1)N2CC3=O)c1c[nH]c2ccccc12,1.198300000000001,0.5284287921099723,148.26999999999998,6,2,438.5020000000002,2,6,0.5,30
CHEMBL2368925,DOLASETRON,O=C(O[C@@H]1C[C@@H]2C[C@H]3C[C@H](C1)N2CC3=O)c1c[nH]c2ccccc12,2.519000000000001,0.8624002843059125,62.4,4,1,324.38000000000005,2,6,0.47368421052631576,24
CHEMBL2374220,LEDIPASVIR,COC(=O)N[C@H](C(=O)N1CC2(CC2)C[C@H]1c1nc(-c2ccc3c(c2)C(F)(F)c2cc(-c4ccc5[nH]c([C@@H]6[C@H]7CC[C@H](C7)N6C(=O)[C@@H](NC(=O)OC)C(C)C)nc5c4)ccc2-3)c[nH]1)C(C)C,8.607300000000006,0.10788103288586331,174.63999999999996,8,4,889.0169999999996,10,10,0.46938775510204084,65
CHEMBL2396661,ALPELISIB,Cc1nc(NC(=O)N2CCC[C@H]2C(N)=O)sc1-c1ccnc(C(C)(C)C(F)(F)F)c1,3.835020000000002,0.7528280893178394,101.21,5,2,441.4790000000001,4,3,0.47368421052631576,30
CHEMBL2397415,ZAVEGEPANT,Cc1cc(C[C@@H](NC(=O)N2CCC(c3cc4ccccc4[nH]c3=O)CC2)C(=O)N2CCN(C3CCN(C)CC3)CC2)cc2cn[nH]c12,3.451520000000002,0.29776460578878866,120.66999999999999,6,3,638.817,6,7,0.5,47
CHEMBL2403108,CERITINIB,Cc1cc(Nc2ncc(Cl)c(Nc3ccccc3S(=O)(=O)C(C)C)n2)c(OC(C)C)cc1C1CCNCC1,6.361920000000006,0.2788737905378975,105.24000000000001,8,3,558.1480000000001,9,4,0.42857142857142855,38
CHEMBL2403238,CABOTEGRAVIR,C[C@H]1CO[C@@H]2Cn3cc(C(=O)NCc4ccc(F)cc4F)c(=O)c(O)c3C(=O)N12,0.9626999999999997,0.7924971534172238,100.86999999999999,6,2,405.35700000000014,3,4,0.3157894736842105,29
CHEMBL2443262,OLICERIDINE,COc1ccsc1CNCC[C@@]1(c2ccccn2)CCOC2(CCCC2)C1,4.692600000000004,0.7010811066938075,43.379999999999995,5,1,386.5610000000003,7,4,0.5909090909090909,27
CHEMBL2448612,ERGOTAMINE TARTRATE,CN1C[C@H](C(=O)N[C@]2(C)O[C@@]3(O)[C@@H]4CCCN4C(=O)[C@H](Cc4ccccc4)N3C2=O)C=C2c3cccc4[nH]cc(c34)C[C@H]21.CN1C[C@H](C(=O)N[C@]2(C)O[C@@]3(O)[C@@H]4CCCN4C(=O)[C@H](Cc4ccccc4)N3C2=O)C=C2c3cccc4[nH]cc(c34)C[C@H]21.O=C(O)C(O)C(O)C(=O)O,1.859000000000016,0.08848593848571291,351.48,16,10,1313.4319999999998,11,16,0.42857142857142855,96
CHEMBL2448613,PIMAVANSERIN TARTRATE,CC(C)COc1ccc(CNC(=O)N(Cc2ccc(F)cc2)C2CCN(C)CC2)cc1.CC(C)COc1ccc(CNC(=O)N(Cc2ccc(F)cc2)C2CCN(C)CC2)cc1.O=C(O)C(O)C(O)C(=O)O,7.21040000000001,0.05518656817222764,204.67999999999998,10,6,1005.2139999999999,19,6,0.48148148148148145,72
CHEMBL3039502,DUVELISIB,C[C@H](Nc1ncnc2nc[nH]c12)c1cc2cccc(Cl)c2c(=O)n1-c1ccccc1,4.483500000000002,0.4505068915844373,88.49000000000001,6,2,416.8720000000002,4,5,0.09090909090909091,30
CHEMBL3039504,NINTEDANIB ESYLATE,CCS(=O)(=O)O.COC(=O)c1ccc2c(c1)NC(=O)/C2=C(\Nc1ccc(N(C)C(=O)CN2CCN(C)CC2)cc1)c1ccccc1,3.5100000000000025,0.18812900322055615,148.59000000000003,9,3,649.7700000000002,8,5,0.30303030303030304,46
CHEMBL3039507,SOTAGLIFLOZIN,CCOc1ccc(Cc2cc([C@@H]3O[C@H](SC)[C@@H](O)[C@H](O)[C@H]3O)ccc2Cl)cc1,3.172600000000002,0.6606272277437806,79.15,6,3,424.946,6,3,0.42857142857142855,28
CHEMBL3039508,NALDEMEDINE TOSYLATE,CC(C)(NC(=O)C1=C(O)[C@@H]2Oc3c(O)ccc4c3[C@@]23CCN(CC2CC2)[C@H](C4)[C@]3(O)C1)c1nc(-c2ccccc2)no1.Cc1ccc(S(=O)(=O)O)cc1,4.721520000000004,0.16383778395516546,195.54999999999998,11,5,742.8510000000005,7,9,0.41025641025641024,53
CHEMBL3039514,ELBASVIR,COC(=O)N[C@H](C(=O)N1CCC[C@H]1c1nc(-c2ccc3c(c2)O[C@@H](c2ccccc2)n2c-3cc3cc(-c4c[nH]c([C@@H]5CCCN5C(=O)[C@@H](NC(=O)OC)C(C)C)n4)ccc32)c[nH]1)C(C)C,8.116000000000009,0.09966131247485702,188.79999999999998,10,4,882.0349999999996,11,9,0.3877551020408163,65
CHEMBL3039520,LASMIDITAN,CN1CCC(C(=O)c2cccc(NC(=O)c3c(F)cc(F)cc3F)n2)CC1,3.2757000000000014,0.831072974287591,62.300000000000004,4,1,377.3660000000001,4,3,0.3157894736842105,27
CHEMBL3039526,LASMIDITAN SUCCINATE,CN1CCC(C(=O)c2cccc(NC(=O)c3c(F)cc(F)cc3F)n2)CC1.CN1CCC(C(=O)c2cccc(NC(=O)c3c(F)cc(F)cc3F)n2)CC1.O=C(O)CCC(=O)O,6.487200000000005,0.09459159424285214,199.2,10,4,872.82,11,6,0.3333333333333333,62
CHEMBL3039567,SODIUM GLYCEROPHOSPHATE,O.O=P(O)(O)OCC([O-])C[O-].[Na+].[Na+],-9.631800000000002,0.36460078927998935,144.38,4,2,234.05199999999996,4,0,1.0,13
CHEMBL3039582,SECRETIN,CC(C)C[C@H](NC(=O)CNC(=O)[C@H](CCC(N)=O)NC(=O)[C@H](CC(C)C)NC(=O)[C@H](CC(C)C)NC(=O)[C@H](CCCNC(=N)N)NC(=O)[C@H](CCC(N)=O)NC(=O)[C@H](CC(C)C)NC(=O)[C@H](CCCNC(=N)N)NC(=O)[C@H](C)NC(=O)CNC(=O)[C@H](CCC(=O)O)NC(=O)[C@H](CCCNC(=N)N)NC(=O)[C@H](CC(C)C)NC(=O)[C@H](CCCNC(=N)N)NC(=O)[C@H](CO)NC(=O)[C@H](CC(C)C)NC(=O)[C@H](CCC(=O)O)NC(=O)[C@H](CO)NC(=O)[C@@H](NC(=O)[C@H](Cc1ccccc1)NC(=O)[C@@H](NC(=O)CNC(=O)[C@H](CC(=O)O)NC(=O)[C@H](CO)NC(=O)[C@@H](N)Cc1cnc[nH]1)[C@@H](C)O)[C@@H](C)O)C(=O)N[C@H](C(N)=O)C(C)C,-17.01412000000013,0.01660966911756109,1401.2199999999996,43,51,3039.457999999991,105,2,0.6538461538461539,214
CHEMBL3039594,GENTAMICIN SULFATE,CNC(C)[C@@H]1CC[C@@H](N)[C@@H](O[C@H]2[C@H](O)[C@@H](O[C@H]3OC[C@](C)(O)[C@H](NC)[C@H]3O)[C@H](N)C[C@@H]2N)O1.CN[C@@H]1[C@@H](O)[C@@H](O[C@@H]2[C@@H](O)[C@H](O[C@H]3O[C@H](C(C)N)CC[C@H]3N)[C@@H](N)C[C@H]2N)OC[C@]1(C)O.CN[C@@H]1[C@@H](O)[C@@H](O[C@@H]2[C@@H](O)[C@H](O[C@H]3O[C@H](CN)CC[C@H]3N)[C@@H](N)C[C@H]2N)OC[C@]1(C)O.O=S(=O)(O)O,-11.54519999999993,0.05340975033874353,701.7700000000002,38,26,1488.8070000000012,19,9,1.0,101
CHEMBL3039596,FOSINOPRIL SODIUM,CCC(=O)O[C@@H](O[P@](=O)(CCCCc1ccccc1)CC(=O)N1C[C@H](C2CCCCC2)C[C@H]1C(=O)[O-])C(C)C.[Na+],1.7906000000000024,0.10759751475116973,113.03999999999999,7,0,585.6540000000003,14,3,0.7,40
CHEMBL3039597,GENTAMICIN,CNC(C)[C@@H]1CC[C@@H](N)[C@@H](O[C@H]2[C@H](O)[C@@H](O[C@H]3OC[C@](C)(O)[C@H](NC)[C@H]3O)[C@H](N)C[C@@H]2N)O1.CN[C@@H]1[C@@H](O)[C@@H](O[C@@H]2[C@@H](O)[C@H](O[C@H]3O[C@H](C(C)N)CC[C@H]3N)[C@@H](N)C[C@H]2N)OC[C@]1(C)O.CN[C@@H]1[C@@H](O)[C@@H](O[C@@H]2[C@@H](O)[C@H](O[C@H]3O[C@H](CN)CC[C@H]3N)[C@@H](N)C[C@H]2N)OC[C@]1(C)O,-10.892399999999943,0.05709488007919611,627.1700000000001,36,24,1390.728000000001,19,9,1.0,96
CHEMBL3039598,FOSINOPRIL,CCC(=O)O[C@@H](O[P@](=O)(CCCCc1ccccc1)CC(=O)N1C[C@H](C2CCCCC2)C[C@H]1C(=O)O)C(C)C,6.121300000000007,0.12563111172055988,110.21,6,1,563.6720000000004,14,3,0.7,39
CHEMBL3040581,SODIUM GLYCEROPHOSPHATE,O=P(O)(O)OCC([O-])C[O-].[Na+].[Na+],-8.807100000000004,0.35608190745866825,112.88000000000001,4,2,216.03699999999998,4,0,1.0,12
CHEMBL3084748,TROSPIUM CHLORIDE,O=C(O[C@H]1C[C@H]2CC[C@@H](C1)[N+]21CCCC1)C(O)(c1ccccc1)c1ccccc1.[Cl-],0.7737000000000009,0.5789660328049562,46.53,3,1,427.972,4,5,0.48,30
CHEMBL3085436,VIOMYCIN,NCCC[C@H](N)CC(=O)N[C@H]1CNC(=O)[C@H]([C@H]2C[C@H](O)NC(N)=N2)NC(=O)/C(=C/NC(N)=O)NC(=O)[C@H](CO)NC(=O)[C@H](CO)NC1=O,-8.882800000000016,0.09498413947501946,392.85999999999996,15,15,685.7000000000002,10,2,0.6,48
CHEMBL3085504,BLEOMYCIN SULFATE,Cc1c(N)nc([C@H](CC(N)=O)NC[C@H](N)C(N)=O)nc1C(=O)N[C@H](C(=O)N[C@H](C)[C@@H](O)[C@H](C)C(=O)N[C@H](C(=O)NCCc1nc(-c2nc(C(=O)NCCC[S+](C)C)cs2)cs1)[C@@H](C)O)[C@@H](O[C@@H]1O[C@@H](CO)[C@@H](O)[C@H](O)[C@@H]1O[C@H]1O[C@H](CO)[C@@H](O)[C@H](OC(N)=O)[C@@H]1O)c1c[nH]cn1.O=S(=O)(O)O,-8.356380000000026,0.011553970478510358,701.6700000000002,33,22,1513.6550000000007,35,6,0.6181818181818182,101
CHEMBL3099695,OSILODROSTAT,N#Cc1ccc([C@H]2CCc3cncn32)c(F)c1,2.42948,0.75036916148326,41.61,3,0,227.242,1,3,0.23076923076923078,17
CHEMBL3112741,RELEBACTAM ANHYDROUS,O=C(NC1CCNCC1)[C@@H]1CC[C@@H]2CN1C(=O)N2OS(=O)(=O)O,-1.142399999999997,0.5477029671920374,128.28,6,3,348.3810000000001,4,3,0.8333333333333334,23
CHEMBL3127326,OMBITASVIR,COC(=O)N[C@H](C(=O)N1CCC[C@H]1C(=O)Nc1ccc([C@@H]2CC[C@@H](c3ccc(NC(=O)[C@@H]4CCCN4C(=O)[C@@H](NC(=O)OC)C(C)C)cc3)N2c2ccc(C(C)(C)C)cc2)cc1)C(C)C,7.687100000000008,0.1339738354999183,178.72,9,4,894.127,13,6,0.52,65
CHEMBL3137301,SACUBITRIL,CCOC(=O)[C@H](C)C[C@@H](Cc1ccc(-c2ccccc2)cc1)NC(=O)CCC(=O)O,3.8350000000000017,0.5482942603196118,92.7,4,2,411.49800000000016,11,2,0.375,30
CHEMBL3137308,PEFICITINIB,NC(=O)c1cnc2[nH]ccc2c1N[C@@H]1[C@@H]2CC3C[C@H]1C[C@@](O)(C3)C2,2.0133,0.6923710324400739,104.03000000000002,4,4,326.40000000000015,3,6,0.5555555555555556,24
CHEMBL3137309,VENETOCLAX,CC1(C)CCC(CN2CCN(c3ccc(C(=O)NS(=O)(=O)c4ccc(NCC5CCOCC5)c([N+](=O)[O-])c4)c(Oc4cnc5[nH]ccc5c4)c3)CC2)=C(c2ccc(Cl)cc2)C1,8.659900000000006,0.07640809714093555,172.03,11,3,868.457,13,8,0.37777777777777777,61
CHEMBL3137310,BENZHYDROCODONE HYDROCHLORIDE,COc1ccc2c3c1O[C@H]1C(OC(=O)c4ccccc4)=CC[C@@H]4[C@@H](C2)N(C)CC[C@@]341.Cl,4.136800000000004,0.6726279834790952,48.00000000000001,5,0,439.93900000000025,3,6,0.4,31
CHEMBL3137312,DASABUVIR,COc1c(-c2ccc3cc(NS(C)(=O)=O)ccc3c2)cc(-n2ccc(=O)[nH]c2=O)cc1C(C)(C)C,4.023600000000002,0.4363022246167922,110.25999999999999,6,2,493.58500000000026,5,4,0.23076923076923078,35
CHEMBL3137317,SONIDEGIB PHOSPHATE,Cc1c(C(=O)Nc2ccc(N3C[C@@H](C)O[C@@H](C)C3)nc2)cccc1-c1ccc(OC(F)(F)F)cc1.O=P(O)(O)O.O=P(O)(O)O,3.9643200000000083,0.18995652832791243,219.20999999999998,7,7,681.4940000000006,5,4,0.3076923076923077,45
CHEMBL3137318,TALAZOPARIB TOSYLATE,Cc1ccc(S(=O)(=O)O)cc1.Cn1ncnc1[C@H]1c2n[nH]c(=O)c3cc(F)cc(c23)N[C@@H]1c1ccc(F)cc1,3.8702200000000024,0.28644038299415864,142.85999999999999,8,3,552.5630000000002,3,6,0.15384615384615385,39
CHEMBL3137320,TALAZOPARIB,Cn1ncnc1[C@H]1c2n[nH]c(=O)c3cc(F)cc(c23)N[C@@H]1c1ccc(F)cc1,2.6285000000000007,0.5581669450324385,88.49000000000001,6,2,380.35800000000006,2,5,0.15789473684210525,28
CHEMBL3137321,BENZHYDROCODONE,COc1ccc2c3c1O[C@H]1C(OC(=O)c4ccccc4)=CC[C@@H]4[C@@H](C2)N(C)CC[C@@]341,3.7150000000000025,0.7314564664233757,48.00000000000001,5,0,403.47800000000024,3,6,0.4,30
CHEMBL3137326,DEUTETRABENAZINE,[2H]C([2H])([2H])Oc1cc2c(cc1OC([2H])([2H])[2H])C1CC(=O)C(CC(C)C)CN1CC2,3.238100000000002,0.8054788955851456,38.77,4,0,323.4656106680001,6,3,0.631578947368421,23
CHEMBL3137327,OMEGA-3-CARBOXYLIC ACIDS,CC/C=C\C/C=C\C/C=C\C/C=C\C/C=C\C/C=C\CCC(=O)O.CC/C=C\C/C=C\C/C=C\C/C=C\C/C=C\CCCC(=O)O.CC/C=C\C/C=C\C/C=C\C/C=C\C/C=C\CCCCC(=O)O.CC/C=C\C/C=C\C/C=C\C/C=C\C/C=C\CCCCCC(=O)O.CC/C=C\C/C=C\C/C=C\C/C=C\CCCCCCC(=O)O.CC/C=C\C/C=C\C/C=C\CCCCCCCC(=O)O.CCCCC/C=C\C/C=C\C/C=C\C/C=C\C/C=C\CCC(=O)O.CCCCC/C=C\C/C=C\C/C=C\CCCCC(=O)O.CCCCC/C=C\C/C=C\CCCCCCCC(=O)O,55.89239999999969,0.020172886853989262,335.7,9,9,2750.260999999997,125,0,0.5303867403314917,199
CHEMBL3137329,PEFICITINIB HYDROBROMIDE,Br.NC(=O)c1cnc2[nH]ccc2c1N[C@@H]1[C@@H]2CC3C[C@H]1C[C@@](O)(C3)C2,2.5912000000000006,0.6279616258590248,104.03000000000002,4,4,407.3120000000003,3,6,0.5555555555555556,25
CHEMBL3137330,CABOTEGRAVIR SODIUM,C[C@H]1CO[C@@H]2Cn3cc(C(=O)NCc4ccc(F)cc4F)c(=O)c([O-])c3C(=O)N12.[Na+],-2.6652999999999967,0.5387941785266271,103.7,6,1,427.33900000000017,3,4,0.3157894736842105,30
CHEMBL3137333,ISAVUCONAZONIUM SULFATE,CNCC(=O)OCc1cccnc1N(C)C(=O)OC(C)[n+]1cnn(C[C@](O)(c2cc(F)ccc2F)[C@@H](C)c2nc(-c3ccc(C#N)cc3)cs2)c1.O=S(=O)([O-])O,3.5891800000000025,0.06670740878106864,236.79999999999998,15,3,814.85,13,5,0.2857142857142857,56
CHEMBL3137358,SIMEPREVIR SODIUM,COc1ccc2c(O[C@@H]3C[C@H]4C(=O)N[C@]5(C(=O)[N-]S(=O)(=O)C6CC6)C[C@H]5/C=C\CCCCN(C)C(=O)[C@@H]4C3)cc(-c3nc(C(C)C)cs3)nc2c1C.[Na+],3.042220000000002,0.26857511105191867,158.95999999999998,10,1,771.938,8,7,0.5526315789473685,53
CHEMBL3137691,QUINUPRISTIN/DALFOPRISTIN,CCN(CC)CCS(=O)(=O)[C@@H]1CCN2C(=O)c3coc(n3)CC(=O)C[C@H](O)/C=C(C)/C=C/CNC(=O)/C=C/[C@@H](C)[C@@H](C(C)C)OC(=O)[C@@H]12.CC[C@H]1NC(=O)[C@@H](NC(=O)c2ncccc2O)[C@@H](C)OC(=O)[C@H](c2ccccc2)NC(=O)[C@@H]2CC(=O)[C@H](CS[C@@H]3CN4CCC3CC4)CN2C(=O)[C@H](Cc2ccc(N(C)C)cc2)N(C)C(=O)[C@@H]2CCCN2C1=O,4.5928000000000155,0.07869234624728856,407.62,25,6,1713.0990000000006,17,12,0.5632183908045977,121
CHEMBL3140361,ETHAMBUTOL HYDROCHLORIDE,CC[C@@H](CO)NCCN[C@@H](CC)CO.Cl.Cl,0.5509999999999997,0.464811936094948,64.52,4,4,277.236,9,0,1.0,16
CHEMBL3142541,BUTAMBEN PICRATE,CCCCOC(=O)c1ccc(N)cc1.CCCCOC(=O)c1ccc(N)cc1.O=[N+]([O-])c1cc([N+](=O)[O-])c(O)c([N+](=O)[O-])c1,5.568200000000005,0.07843728411923782,254.28999999999996,13,3,615.5960000000002,11,3,0.2857142857142857,44
CHEMBL3181832,METHICILLIN SODIUM,COc1cccc(OC)c1C(=O)N[C@@H]1C(=O)N2[C@@H]1SC(C)(C)[C@@H]2C(=O)[O-].O.[Na+],-4.206299999999996,0.3762446673513569,139.5,7,1,420.4190000000002,5,3,0.47058823529411764,28
CHEMBL3181947,BROMFENAC SODIUM,Nc1c(CC(=O)[O-])cccc1C(=O)c1ccc(Br)cc1.Nc1c(CC(=O)[O-])cccc1C(=O)c1ccc(Br)cc1.O.O.O.[Na+].[Na+],-5.356699999999995,0.09917801793012647,260.94,8,2,766.3470000000002,8,4,0.06666666666666667,45
CHEMBL3181957,ALMITRINE MESYLATE,C=CCNc1nc(NCC=C)nc(N2CCN(C(c3ccc(F)cc3)c3ccc(F)cc3)CC2)n1.CS(=O)(=O)O.CS(=O)(=O)O,3.265200000000001,0.18285960672015797,177.95,11,4,669.7770000000004,10,4,0.32142857142857145,45
CHEMBL3182343,PIVAMPICILLIN,CC(C)(C)C(=O)OCOC(=O)[C@@H]1N2C(=O)[C@@H](NC(=O)[C@H](N)c3ccccc3)[C@H]2SC1(C)C,1.3235000000000015,0.36731370130746416,128.03,8,2,463.55600000000015,6,3,0.5454545454545454,32
CHEMBL3182733,PRAMIPEXOLE DIHYDROCHLORIDE,CCCN[C@H]1CCc2nc(N)sc2C1.Cl.Cl.O,1.6010999999999997,0.8894253848631385,82.44,4,2,302.271,3,2,0.7,17
CHEMBL3183075,NIZATIDINE,CNC(=C[N+](=O)[O-])NCCSCc1csc(CN(C)C)n1,1.3224999999999998,0.3799534662760676,83.33,8,2,331.4670000000001,10,1,0.5833333333333334,21
CHEMBL3183184,OCTINOXATE,CCCCC(CC)COC(=O)C=Cc1ccc(OC)cc1,4.468000000000004,0.49706450017145404,35.53,3,0,290.403,9,1,0.5,21
CHEMBL3183193,CEFMENOXIME HYDROCHLORIDE,CO/N=C(\C(=O)N[C@@H]1C(=O)N2C(C(=O)O)=C(CSc3nnnn3C)CS[C@H]12)c1csc(N)n1.CO/N=C(\C(=O)N[C@@H]1C(=O)N2C(C(=O)O)=C(CSc3nnnn3C)CS[C@H]12)c1csc(N)n1.Cl,-1.3177999999999928,0.03279994664701368,381.61999999999995,28,6,1059.6029999999994,16,8,0.375,67
CHEMBL3183409,APALUTAMIDE,CNC(=O)c1ccc(N2C(=S)N(c3cnc(C#N)c(C(F)(F)F)c3)C(=O)C23CCC3)cc1F,3.5315800000000026,0.5376107076331194,89.33000000000001,5,1,477.4430000000002,3,4,0.2857142857142857,33
CHEMBL3183453,NOVOBIOCIN SODIUM,CO[C@@H]1[C@@H](OC(N)=O)[C@@H](O)[C@H](Oc2ccc3c([O-])c(NC(=O)c4ccc(O)c(CC=C(C)C)c4)c(=O)oc3c2C)OC1(C)C.[Na+],-0.0008799999999988817,0.14755317285638356,202.84,11,4,634.6140000000001,8,4,0.3870967741935484,45
CHEMBL3183968,CEFTRIAXONE SODIUM,CO/N=C(\C(=O)N[C@@H]1C(=O)N2C(C(=O)[O-])=C(CSc3nc(=O)c([O-])nn3C)CS[C@H]12)c1csc(N)n1.O.O.O.[Na+].[Na+],-11.631800000000005,0.08804666282389613,315.38000000000005,16,2,652.601,8,4,0.3333333333333333,41
CHEMBL3184143,GUANADREL SULFATE,N=C(N)NCC1COC2(CCCCC2)O1.N=C(N)NCC1COC2(CCCCC2)O1.O=S(=O)(O)O,0.43774000000000435,0.1419875662076594,235.31999999999996,8,8,524.6410000000004,4,4,0.9,35
CHEMBL3184437,DICHLOROBENZYL ALCOHOL,OCc1ccc(Cl)cc1Cl,2.4857000000000005,0.697990302684811,20.23,1,1,177.03,1,1,0.14285714285714285,10
CHEMBL3184512,CLINDAMYCIN PHOSPHATE,CCC[C@@H]1C[C@@H](C(=O)N[C@@H]([C@H]2O[C@H](SC)[C@H](OP(=O)(O)O)[C@@H](O)[C@H]2O)[C@H](C)Cl)N(C)C1,0.5064999999999993,0.22187621720477288,148.79000000000002,8,5,504.97000000000014,9,2,0.9444444444444444,31
CHEMBL3184791,STREPTOMYCIN SULFATE,CN[C@@H]1[C@H](O[C@H]2[C@H](O[C@H]3[C@H](O)[C@@H](O)[C@H](N=C(N)N)[C@@H](O)[C@@H]3N=C(N)N)O[C@@H](C)[C@]2(O)C=O)O[C@@H](CO)[C@H](O)[C@H]1O.CN[C@@H]1[C@H](O[C@H]2[C@H](O[C@H]3[C@H](O)[C@@H](O)[C@H](N=C(N)N)[C@@H](O)[C@@H]3N=C(N)N)O[C@@H](C)[C@]2(O)C=O)O[C@@H](CO)[C@H](O)[C@H]1O.O=S(=O)(O)O.O=S(=O)(O)O.O=S(=O)(O)O,-18.28059999999997,0.02622073502108119,896.6600000000007,36,30,1457.397000000001,18,6,0.8571428571428571,95
CHEMBL3184799,MEPHENTERMINE SULFATE,CNC(C)(C)Cc1ccccc1.CNC(C)(C)Cc1ccccc1.O=S(=O)(O)O,3.801400000000002,0.5266242990991414,98.66,4,4,424.6070000000001,6,2,0.45454545454545453,29
CHEMBL3184986,ZINC ACETATE,CC(=O)[O-].CC(=O)[O-].O.O.[Zn+2],-4.139499999999999,0.3809391828756226,143.26,4,0,219.50799999999998,0,0,0.5,11
CHEMBL3185229,MAGNESIUM CHLORIDE,O.O.O.O.O.O.[Cl-].[Cl-].[Mg+2],-11.320999999999996,0.3379490117292622,189.0,0,0,203.30100000000002,0,0,0.0,9
CHEMBL3185958,CLOMIPHENE CITRATE,CCN(CC)CCOc1ccc(C(=C(Cl)c2ccccc2)c2ccccc2)cc1.O=C(O)CC(O)(CC(=O)O)C(=O)O,5.314100000000005,0.18153489797561,144.6,6,4,598.0920000000003,14,3,0.28125,42
CHEMBL3186492,ONDANSETRON HYDROCHLORIDE,Cc1nccn1CC1CCc2c(c3ccccc3n2C)C1=O.Cl.O.O,1.9009200000000015,0.6917106954522223,102.82,4,0,365.86100000000016,2,4,0.3333333333333333,25
CHEMBL3186993,HYDROXYZINE HYDROCHLORIDE,Cl.Cl.OCCOCCN1CCN(C(c2ccccc2)c2ccc(Cl)cc2)CC1,3.8995000000000033,0.622672202608618,35.940000000000005,4,1,447.8340000000002,8,3,0.42857142857142855,28
CHEMBL3187246,METHAPYRILENE FUMARATE,CN(C)CCN(Cc1cccs1)c1ccccn1.CN(C)CCN(Cc1cccs1)c1ccccn1.O=C(O)/C=C/C(=O)O.O=C(O)/C=C/C(=O)O.O=C(O)/C=C/C(=O)O,4.558000000000002,0.07488517552497556,262.53999999999996,14,6,871.0040000000006,18,4,0.25,60
CHEMBL3187365,ASENAPINE,CN1CC2c3ccccc3Oc3ccc(Cl)cc3C2C1,4.258500000000003,0.7170507116408826,12.47,2,0,285.77400000000006,0,4,0.29411764705882354,20
CHEMBL3187723,BINIMETINIB,Cn1cnc2c(F)c(Nc3ccc(Br)cc3F)c(C(=O)NOCCO)cc21,3.0113000000000003,0.40456998279113743,88.41000000000001,6,3,441.2320000000002,6,3,0.17647058823529413,27
CHEMBL3187985,APOMORPHINE HYDROCHLORIDE,CN1CCc2cccc3c2[C@H]1Cc1ccc(O)c(O)c1-3.CN1CCc2cccc3c2[C@H]1Cc1ccc(O)c(O)c1-3.Cl.Cl.O,5.71870000000001,0.18585739063432202,118.9,6,4,625.5930000000003,0,8,0.29411764705882354,43
CHEMBL3188034,TRIPROLIDINE HYDROCHLORIDE,Cc1ccc(/C(=C\CN2CCCC2)c2ccccn2)cc1.Cl.O,3.5146200000000034,0.8597078837376839,47.63,2,0,332.875,4,3,0.3157894736842105,23
CHEMBL3188267,CAPMATINIB,CNC(=O)c1ccc(-c2cnc3ncc(Cc4ccc5ncccc5c4)n3n2)cc1F,3.429000000000002,0.48889130178176626,85.07000000000001,6,1,412.42800000000005,4,5,0.08695652173913043,31
CHEMBL3188339,ALCURONIUM CHLORIDE,C=CC[N@@+]12CC[C@@]34c5ccccc5N5/C=C6/[C@H]7C[C@H]8[C@@]9(CC[N@@+]8(CC=C)C/C7=C/CO)c7ccccc7N(/C=C(/[C@@H](C[C@@H]31)/C(=C\CO)C2)[C@H]54)[C@@H]69.[Cl-].[Cl-],-0.5163999999999931,0.31025344414850653,46.94,4,2,737.8160000000001,6,11,0.45454545454545453,52
CHEMBL3188576,DIHYDROSTREPTOMYCIN SULFATE,CN[C@@H]1[C@H](O[C@H]2[C@H](O[C@H]3[C@H](O)[C@@H](O)[C@H](NC(=N)N)[C@@H](O)[C@@H]3NC(=N)N)O[C@@H](C)[C@]2(O)CO)O[C@@H](CO)[C@H](O)[C@H]1O.CN[C@@H]1[C@H](O[C@H]2[C@H](O[C@H]3[C@H](O)[C@@H](O)[C@H](NC(=N)N)[C@@H](O)[C@@H]3NC(=N)N)O[C@@H](C)[C@]2(O)CO)O[C@@H](CO)[C@H](O)[C@H]1O.O=S(=O)(O)O.O=S(=O)(O)O.O=S(=O)(O)O,-17.85511999999997,0.03441759832196916,892.9800000000006,36,36,1461.4290000000015,18,6,0.9047619047619048,95
CHEMBL3188993,QUETIAPINE FUMARATE,O=C(O)/C=C/C(=O)O.OCCOCCN1CCN(C2=Nc3ccccc3Sc3ccccc32)CC1.OCCOCCN1CCN(C2=Nc3ccccc3Sc3ccccc32)CC1,5.423800000000009,0.10504270035087793,171.2,14,4,883.1059999999994,12,8,0.34782608695652173,62
CHEMBL3189072,TIROFIBAN HYDROCHLORIDE,CCCCS(=O)(=O)N[C@@H](Cc1ccc(OCCCCC2CCNCC2)cc1)C(=O)O.Cl.O,2.5476000000000005,0.3398068699115624,136.23000000000002,5,3,495.08200000000033,14,2,0.6818181818181818,32
CHEMBL3218576,COPANLISIB,COc1c(OCCCN2CCOCC2)ccc2c1N=C(NC(=O)c1cnc(N)nc1)N1CCN=C21,0.661800000000002,0.5470559666602671,139.79000000000002,11,2,480.5290000000002,7,5,0.43478260869565216,35
CHEMBL3233142,LUMATEPERONE TOSYLATE,CN1CCN2c3c(cccc31)[C@@H]1CN(CCCC(=O)c3ccc(F)cc3)CC[C@@H]12.Cc1ccc(S(=O)(=O)O)cc1,5.158220000000005,0.3267703643003764,81.16,6,1,565.7110000000002,6,6,0.3870967741935484,40
CHEMBL3237547,CEDAZURIDINE,O=C1N[C@H](O)CCN1[C@@H]1O[C@H](CO)[C@@H](O)C1(F)F,-1.5664999999999996,0.48460198734903326,102.26,5,4,268.216,2,2,0.8888888888888888,18
CHEMBL3244648,METHOTREXATE SODIUM,CN(Cc1cnc2nc(N)nc(N)c2n1)c1ccc(C(=O)N[C@@H](CCC(=O)[O-])C(=O)[O-])cc1.[Na+].[Na+],-8.39300000000001,0.23443149151334866,216.2,12,3,498.4110000000003,9,3,0.25,35
CHEMBL3286830,LORLATINIB,C[C@H]1Oc2cc(cnc2N)-c2c(nn(C)c2C#N)CN(C)C(=O)c2ccc(F)cc21,2.8006800000000016,0.6146965066530885,110.06,7,1,406.4210000000001,0,4,0.23809523809523808,30
CHEMBL3291398,LEFAMULIN,C=C[C@]1(C)C[C@@H](OC(=O)CS[C@@H]2CC[C@@H](N)C[C@H]2O)[C@]2(C)[C@H](C)CC[C@]3(CCC(=O)[C@H]32)[C@@H](C)[C@@H]1O,3.8668000000000036,0.38273499100363056,109.85000000000001,7,3,507.7370000000003,5,4,0.8571428571428571,35
CHEMBL3301594,FOSTEMSAVIR,COc1cnc(-n2cnc(C)n2)c2c1c(C(=O)C(=O)N1CCN(C(=O)c3ccccc3)CC1)cn2COP(=O)(O)O,1.1681199999999994,0.17252489889225614,182.20999999999998,11,2,583.4980000000005,8,5,0.28,41
CHEMBL3301598,FOSTEMSAVIR TROMETHAMINE,COc1cnc(-n2cnc(C)n2)c2c1c(C(=O)C(=O)N1CCN(C(=O)c3ccccc3)CC1)cn2COP(=O)(O)O.NC(CO)(CO)CO,-1.1710799999999975,0.06099876087751848,268.91999999999996,15,6,704.6340000000004,11,5,0.3793103448275862,49
CHEMBL3301603,GILTERITINIB FUMARATE,CCc1nc(C(N)=O)c(Nc2ccc(N3CCC(N4CCN(C)CC4)CC3)c(OC)c2)nc1NC1CCOCC1.CCc1nc(C(N)=O)c(Nc2ccc(N3CCC(N4CCN(C)CC4)CC3)c(OC)c2)nc1NC1CCOCC1.O=C(O)/C=C/C(=O)O,5.106200000000014,0.053335130937744384,316.82000000000005,22,8,1221.5199999999993,20,10,0.5806451612903226,88
CHEMBL3301605,RELEBACTAM,O.O=C(NC1CCNCC1)[C@@H]1CC[C@@H]2CN1C(=O)N2OS(=O)(=O)O,-1.967099999999995,0.4865471417234415,159.77999999999997,6,3,366.396,4,3,0.8333333333333334,24
CHEMBL3301607,FILGOTINIB,O=C(Nc1nc2cccc(-c3ccc(CN4CCS(=O)(=O)CC4)cc3)n2n1)C1CC1,1.9751999999999998,0.6714427615145171,96.67,7,1,425.5140000000002,5,5,0.38095238095238093,30
CHEMBL3301610,ABEMACICLIB,CCN1CCN(Cc2ccc(Nc3ncc(F)c(-c4cc(F)c5nc(C)n(C(C)C)c5c4)n3)nc2)CC1,4.936920000000004,0.38068830735885517,75.0,8,1,506.6050000000003,7,5,0.4074074074074074,37
CHEMBL3301611,AMIFAMPRIDINE PHOSPHATE,Nc1ccncc1N.O=P(O)(O)O,-0.6825999999999999,0.3542712030615277,142.69,4,5,207.126,0,1,0.0,13
CHEMBL3301612,ENCORAFENIB,COC(=O)N[C@@H](C)CNc1nccc(-c2cn(C(C)C)nc2-c2cc(Cl)cc(NS(C)(=O)=O)c2F)n1,3.908400000000002,0.37159842204424726,140.13,9,3,540.0210000000002,9,3,0.36363636363636365,36
CHEMBL3301622,GILTERITINIB,CCc1nc(C(N)=O)c(Nc2ccc(N3CCC(N4CCN(C)CC4)CC3)c(OC)c2)nc1NC1CCOCC1,2.6972000000000014,0.4281496579360725,121.10999999999999,10,3,552.7240000000003,9,5,0.6206896551724138,40
CHEMBL3301624,SETMELANOTIDE,CC(=O)N[C@@H](CCCNC(=N)N)C(=O)N[C@H]1CSSC[C@@H](C(N)=O)NC(=O)[C@H](Cc2c[nH]c3ccccc23)NC(=O)[C@H](CCCNC(=N)N)NC(=O)[C@@H](Cc2ccccc2)NC(=O)[C@H](Cc2c[nH]cn2)NC(=O)[C@@H](C)NC1=O,-2.756060000000012,0.020777692191421938,444.15999999999985,14,17,1117.3339999999996,18,5,0.42857142857142855,78
CHEMBL3301627,TENAPANOR HYDROCHLORIDE,CN1Cc2c(Cl)cc(Cl)cc2[C@H](c2cccc(S(=O)(=O)NCCOCCOCCNC(=O)NCCCCNC(=O)NCCOCCOCCNS(=O)(=O)c3cccc([C@@H]4CN(C)Cc5c(Cl)cc(Cl)cc54)c3)c2)C1.Cl.Cl,7.000200000000011,0.030320159470539156,217.99999999999997,12,6,1217.9919999999995,29,6,0.48,76
CHEMBL3301650,DALBAVANCIN HYDROCHLORIDE,CN[C@H]1C(=O)N[C@@H]2Cc3ccc(cc3)Oc3cc4cc(c3O[C@@H]3O[C@H](C(=O)O)[C@@H](O)[C@H](O)[C@H]3NC(=O)CCCCCCCCC(C)C)Oc3ccc(cc3Cl)[C@@H](O)[C@@H]3NC(=O)[C@H](NC(=O)[C@@H]4NC(=O)[C@@H](NC2=O)c2cc(cc(O)c2Cl)Oc2cc1ccc2O)c1ccc(O)c(c1)-c1c(O[C@H]2O[C@H](CO)[C@@H](O)[C@H](O)[C@@H]2O)cc(O)cc1[C@@H](C(=O)NCCCN(C)C)NC3=O.Cl,4.589800000000005,0.04125547501429975,572.5100000000001,29,21,1853.177,22,15,0.42045454545454547,129
CHEMBL3301668,CARBETOCIN,CC[C@H](C)[C@@H]1NC(=O)[C@H](Cc2ccc(OC)cc2)NC(=O)CCCSC[C@@H](C(=O)N2CCC[C@H]2C(=O)N[C@@H](CC(C)C)C(=O)NCC(N)=O)NC(=O)[C@H](CC(N)=O)NC(=O)[C@H](CCC(N)=O)NC1=O,-2.500900000000012,0.0728474283778534,362.50999999999993,13,10,988.1789999999996,18,3,0.6222222222222222,69
CHEMBL3301669,DALBAVANCIN,CN[C@H]1C(=O)N[C@@H]2Cc3ccc(cc3)Oc3cc4cc(c3O[C@@H]3O[C@H](C(=O)O)[C@@H](O)[C@H](O)[C@H]3NC(=O)CCCCCCCCC(C)C)Oc3ccc(cc3Cl)[C@@H](O)[C@@H]3NC(=O)[C@H](NC(=O)[C@@H]4NC(=O)[C@@H](NC2=O)c2cc(cc(O)c2Cl)Oc2cc1ccc2O)c1ccc(O)c(c1)-c1c(O[C@H]2O[C@H](CO)[C@@H](O)[C@H](O)[C@@H]2O)cc(O)cc1[C@@H](C(=O)NCCCN(C)C)NC3=O,4.168000000000005,0.042339888198993925,572.5100000000001,29,21,1816.716,22,15,0.42045454545454547,128
CHEMBL3301670,DIFEMERINE HYDROCHLORIDE,CN(C)CC(C)(C)OC(=O)C(O)(c1ccccc1)c1ccccc1.Cl,3.227700000000002,0.8004225404170662,49.769999999999996,4,1,363.88500000000005,6,2,0.35,25
CHEMBL3301675,LINACLOTIDE,C[C@@H]1NC(=O)[C@@H]2CCCN2C(=O)[C@H](CC(N)=O)NC(=O)[C@@H]2CSSC[C@H](N)C(=O)N[C@H]3CSSC[C@H](NC1=O)C(=O)N[C@@H]([C@@H](C)O)C(=O)NCC(=O)N[C@H](C(=O)N[C@@H](Cc1ccc(O)cc1)C(=O)O)CSSC[C@H](NC(=O)[C@H](Cc1ccc(O)cc1)NC(=O)[C@H](CCC(=O)O)NC3=O)C(=O)N2,-5.93920000000003,0.06557902924389308,573.9099999999999,26,19,1526.7670000000007,13,6,0.5254237288135594,101
CHEMBL3301678,MONOCTANOIN,CCCCCCCC(=O)OCC(CO)OC(=O)CCCCCCC.CCCCCCCC(=O)OCC(O)CO.CCCCCCCCCC(=O)OCC(O)CO.OCC(O)CO,5.753400000000011,0.02081675758132806,267.03999999999996,16,8,901.2260000000002,38,0,0.9130434782608695,62
CHEMBL3301680,TELAVANCIN HYDROCHLORIDE,CCCCCCCCCCNCCN[C@@]1(C)C[C@H](O[C@H]2[C@H](Oc3c4cc5cc3Oc3ccc(cc3Cl)[C@@H](O)[C@@H](NC(=O)[C@@H](CC(C)C)NC)C(=O)N[C@@H](CC(N)=O)C(=O)N[C@H]5C(=O)N[C@H]3C(=O)N[C@H](C(=O)N[C@H](C(=O)O)c5cc(O)c(CNCP(=O)(O)O)c(O)c5-c5cc3ccc5O)[C@H](O)c3ccc(c(Cl)c3)O4)O[C@H](CO)[C@@H](O)[C@@H]2O)O[C@@H](C)[C@H]1O.Cl,3.1140000000000168,0.023187556046331367,598.0900000000001,28,23,1792.1190000000004,30,12,0.525,122
CHEMBL3304484,MONOCTANOIN,CCCCCCCC(=O)OCC(CO)OC(=O)CCCCCCC.CCCCCCCC(=O)OCC(O)CO.CCCCCCCCCC(=O)OCC(O)CO,7.421500000000013,0.023765353650965354,206.34999999999997,13,5,809.1320000000002,36,0,0.9069767441860465,56
CHEMBL3304485,TENAPANOR,CN1Cc2c(Cl)cc(Cl)cc2[C@H](c2cccc(S(=O)(=O)NCCOCCOCCNC(=O)NCCCCNC(=O)NCCOCCOCCNS(=O)(=O)c3cccc([C@@H]4CN(C)Cc5c(Cl)cc(Cl)cc54)c3)c2)C1,6.156600000000009,0.03374988986499664,217.99999999999997,12,6,1145.0699999999995,29,6,0.48,74
CHEMBL3304486,DIFEMERINE,CN(C)CC(C)(C)OC(=O)C(O)(c1ccccc1)c1ccccc1,2.8059000000000003,0.8290564632494989,49.769999999999996,4,1,327.42400000000004,6,2,0.35,24
CHEMBL3305985,ALCURONIUM,C=CC[N@@+]12CC[C@@]34c5ccccc5N5/C=C6/[C@H]7C[C@H]8[C@@]9(CC[N@@+]8(CC=C)C/C7=C/CO)c7ccccc7N(/C=C(/[C@@H](C[C@@H]31)/C(=C\CO)C2)[C@H]54)[C@@H]69,5.475600000000007,0.31722605105983087,46.94,4,2,666.9100000000002,6,11,0.45454545454545453,50
CHEMBL3306803,LUMATEPERONE,CN1CCN2c3c(cccc31)[C@@H]1CN(CCCC(=O)c3ccc(F)cc3)CC[C@@H]12,3.9165000000000036,0.7198069073904806,26.79,4,0,393.5060000000001,5,5,0.4583333333333333,29
CHEMBL3311228,OTESECONAZOLE,O[C@@](Cn1cnnn1)(c1ccc(F)cc1F)C(F)(F)c1ccc(-c2ccc(OCC(F)(F)F)cc2)cn1,4.6342000000000025,0.336518429726495,85.95,7,1,527.4000000000002,8,4,0.21739130434782608,37
CHEMBL3317857,VABORBACTAM,O=C(O)C[C@@H]1CC[C@H](NC(=O)Cc2cccs2)B(O)O1,0.4487999999999997,0.6857461575224179,95.86000000000001,5,3,297.141,5,2,0.5,20
CHEMBL3348963,TELOTRISTAT ETIPRATE,CCOC(=O)[C@@H](N)Cc1ccc(-c2cc(O[C@H](c3ccc(Cl)cc3-n3ccc(C)n3)C(F)(F)F)nc(N)n2)cc1.O=C(O)CNC(=O)c1ccccc1,5.489620000000003,0.11760991978961377,197.56999999999996,11,4,754.1659999999999,12,5,0.2222222222222222,53
CHEMBL3349607,PASIREOTIDE,NCCCC[C@@H]1NC(=O)[C@@H](Cc2c[nH]c3ccccc23)NC(=O)[C@H](c2ccccc2)NC(=O)[C@@H]2C[C@@H](OC(=O)NCCN)CN2C(=O)[C@H](Cc2ccccc2)NC(=O)[C@H](Cc2ccc(OCc3ccccc3)cc2)NC1=O,3.3685000000000116,0.05976640574014416,281.19999999999993,11,9,1047.2269999999996,17,8,0.3275862068965517,77
CHEMBL3351077,CEFSULODIN,NC(=O)c1cc[n+](CC2=C(C(=O)[O-])N3C(=O)[C@@H](NC(=O)[C@@H](c4ccccc4)S(=O)(=O)O)[C@H]3SC2)cc1,-1.8939999999999932,0.19803968033889513,190.87999999999997,8,3,532.5560000000003,8,4,0.22727272727272727,36
CHEMBL3353410,OSIMERTINIB,C=CC(=O)Nc1cc(Nc2nccc(-c3cn(C)c4ccccc34)n2)c(OC)cc1N(C)CCN(C)C,4.509800000000003,0.3105348061023151,87.55,8,2,499.6190000000003,10,4,0.25,37
CHEMBL3358920,ETRASIMOD,O=C(O)C[C@H]1CCc2c1[nH]c1ccc(OCc3ccc(C4CCCC4)c(C(F)(F)F)c3)cc21,6.927800000000006,0.42198742672696293,62.31999999999999,2,2,457.49200000000025,6,5,0.4230769230769231,33
CHEMBL3391662,PARITAPREVIR,Cc1cnc(C(=O)N[C@H]2CCCCC/C=C\[C@@H]3C[C@@]3(C(=O)NS(=O)(=O)C3CC3)NC(=O)[C@@H]3C[C@@H](Oc4nc5ccccc5c5ccccc45)CN3C2=O)cn1,3.6369200000000026,0.1851505589764442,189.64999999999998,10,3,765.8929999999999,7,8,0.425,55
CHEMBL3392049,PYRITHIONE ZINC,[O-]n1ccccc1=S.[O-]n1ccccc1=S.[Zn+2],3.124480000000001,0.5531418934186684,55.98,6,0,317.71000000000004,0,2,0.0,17
CHEMBL3400972,FLUORODOPA F 18,N[C@@H](Cc1cc(O)c(O)cc1[18F])C(=O)O,0.19129999999999997,0.5376065802356236,103.78000000000002,4,4,214.18293799999995,3,1,0.2222222222222222,15
CHEMBL3402762,TEPOTINIB,CN1CCC(COc2cnc(-c3cccc(Cn4nc(-c5cccc(C#N)c5)ccc4=O)c3)nc2)CC1,4.007880000000003,0.3845344905374436,96.92999999999999,8,0,492.58300000000025,7,5,0.27586206896551724,37
CHEMBL3414621,TAZEMETOSTAT,CCN(c1cc(-c2ccc(CN3CCOCC3)cc2)cc(C(=O)NCc2c(C)cc(C)[nH]c2=O)c1C)C1CCOCC1,4.734660000000003,0.38554289103466516,86.9,6,2,572.75,9,5,0.47058823529411764,42
CHEMBL3544906,BENZPHETAMINE HYDROCHLORIDE,C[C@@H](Cc1ccccc1)N(C)Cc1ccccc1.Cl,4.171400000000005,0.791555478759392,3.24,1,0,275.8229999999999,5,2,0.29411764705882354,19
CHEMBL3544908,AZATADINE MALEATE,CN1CCC(=C2c3ccccc3CCc3cccnc32)CC1.O=C(O)/C=C\C(=O)O.O=C(O)/C=C\C(=O)O,3.1312999999999995,0.43832856869518466,165.32999999999998,6,4,522.5540000000003,4,4,0.25,38
CHEMBL3544909,CALCIFEDIOL,C=C1CC[C@H](O)C/C1=C/C=C1\CCC[C@]2(C)[C@@H]([C@H](C)CCCC(C)(C)O)CC[C@@H]12.O,5.909200000000008,0.5626627970437142,71.96000000000001,2,2,418.66200000000026,6,3,0.7777777777777778,30
CHEMBL3544914,TEZACAFTOR,CC(C)(CO)c1cc2cc(NC(=O)C3(c4ccc5c(c4)OC(F)(F)O5)CC3)c(F)cc2n1C[C@@H](O)CO,3.395300000000002,0.3623253042445342,113.18,7,4,520.5040000000002,8,5,0.4230769230769231,37
CHEMBL3544971,DEXTROAMPHETAMINE SULFATE,C[C@H](N)Cc1ccccc1.C[C@H](N)Cc1ccccc1.O=S(=O)(O)O,2.4998,0.6141928866476464,126.64000000000001,4,4,368.499,4,2,0.3333333333333333,25
CHEMBL3544973,CEFTAROLINE FOSAMIL ACETATE,CC(=O)O.CCO/N=C(\C(=O)N[C@@H]1C(=O)N2C(C(=O)[O-])=C(Sc3nc(-c4cc[n+](C)cc4)cs3)CS[C@H]12)c1nsc(NP(=O)(O)O)n1.O,-0.8487999999999993,0.05226461498711741,292.03999999999996,15,5,762.7670000000002,11,5,0.2916666666666667,48
CHEMBL3544974,ASENAPINE MALEATE,CN1CC2c3ccccc3Oc3ccc(Cl)cc3C2C1.O=C(O)/C=C\C(=O)O,3.9703000000000017,0.740220328537148,87.07000000000001,4,2,401.8460000000002,2,4,0.23809523809523808,28
CHEMBL3544985,DASABUVIR SODIUM MONOHYDRATE,COc1c(-c2ccc3cc(NS(C)(=O)=O)ccc3c2)cc(-n2ccc(=O)[n-]c2=O)cc1C(C)(C)C.O.[Na+],-0.16799999999999982,0.35352343084567334,140.07,6,1,533.5820000000003,5,4,0.23076923076923078,37
CHEMBL3544986,PERINDOPRIL ARGININE,CCC[C@H](N[C@@H](C)C(=O)N1[C@H](C(=O)O)C[C@@H]2CCCC[C@@H]21)C(=O)OCC.N=C(N)NCCC[C@H](N)C(=O)O,0.6021700000000052,0.07385098316522275,221.16000000000003,8,7,542.6780000000005,13,2,0.8,38
CHEMBL3544988,DAPRODUSTAT,O=C(O)CNC(=O)C1C(=O)N(C2CCCCC2)C(=O)N(C2CCCCC2)C1=O,1.2595999999999992,0.6778051064598919,124.09,5,2,393.4400000000002,5,3,0.7368421052631579,28
CHEMBL3545057,ACETYLDIGITOXIN,CC(=O)O[C@H]1C[C@H](O[C@H]2[C@@H](O)C[C@H](O[C@H]3[C@@H](O)C[C@H](O[C@H]4CC[C@@]5(C)[C@H](CC[C@@H]6[C@@H]5CC[C@]5(C)[C@@H](C7=CC(=O)OC7)CC[C@]65O)C4)O[C@@H]3C)O[C@@H]2C)O[C@H](C)[C@H]1O,3.8181000000000025,0.2047865315695335,188.89999999999998,14,4,806.9870000000003,8,8,0.9069767441860465,57
CHEMBL3545058,DEXTROTHYROXINE SODIUM,N[C@H](Cc1cc(I)c(Oc2cc(I)c(O)c(I)c2)c(I)c1)C(=O)[O-].O.[Na+],-0.5981000000000001,0.30851259663185937,127.11000000000001,5,2,816.869,5,2,0.13333333333333333,26
CHEMBL3545059,ALISKIREN FUMARATE,COCCCOc1cc(C[C@@H](C[C@H](N)[C@@H](O)C[C@H](C(=O)NCC(C)(C)C(N)=O)C(C)C)C(C)C)ccc1OC.COCCCOc1cc(C[C@@H](C[C@H](N)[C@@H](O)C[C@H](C(=O)NCC(C)(C)C(N)=O)C(C)C)C(C)C)ccc1OC.O=C(O)/C=C/C(=O)O,6.298800000000017,0.025839296004145498,366.86,16,10,1219.6099999999994,40,2,0.6875,86
CHEMBL3545060,ERYTHROMYCIN GLUCEPTATE,CC[C@H]1OC(=O)[C@H](C)[C@@H](O[C@H]2C[C@@](C)(OC)[C@@H](O)[C@H](C)O2)[C@H](C)[C@@H](O[C@@H]2O[C@H](C)C[C@H](N(C)C)[C@H]2O)[C@](C)(O)C[C@@H](C)C(=O)[C@H](C)[C@@H](O)[C@]1(C)O.O=C(O)[C@H](O)[C@H](O)[C@@H](O)[C@H](O)[C@H](O)CO,-2.3465999999999867,0.08603123980657708,352.59000000000003,21,12,960.1180000000006,13,3,0.9318181818181818,66
CHEMBL3545062,VELPATASVIR,COC[C@H]1C[C@@H](c2nc(-c3ccc4c(c3)COc3cc5c(ccc6nc([C@@H]7CC[C@H](C)N7C(=O)[C@@H](NC(=O)OC)C(C)C)[nH]c65)cc3-4)c[nH]2)N(C(=O)[C@H](NC(=O)OC)c2ccccc2)C1,7.731500000000008,0.10010609281018774,193.1,10,4,883.019,11,9,0.3877551020408163,65
CHEMBL3545063,OSIMERTINIB MESYLATE,C=CC(=O)Nc1cc(Nc2nccc(-c3cn(C)c4ccccc34)n2)c(OC)cc1N(C)CCN(C)C.CS(=O)(=O)O,4.013800000000002,0.18181920071483845,141.92,10,3,595.7260000000005,10,4,0.27586206896551724,42
CHEMBL3545068,COPANLISIB HYDROCHLORIDE,COc1c(OCCCN2CCOCC2)ccc2c1N=C(NC(=O)c1cnc(N)nc1)N1CCN=C21.Cl.Cl,1.5053999999999998,0.4885737991294415,139.79000000000002,11,2,553.4510000000002,7,5,0.43478260869565216,37
CHEMBL3545110,RIBOCICLIB,CN(C)C(=O)c1cc2cnc(Nc3ccc(N4CCNCC4)cn3)nc2n1C1CCCC1,2.7964,0.6380121763709555,91.21000000000001,8,2,434.54800000000023,5,5,0.4782608695652174,32
CHEMBL3545123,PIBRENTASVIR,COC(=O)N[C@H](C(=O)N1CCC[C@H]1c1nc2cc([C@H]3CC[C@H](c4cc5nc([C@@H]6CCCN6C(=O)[C@@H](NC(=O)OC)[C@@H](C)OC)[nH]c5cc4F)N3c3cc(F)c(N4CCC(c5ccc(F)cc5)CC4)c(F)c3)c(F)cc2[nH]1)[C@@H](C)OC,9.447500000000002,0.0711751503666903,199.57999999999996,12,4,1113.1989999999996,15,10,0.47368421052631576,80
CHEMBL3545181,TIOTROPIUM BROMIDE,C[N+]1(C)[C@@H]2C[C@@H](OC(=O)C(O)(c3cccs3)c3cccs3)C[C@H]1[C@@H]1O[C@@H]12.O.[Br-],-1.474999999999998,0.3219676571210469,90.56,6,1,490.44100000000014,4,5,0.5263157894736842,28
CHEMBL3545183,ETELCALCETIDE HYDROCHLORIDE,CC(=O)N[C@H](CSSC[C@H](N)C(=O)O)C(=O)N[C@H](C)C(=O)N[C@H](CCCNC(=N)N)C(=O)N[C@H](CCCNC(=N)N)C(=O)N[C@H](CCCNC(=N)N)C(=O)N[C@H](C)C(=O)N[C@H](CCCNC(=N)N)C(N)=O.Cl,-6.806820000000009,0.011999014552079051,557.7099999999999,16,22,1084.7339999999992,36,0,0.6578947368421053,72
CHEMBL3545184,VELCALCETIDE,CC(=O)N[C@H](CSSC[C@H](N)C(=O)O)C(=O)N[C@H](C)C(=O)N[C@H](CCCNC(=N)N)C(=O)N[C@H](CCCNC(=N)N)C(=O)N[C@H](CCCNC(=N)N)C(=O)N[C@H](C)C(=O)N[C@H](CCCNC(=N)N)C(N)=O,-7.228620000000001,0.011995527880362412,557.7099999999999,16,22,1048.2729999999992,36,0,0.6578947368421053,71
CHEMBL3545185,SELINEXOR,O=C(/C=C\n1cnc(-c2cc(C(F)(F)F)cc(C(F)(F)F)c2)n1)NNc1cnccn1,3.386700000000001,0.35658914228699357,97.62,7,2,443.311,5,3,0.11764705882352941,31
CHEMBL3545252,DOCETAXEL,CC(=O)O[C@@]12CO[C@@H]1C[C@H](O)[C@@]1(C)C(=O)[C@H](O)C3=C(C)[C@@H](OC(=O)[C@H](O)[C@@H](NC(=O)OC(C)(C)C)c4ccccc4)C[C@@](O)([C@@H](OC(=O)c4ccccc4)[C@H]21)C3(C)C.O.O.O,0.7855000000000025,0.13926976773835378,318.94999999999993,14,5,861.9350000000002,8,6,0.5581395348837209,61
CHEMBL3545253,FLORTAUCIPIR F 18,[18F]c1ccc(-c2ccc3c(c2)[nH]c2ccncc23)cn1,3.917200000000002,0.5281784786597152,41.57,2,1,262.277938,1,4,0.0,20
CHEMBL3545309,LEFAMULIN ACETATE,C=C[C@]1(C)C[C@@H](OC(=O)CS[C@@H]2CC[C@@H](N)C[C@H]2O)[C@]2(C)[C@H](C)CC[C@]3(CCC(=O)[C@H]32)[C@@H](C)[C@@H]1O.CC(=O)O,3.9577000000000027,0.28621357230457667,147.15,8,4,567.7890000000003,5,4,0.8333333333333334,39
CHEMBL3545311,BRIGATINIB,COc1cc(N2CCC(N3CCN(C)CC3)CC2)ccc1Nc1ncc(Cl)c(Nc2ccccc2P(C)(C)=O)n1,5.090000000000003,0.3521921877728202,85.86,9,2,584.105,8,5,0.4482758620689655,40
CHEMBL3545313,BEMPEDOIC ACID,CC(C)(CCCCCC(O)CCCCCC(C)(C)C(=O)O)C(=O)O,4.469900000000003,0.40410515233160504,94.83,3,3,344.492,14,0,0.8947368421052632,24
CHEMBL3545363,GLECAPREVIR,CC(C)(C)[C@@H]1NC(=O)O[C@@H]2CCC[C@H]2OC/C=C/C(F)(F)c2nc3ccccc3nc2O[C@@H]2C[C@@H](C(=O)N[C@]3(C(=O)NS(=O)(=O)C4(C)CC4)C[C@H]3C(F)F)N(C2)C1=O,3.8568000000000016,0.2826248744385246,195.22,11,3,838.8779999999998,6,7,0.631578947368421,58
CHEMBL3545367,LEMBOREXANT,Cc1ncc(OC[C@@]2(c3cccc(F)c3)C[C@H]2C(=O)Nc2ccc(F)cn2)c(C)n1,3.742040000000002,0.6699507613704487,77.0,5,1,410.4240000000001,6,4,0.2727272727272727,30
CHEMBL3545368,PANOBINOSTAT LACTATE,CC(O)C(=O)O.Cc1[nH]c2ccccc2c1CCNCc1ccc(/C=C/C(=O)NO)cc1,2.77902,0.13830547178967528,134.67999999999998,5,6,439.5120000000001,8,3,0.25,32
CHEMBL3545376,ERDAFITINIB,COc1cc(OC)cc(N(CCNC(C)C)c2ccc3ncc(-c4cnn(C)c4)nc3c2)c1,4.183600000000003,0.41315618125253445,77.33,8,1,446.5550000000001,9,4,0.32,33
CHEMBL3545432,IXAZOMIB CITRATE,CC(C)C[C@H](NC(=O)CNC(=O)c1cc(Cl)ccc1Cl)B1OC(=O)C(CC(=O)O)(CC(=O)O)O1,1.5430999999999993,0.31847047894792313,168.32999999999998,7,4,517.1270000000003,11,2,0.45,34
CHEMBL3545985,BENZPHETAMINE,C[C@@H](Cc1ccccc1)N(C)Cc1ccccc1,3.7496000000000027,0.7678129737095625,3.24,1,0,239.36199999999997,5,2,0.29411764705882354,18
CHEMBL3546271,FLORTAUCIPIR,Fc1ccc(-c2ccc3c(c2)[nH]c2ccncc23)cn1,3.917200000000002,0.5287702296851626,41.57,2,1,263.27500000000003,1,4,0.0,20
CHEMBL3547132,FLUORODOPA,N[C@@H](Cc1cc(O)c(O)cc1F)C(=O)O,0.19129999999999997,0.5387297559919445,103.78000000000002,4,4,215.17999999999995,3,1,0.2222222222222222,15
CHEMBL3561076,TRIMETAZIDINE DIHYDROCHLORIDE,COc1ccc(CN2CCNCC2)c(OC)c1OC.Cl.Cl,1.9612000000000007,0.8884491650298826,42.96000000000001,5,1,339.263,5,2,0.5714285714285714,21
CHEMBL3578202,GOZETOTIDE,O=C(O)CCc1ccc(O)c(CN(CCN(CC(=O)O)Cc2cc(CCC(=O)NCCCCCC(=O)NCCCC[C@H](NC(=O)N[C@@H](CCC(=O)O)C(=O)O)C(=O)O)ccc2O)CC(=O)O)c1,1.5545000000000095,0.04361476955421439,370.07000000000005,13,12,947.0050000000002,35,2,0.5227272727272727,67
CHEMBL3590187,CLASCOTERONE,CCC(=O)O[C@]1(C(=O)CO)CC[C@H]2[C@@H]3CCC4=CC(=O)CC[C@]4(C)[C@H]3CC[C@@]21C,3.7717000000000027,0.724146959959367,80.67000000000002,5,1,402.5310000000003,4,4,0.7916666666666666,29
CHEMBL3608680,FEZOLINETANT,Cc1nsc(-c2nnc3n2CCN(C(=O)c2ccc(F)cc2)[C@@H]3C)n1,2.46112,0.7032475119343297,76.80000000000001,7,0,358.40200000000004,2,4,0.3125,25
CHEMBL3622821,UPADACITINIB,CC[C@@H]1CN(C(=O)NCC(F)(F)F)C[C@@H]1c1cnc2cnc3[nH]ccc3n12,2.9079000000000006,0.7334449348650801,78.32,4,2,380.374,3,4,0.47058823529411764,27
CHEMBL3643413,LENIOLISIB,CCC(=O)N1CC[C@H](Nc2ncnc3c2CN(c2cnc(OC)c(C(F)(F)F)c2)CC3)C1,2.884500000000002,0.7500668161155857,83.48,7,1,450.4650000000002,5,4,0.5238095238095238,32
CHEMBL3646221,VADADUSTAT,O=C(O)CNC(=O)c1ncc(-c2cccc(Cl)c2)cc1O,1.9219999999999993,0.8011348868798526,99.52000000000001,4,3,306.70500000000004,4,2,0.07142857142857142,21
CHEMBL3655081,ABROCITINIB,CCCS(=O)(=O)N[C@H]1C[C@@H](N(C)c2ncnc3[nH]ccc23)C1,1.2544999999999995,0.8348104206667458,90.97999999999999,5,2,323.4220000000001,6,3,0.5714285714285714,22
CHEMBL3668014,LINZAGOLIX,COc1cc(F)c(-n2c(=O)[nH]c3csc(C(=O)O)c3c2=O)cc1OCc1c(OC)ccc(F)c1F,3.452200000000002,0.39244659719668934,119.85000000000002,8,2,508.4300000000003,7,4,0.13636363636363635,35
CHEMBL3701238,FUTIBATINIB,C=CC(=O)N1CC[C@H](n2nc(C#Cc3cc(OC)cc(OC)c3)c3c(N)ncnc32)C1,1.7849,0.5081726960704563,108.39,8,1,418.4570000000002,4,4,0.2727272727272727,31
CHEMBL3707183,QUINIDINE SULFATE,C=C[C@H]1CN2CC[C@H]1C[C@@H]2[C@@H](O)c1ccnc2ccc(OC)cc12.C=C[C@H]1CN2CC[C@H]1C[C@@H]2[C@@H](O)c1ccnc2ccc(OC)cc12.O.O.O=S(=O)(O)O,4.044200000000004,0.14668014208977656,228.77999999999997,10,4,782.9570000000004,8,9,0.45,55
CHEMBL3707243,GLYCOPYRRONIUM TOSYLATE,C[N+]1(C)CCC(OC(=O)C(O)(c2ccccc2)C2CCCC2)C1.Cc1ccc(S(=O)(=O)[O-])cc1.O,2.5307200000000014,0.3752920410469654,135.23000000000002,6,1,507.64900000000046,5,4,0.5,35
CHEMBL3707246,OZANIMOD HYDROCHLORIDE,CC(C)Oc1ccc(-c2nc(-c3cccc4c3CC[C@@H]4NCCO)no2)cc1C#N.Cl,4.053480000000005,0.5704927436842224,104.19999999999999,7,2,440.9310000000001,7,4,0.34782608695652173,31
CHEMBL3707247,OZANIMOD,CC(C)Oc1ccc(-c2nc(-c3cccc4c3CC[C@@H]4NCCO)no2)cc1C#N,3.631680000000002,0.6194671591037015,104.19999999999999,7,2,404.4700000000001,7,4,0.34782608695652173,30
CHEMBL3707248,VALBENAZINE TOSYLATE,COc1cc2c(cc1OC)[C@H]1C[C@@H](OC(=O)[C@@H](N)C(C)C)[C@H](CC(C)C)CN1CC2.Cc1ccc(S(=O)(=O)O)cc1.Cc1ccc(S(=O)(=O)O)cc1,6.047540000000006,0.1698805110681515,182.75999999999996,10,3,762.9880000000005,9,5,0.5,52
CHEMBL3707266,RIBOCICLIB SUCCINATE,CN(C)C(=O)c1cc2cnc(Nc3ccc(N4CCNCC4)cn3)nc2n1C1CCCC1.O=C(O)CCC(=O)O,2.732199999999999,0.3244857720538698,165.80999999999997,10,4,552.6360000000004,8,5,0.48148148148148145,40
CHEMBL3707281,MAGNESIUM LACTATE,CC(O)C(=O)[O-].CC(O)C(=O)[O-].[Mg+2],-4.146599999999998,0.4386318482216135,120.72,6,2,202.445,2,0,0.6666666666666666,13
CHEMBL3707282,MAGNESIUM OROTATE,O=C([O-])c1cc(=O)[nH]c(=O)[nH]1.O=C([O-])c1cc(=O)[nH]c(=O)[nH]1.[Mg+2],-5.527399999999999,0.38759017655221817,211.69999999999996,8,4,334.483,2,2,0.0,23
CHEMBL3707290,SOMAPACITAN,C=C(CCCCCCCCCCCCCCCc1nnn[nH]1)NS(=O)(=O)CCCC(=O)NCCOCCOCC(=O)N[C@@H](CCC(=O)N[C@@H](CCC(=O)NCCOCCOCC(=O)N[C@@H](CCCCNC(=O)CSC[C@H](N)C(=O)O)C(N)=O)C(=O)O)C(=O)O,-0.18340000000001966,0.037617967488110124,493.15999999999985,21,13,1308.5869999999995,60,1,0.7636363636363637,89
CHEMBL3707306,STRONTIUM RANELATE,N#Cc1c(N(CC(=O)[O-])CC(=O)[O-])sc(C(=O)[O-])c1CC(=O)[O-].[Sr+2].[Sr+2],-6.179719999999998,0.302606352246055,187.54999999999998,11,0,513.4930000000002,8,1,0.25,25
CHEMBL3707310,LOTILANER,Cc1cc(C2=NO[C@@](c3cc(Cl)c(Cl)c(Cl)c3)(C(F)(F)F)C2)sc1C(=O)NCC(=O)NCC(F)(F)F,6.007220000000003,0.3169009042809569,79.78999999999999,5,2,596.7640000000002,6,3,0.35,36
CHEMBL3707311,VAMOROLONE,CCC(=O)[C@@]1(O)[C@H](C)C[C@H]2[C@@H]3CCC4=CC(=O)C=C[C@]4(C)C3=CC[C@@]21C,4.170600000000004,0.7573211077991329,54.37,3,1,354.4900000000001,2,4,0.6521739130434783,26
CHEMBL3707313,TRIFAROTENE,CC(C)(C)c1cc(-c2cc(-c3ccc(C(=O)O)cc3)ccc2OCCO)ccc1N1CCCC1,5.987600000000008,0.4542991925826293,70.0,4,2,459.58600000000035,7,4,0.3448275862068966,34
CHEMBL3707320,ALECTINIB HYDROCHLORIDE,CCc1cc2c(cc1N1CCC(N3CCOCC3)CC1)C(C)(C)c1[nH]c3cc(C#N)ccc3c1C2=O.Cl,5.195080000000006,0.5159745662157008,72.36,5,1,519.0890000000003,3,6,0.4666666666666667,37
CHEMBL3707330,ROLAPITANT HYDROCHLORIDE,C[C@@H](OC[C@@]1(c2ccccc2)CC[C@]2(CCC(=O)N2)CN1)c1cc(C(F)(F)F)cc(C(F)(F)F)c1.Cl.O,5.326600000000006,0.49049674017783296,81.86,3,2,554.9590000000001,5,4,0.48,37
CHEMBL3707331,ROLAPITANT,C[C@@H](OC[C@@]1(c2ccccc2)CC[C@]2(CCC(=O)N2)CN1)c1cc(C(F)(F)F)cc(C(F)(F)F)c1,5.729500000000005,0.5159896304310263,50.36,3,2,500.483,5,4,0.48,35
CHEMBL3707333,SODIUM PERBORATE,O[B-]1(O)OO[B-](O)(O)OO1.[Na+].[Na+],-9.255199999999999,0.22448066758861357,117.84000000000002,8,4,199.62800000000001,0,1,0.0,12
CHEMBL3707334,PERBORIC ACID,O[B-]1(O)OO[B-](O)(O)OO1,-3.2632000000000003,0.211673655347639,117.84000000000002,8,4,153.648,0,1,0.0,10
CHEMBL3707348,ACALABRUTINIB,CC#CC(=O)N1CCC[C@H]1c1nc(-c2ccc(C(=O)Nc3ccccn3)cc2)c2c(N)nccn12,3.3126000000000015,0.44655122021395893,118.50999999999999,7,2,465.5170000000001,4,5,0.19230769230769232,35
CHEMBL3707372,VOXILAPREVIR,CC[C@@H]1[C@@H]2CN(C(=O)[C@H](C(C)(C)C)NC(=O)O[C@@H]3C[C@H]3CCCCC(F)(F)c3nc4ccc(OC)cc4nc3O2)[C@@H]1C(=O)N[C@]1(C(=O)NS(=O)(=O)C2(C)CC2)C[C@H]1C(C)C,5.347400000000004,0.30994170719666275,195.22,11,3,861.0219999999999,8,7,0.7142857142857143,60
CHEMBL3707377,SEGESTERONE ACETATE,C=C1C[C@H]2[C@@H]3CCC4=CC(=O)CC[C@@H]4[C@H]3CC[C@]2(C)[C@@]1(OC(C)=O)C(C)=O,4.185200000000004,0.5402057989764432,60.440000000000005,4,0,370.4890000000001,2,4,0.6956521739130435,27
CHEMBL3707393,OSILODROSTAT PHOSPHATE,N#Cc1ccc([C@H]2CCc3cncn32)c(F)c1.O=P(O)(O)O,1.50088,0.6836084482618064,119.37,4,3,325.236,1,3,0.23076923076923078,22
CHEMBL3786343,OLMUTINIB,C=CC(=O)Nc1cccc(Oc2nc(Nc3ccc(N4CCN(C)CC4)cc3)nc3ccsc23)c1,5.103500000000004,0.3516294002301692,82.61999999999999,8,2,486.6010000000003,7,5,0.19230769230769232,35
CHEMBL3813873,PEXIDARTINIB,FC(F)(F)c1ccc(CNc2ccc(Cc3c[nH]c4ncc(Cl)cc34)cn2)cn1,5.228000000000002,0.46645765570769304,66.49000000000001,4,2,417.82200000000006,5,4,0.15,29
CHEMBL3833301,BARBEXACLONE,CCC1(c2ccccc2)C(=O)NC(=O)NC1=O.CNC(C)CC1CCCCC1,3.2651000000000012,0.6769059689701643,87.30000000000001,4,3,387.5240000000002,5,3,0.5909090909090909,28
CHEMBL3833311,DEXTROMORAMIDE TARTRATE,C[C@@H](CC(C(=O)N1CCCC1)(c1ccccc1)c1ccccc1)N1CCOCC1.O=C(O)C(O)C(O)C(=O)O,1.583300000000001,0.370688839096579,147.84,7,4,542.6290000000004,9,4,0.4827586206896552,39
CHEMBL3833312,METHENAMINE MANDELATE,C1N2CN3CN1CN(C2)C3.O=C(O)C(O)c1ccccc1,-0.21519999999999873,0.7809928603501491,70.49000000000001,6,2,292.339,2,5,0.5,21
CHEMBL3833314,ALUMINUM CHLORIDE,O.O.O.O.O.O.[Al+3].[Cl-].[Cl-].[Cl-],-14.316999999999997,0.3641299731209314,189.0,0,0,241.431,0,0,0.0,10
CHEMBL3833319,REVEFENACIN,CN(CCN1CCC(OC(=O)Nc2ccccc2-c2ccccc2)CC1)C(=O)c1ccc(CN2CCC(C(N)=O)CC2)cc1,4.836000000000004,0.3465569297530122,108.21000000000001,6,2,597.7600000000002,10,5,0.4,44
CHEMBL3833322,ALMASILATE,O.O=[Si]([O-])[O-].O=[Si]([O-])[O-].O=[Si]([O-])[O-].O=[Si]([O-])[O-].[Al+3].[Al+3].[Mg+2],-13.477500000000003,0.3419926128833535,284.26,12,0,400.61600000000004,0,0,0.0,20
CHEMBL3833327,INOSINE PRANOBEX,CC(=O)Nc1ccc(C(=O)O)cc1.CC(=O)Nc1ccc(C(=O)O)cc1.CC(=O)Nc1ccc(C(=O)O)cc1.CC(O)CN(C)C.CC(O)CN(C)C.CC(O)CN(C)C.O=c1[nH]cnc2c1ncn2[C@@H]1O[C@H](CO)[C@@H](O)[C@H]1O,1.5471000000000057,0.07498832310197587,403.1,20,13,1115.2489999999998,14,6,0.4423076923076923,79
CHEMBL3833332,ALUMINUM SULFATE,O.O=S(=O)([O-])[O-].O=S(=O)([O-])[O-].O=S(=O)([O-])[O-].[Al+3].[Al+3],-5.600299999999998,0.22183739066848446,272.28,12,0,360.168,0,0,0.0,18
CHEMBL3833334,PAPAVERETUM,CN1CC[C@]23c4c5ccc(O)c4O[C@H]2[C@@H](O)C=C[C@H]3[C@H]1C5.COc1ccc(Cc2nccc3cc(OC)c(OC)cc23)cc1OC.COc1ccc2c3c1OC1[C@@H](O)C=C[C@H]4[C@@H](C2)N(C)CC[C@]314.Cl.Cl.Cl,7.824600000000007,0.1365199757883201,144.67000000000004,13,3,1033.487,7,13,0.43636363636363634,71
CHEMBL3833335,CHLORAL BETAINE,C[N+](C)(C)CC(=O)[O-].OC(O)C(Cl)(Cl)Cl,-0.8901999999999999,0.39110609298635096,80.59,4,2,282.55100000000004,2,0,0.8571428571428571,15
CHEMBL3833339,AMYL NITRITE,CC(C)CCON=O.CCC(C)CON=O,3.461000000000002,0.36578685049922643,77.32,6,0,234.29599999999996,8,0,1.0,16
CHEMBL3833340,AZTREONAM LYSINE,C[C@H]1[C@H](NC(=O)/C(=N\OC(C)(C)C(=O)O)c2csc(N)n2)C(=O)N1S(=O)(=O)O.NCCCC[C@H](N)C(=O)O,-1.6451999999999947,0.04785494131063367,290.92,13,7,581.6300000000003,12,2,0.5789473684210527,38
CHEMBL3833347,DEANOL ACEGLUMATE,CC(=O)NC(CCC(=O)O)C(=O)O.CN(C)CCO,-1.0191999999999979,0.4691352111618045,127.17,5,4,278.305,7,0,0.7272727272727273,19
CHEMBL3833350,MAGALDRATE,O.O=S(=O)([O-])[O-].O=S(=O)([O-])[O-].[Al+3].[Al+3].[Al+3].[Al+3].[Al+3].[Mg+2].[Mg+2].[Mg+2].[Mg+2].[Mg+2].[Mg+2].[Mg+2].[Mg+2].[Mg+2].[Mg+2].[OH-].[OH-].[OH-].[OH-].[OH-].[OH-].[OH-].[OH-].[OH-].[OH-].[OH-].[OH-].[OH-].[OH-].[OH-].[OH-].[OH-].[OH-].[OH-].[OH-].[OH-].[OH-].[OH-].[OH-].[OH-].[OH-].[OH-].[OH-].[OH-].[OH-].[OH-],-14.693500000000004,0.12344010570862385,1122.02,39,0,1115.3180000000016,0,0,0.0,57
CHEMBL3833351,HYDROTALCITE,O.O.O.O.O=C([O-])[O-].[Al+3].[Al+3].[Mg+2].[Mg+2].[Mg+2].[Mg+2].[Mg+2].[Mg+2].[OH-].[OH-].[OH-].[OH-].[OH-].[OH-].[OH-].[OH-].[OH-].[OH-].[OH-].[OH-].[OH-].[OH-].[OH-].[OH-],-11.620999999999993,0.2315103939324558,669.19,19,0,603.9740000000004,0,0,0.0,32
CHEMBL3833353,PRAMLINTIDE ACETATE,CC(=O)O.CC[C@H](C)[C@H](NC(=O)[C@@H]1CCCN1C(=O)CNC(=O)[C@H](Cc1ccccc1)NC(=O)[C@H](CC(N)=O)NC(=O)[C@H](CC(N)=O)NC(=O)[C@H](CO)NC(=O)[C@H](CO)NC(=O)[C@H](Cc1c[nH]cn1)NC(=O)[C@@H](NC(=O)[C@H](CC(C)C)NC(=O)[C@H](Cc1ccccc1)NC(=O)[C@H](CC(N)=O)NC(=O)[C@H](C)NC(=O)[C@H](CC(C)C)NC(=O)[C@H](CCCNC(=N)N)NC(=O)[C@H](CCC(N)=O)NC(=O)[C@@H](NC(=O)[C@H](C)NC(=O)[C@@H]1CSSC[C@H](NC(=O)[C@@H](N)CCCCN)C(=O)N[C@@H](CC(N)=O)C(=O)N[C@@H]([C@@H](C)O)C(=O)N[C@@H](C)C(=O)N[C@@H]([C@@H](C)O)C(=O)N1)[C@@H](C)O)C(C)C)C(=O)N[C@@H](CC(C)C)C(=O)N1CCC[C@H]1C(=O)N1CCC[C@H]1C(=O)N[C@H](C(=O)N[C@@H](CC(N)=O)C(=O)N[C@H](C(=O)NCC(=O)N[C@@H](CO)C(=O)N[C@@H](CC(N)=O)C(=O)N[C@H](C(=O)N[C@@H](Cc1ccc(O)cc1)C(N)=O)[C@@H](C)O)C(C)C)[C@@H](C)O,-23.73423000000038,0.008445924173764548,1727.9399999999987,60,57,4009.506999999985,109,8,0.6127167630057804,281
CHEMBL3833358,HALQUINOLS,Oc1c(Cl)cc(Cl)c2cccnc12.Oc1c(Cl)ccc2cccnc12.Oc1ccc(Cl)c2cccnc12,8.434800000000001,0.16876868276313747,99.36000000000001,6,3,573.2630000000001,0,6,0.0,37
CHEMBL3833361,PROMETHAZINE TEOCLATE,CC(CN1c2ccccc2Sc2ccccc21)N(C)C.Cn1c(=O)c2[nH]c(Cl)nc2n(C)c1=O,3.853100000000002,0.43210797314201305,79.16,8,1,499.04000000000025,3,5,0.2916666666666667,34
CHEMBL3833362,ZINC OLEATE,CCCCCCCC/C=C\CCCCCCCC(=O)[O-].CCCCCCCC/C=C\CCCCCCCC(=O)[O-].[Zn+2],9.5451,0.04510226646517916,80.25999999999999,4,0,628.3100000000005,30,0,0.8333333333333334,41
CHEMBL3833368,RUCAPARIB CAMSYLATE,CC1(C)[C@@H]2CC[C@@]1(CS(=O)(=O)O)C(=O)C2.CNCc1ccc(-c2[nH]c3cc(F)cc4c3c2CCNC4=O)cc1,4.248900000000003,0.3486900189119518,128.35999999999999,5,4,555.6720000000003,5,6,0.4482758620689655,39
CHEMBL3833382,PRAJMALIUM,CCC[N+]12[C@H](O)[C@@H](CC)[C@@H]3C[C@H]1[C@@H]1N(C)c4ccccc4[C@]14C[C@H]2[C@@H]3[C@H]4O,2.4793000000000007,0.8047940666112651,43.7,3,2,369.52900000000005,3,7,0.7391304347826086,27
CHEMBL3833388,PRAJMALIUM BITARTRATE,CCC[N+]12[C@H](O)[C@@H](CC)[C@@H]3C[C@H]1[C@@H]1N(C)c4ccccc4[C@]14C[C@H]2[C@@H]3[C@H]4O.O=C([O-])C(O)C(O)C(=O)O,-0.977999999999996,0.298185770032651,161.59,8,5,518.6070000000002,6,7,0.7037037037037037,37
CHEMBL3833389,DEXTROMORAMIDE,C[C@@H](CC(C(=O)N1CCCC1)(c1ccccc1)c1ccccc1)N1CCOCC1,3.7059000000000024,0.7513873408877024,32.78,3,0,392.54300000000023,6,4,0.48,29
CHEMBL3833401,ALUMINUM CHLORIDE,Cl[Al](Cl)Cl,1.6877,0.4411706896899924,0.0,0,0,133.341,0,0,0.0,4
CHEMBL3833402,ALUMINUM SULFATE,O=S(=O)([O-])[O-].O=S(=O)([O-])[O-].O=S(=O)([O-])[O-].[Al+3].[Al+3],-4.775599999999999,0.2285631982883775,240.78,12,0,342.153,0,0,0.0,17
CHEMBL3833406,PAPAVERETUM,CN1CC[C@]23c4c5ccc(O)c4O[C@H]2[C@@H](O)C=C[C@H]3[C@H]1C5.COc1ccc(Cc2nccc3cc(OC)c(OC)cc23)cc1OC.COc1ccc2c3c1OC1[C@@H](O)C=C[C@H]4[C@@H](C2)N(C)CC[C@]314,6.559200000000009,0.15191133072043717,144.67000000000004,13,3,924.1039999999999,7,13,0.43636363636363634,68
CHEMBL3833408,MAGALDRATE,O=S(=O)([O-])[O-].O=S(=O)([O-])[O-].[Al+3].[Al+3].[Al+3].[Al+3].[Al+3].[Mg+2].[Mg+2].[Mg+2].[Mg+2].[Mg+2].[Mg+2].[Mg+2].[Mg+2].[Mg+2].[Mg+2].[OH-].[OH-].[OH-].[OH-].[OH-].[OH-].[OH-].[OH-].[OH-].[OH-].[OH-].[OH-].[OH-].[OH-].[OH-].[OH-].[OH-].[OH-].[OH-].[OH-].[OH-].[OH-].[OH-].[OH-].[OH-].[OH-].[OH-].[OH-].[OH-].[OH-].[OH-],-13.8688,0.12344323169606579,1090.52,39,0,1097.3030000000017,0,0,0.0,56
CHEMBL3833409,HYDROTALCITE,O=C([O-])[O-].[Al+3].[Al+3].[Mg+2].[Mg+2].[Mg+2].[Mg+2].[Mg+2].[Mg+2].[OH-].[OH-].[OH-].[OH-].[OH-].[OH-].[OH-].[OH-].[OH-].[OH-].[OH-].[OH-].[OH-].[OH-].[OH-].[OH-],-8.322199999999992,0.26122896915279653,543.19,19,0,531.9140000000002,0,0,0.0,28
CHEMBL3889654,LAROTRECTINIB,O=C(Nc1cnn2ccc(N3CCC[C@@H]3c3cc(F)ccc3F)nc12)N1CC[C@H](O)C1,2.9475000000000016,0.6700804338306232,86.00000000000001,6,2,428.44300000000015,3,5,0.38095238095238093,31
CHEMBL3894860,TRILACICLIB,CN1CCN(c2ccc(Nc3ncc4cc5n(c4n3)C3(CCCCC3)CNC5=O)nc2)CC1,2.724500000000001,0.6392153051534564,91.21,8,2,446.55900000000037,3,6,0.5,33
CHEMBL3936761,ZANUBRUTINIB,C=CC(=O)N1CCC([C@@H]2CCNc3c(C(N)=O)c(-c4ccc(Oc5ccccc5)cc4)nn32)CC1,4.222600000000003,0.5241842690990105,102.48000000000002,6,2,471.5610000000002,6,5,0.2962962962962963,35
CHEMBL3948730,UMBRALISIB,CC(C)Oc1ccc(-c2nn([C@@H](C)c3oc4ccc(F)cc4c(=O)c3-c3cccc(F)c3)c3ncnc(N)c23)cc1F,6.662700000000005,0.23803323201046023,109.06,8,1,571.5590000000001,6,6,0.16129032258064516,42
CHEMBL3988900,ZINC OXIDE,[O-2].[Zn+2],-0.1213,0.3638318840865774,28.5,0,0,81.389,0,0,0.0,2
CHEMBL3989401,PAMIDRONATE DISODIUM,NCCC(O)(P(=O)([O-])O)P(=O)([O-])O.O.O.O.O.O.[Na+].[Na+],-13.042799999999998,0.2711687981377211,324.47,6,4,369.1080000000001,4,0,1.0,20
CHEMBL3989402,PERAMIVIR,CCC(CC)[C@H](NC(C)=O)[C@@H]1[C@H](O)[C@@H](C(=O)O)C[C@H]1NC(=N)N.O.O.O,-2.613529999999997,0.20301449083740408,243.03000000000003,4,6,382.45800000000014,7,1,0.8,26
CHEMBL3989403,ZOMEPIRAC SODIUM,Cc1cc(CC(=O)[O-])n(C)c1C(=O)c1ccc(Cl)cc1.O.O.[Na+],-3.1350799999999976,0.42754270037739434,125.13,4,0,349.7460000000001,4,2,0.2,23
CHEMBL3989406,ENALAPRILAT,C[C@H](N[C@@H](CCc1ccccc1)C(=O)O)C(=O)N1CCC[C@H]1C(=O)O.O.O,-0.5232999999999988,0.5439979171879195,169.94,4,3,384.42900000000026,8,2,0.5,27
CHEMBL3989408,IBUPROFEN SODIUM,CC(C)Cc1ccc(C(C)C(=O)[O-])cc1.O.O.[Na+],-2.906899999999997,0.5441183661251003,103.13,2,0,264.2969999999999,4,1,0.46153846153846156,18
CHEMBL3989410,INDOMETHACIN SODIUM,COc1ccc2c(c1)c(CC(=O)[O-])c(C)n2C(=O)c1ccc(Cl)cc1.O.O.O.[Na+],-2.877479999999999,0.4032147817182383,165.86,5,0,433.8200000000001,4,3,0.15789473684210525,29
CHEMBL3989461,ROSE BENGAL SODIUM I 131,O=C([O-])c1c(Cl)c(Cl)c(Cl)c(Cl)c1-c1c2cc([131I])c(=O)c(I)c-2oc2c(I)c([O-])c([131I])cc12.[Na+].[Na+],1.0418999999999996,0.09861397615919869,93.4,5,0,1025.6432492,2,4,0.0,35
CHEMBL3989478,THIETHYLPERAZINE MALEATE,CCSc1ccc2c(c1)N(CCCN1CCN(C)CC1)c1ccccc1S2.O=C(O)/C=C\C(=O)O.O=C(O)/C=C\C(=O)O,4.462400000000002,0.21524811301479535,158.92000000000002,9,4,631.7730000000004,10,4,0.3333333333333333,43
CHEMBL3989480,MAGNESIUM CITRATE,O=C([O-])CC(O)(CC(=O)[O-])C(=O)[O-].O=C([O-])CC(O)(CC(=O)[O-])C(=O)[O-].[Mg+2].[Mg+2].[Mg+2],-11.647600000000006,0.2916901846501673,281.24,14,2,451.11300000000017,10,0,0.5,29
CHEMBL3989507,EDETATE DISODIUM,O.O.O=C([O-])CN(CCN(CC(=O)[O-])CC(=O)O)CC(=O)O.[Na+].[Na+],-12.382000000000005,0.3253935130170492,224.33999999999995,8,2,372.23800000000006,11,0,0.6,24
CHEMBL3989509,PENTAZOCINE LACTATE,CC(C)=CCN1CCC2(C)c3cc(O)ccc3CC1C2C.CC(O)C(=O)O,3.334400000000002,0.7062158528500116,81.0,4,3,375.5090000000001,3,3,0.5909090909090909,27
CHEMBL3989510,PENTAZOCINE HYDROCHLORIDE,CC(C)=CCN1CCC2(C)c3cc(O)ccc3CC1C2C.Cl,4.304400000000005,0.8206864748216595,23.47,2,1,321.892,2,3,0.5789473684210527,22
CHEMBL3989511,IOBENGUANE SULFATE I 131,N=C(N)NCc1cccc([131I])c1.N=C(N)NCc1cccc([131I])c1.O=S(=O)(O)O,1.8957400000000002,0.1056752400118724,198.39999999999998,4,8,656.2692492000003,4,2,0.125,29
CHEMBL3989514,IRINOTECAN HYDROCHLORIDE,CCc1c2c(nc3ccc(OC(=O)N4CCC(N5CCCCC5)CC4)cc13)-c1cc3c(c(=O)n1C2)COC(=O)[C@]3(O)CC.Cl.O.O.O,2.0388000000000024,0.3154666147596986,208.7,9,1,677.1950000000004,4,7,0.5151515151515151,47
CHEMBL3989515,PENICILLIN G BENZATHINE,CC1(C)S[C@@H]2[C@H](NC(=O)Cc3ccccc3)C(=O)N2[C@H]1C(=O)O.CC1(C)S[C@@H]2[C@H](NC(=O)Cc3ccccc3)C(=O)N2[C@H]1C(=O)O.O.O.O.O.c1ccc(CNCCNCc2ccccc2)cc1,0.9888000000000055,0.07179468889985577,323.4799999999999,10,6,981.204,15,8,0.375,68
CHEMBL3989516,FOSTAMATINIB DISODIUM,COc1cc(Nc2ncc(F)c(Nc3ccc4c(n3)N(COP(=O)([O-])[O-])C(=O)C(C)(C)O4)n2)cc(OC)c1OC.O.O.O.O.O.O.[Na+].[Na+],-9.109699999999997,0.14440921410617405,381.38,14,2,732.5200000000002,10,4,0.30434782608695654,48
CHEMBL3989517,IOFLUPANE I 123,COC(=O)[C@H]1[C@@H](c2ccc([123I])cc2)C[C@@H]2CC[C@H]1N2CCCF,3.7603000000000026,0.5296987590333617,29.54,3,0,427.29058900000024,5,3,0.6111111111111112,23
CHEMBL3989519,DOXAPRAM HYDROCHLORIDE,CCN1CC(CCN2CCOCC2)C(c2ccccc2)(c2ccccc2)C1=O.Cl.O,2.7704000000000018,0.7045561397134653,64.28,3,0,432.9920000000001,6,4,0.4583333333333333,30
CHEMBL3989520,HISTAMINE PHOSPHATE,NCCc1c[nH]cn1.O=P(O)(O)O.O=P(O)(O)O,-1.9463000000000001,0.2828171783989127,210.21999999999997,4,8,307.136,2,1,0.4,18
CHEMBL3989521,ISOPROTERENOL SULFATE,CC(C)NCC(O)c1ccc(O)c(O)c1.CC(C)NCC(O)c1ccc(O)c(O)c1.O.O.O=S(=O)(O)O,-0.04380000000000017,0.15126839613026719,283.04,10,10,556.6310000000003,8,2,0.45454545454545453,37
CHEMBL3989522,EDETATE CALCIUM DISODIUM MONOHYDRATE,O.O=C([O-])CN(CCN(CC(=O)[O-])CC(=O)[O-])CC(=O)[O-].[Ca+2].[Na+].[Na+],-14.607500000000009,0.30404177735922044,198.49999999999997,10,0,392.2850000000001,11,0,0.6,24
CHEMBL3989523,IOBENGUANE SULFATE I 123,N=C(N)NCc1cccc([123I])c1.N=C(N)NCc1cccc([123I])c1.O=S(=O)(O)O,1.8957400000000002,0.10730510762152304,198.39999999999998,4,8,640.2681780000003,4,2,0.125,29
CHEMBL3989529,ETHANOLAMINE OLEATE,CCCCCCCC/C=C\CCCCCCCC(=O)O.NCCO,5.045900000000004,0.2704824862574098,83.55,3,3,343.552,16,0,0.85,24
CHEMBL3989543,VINDESINE SULFATE,CC[C@]1(O)C[C@@H]2CN(CCc3c([nH]c4ccccc34)[C@@](C(=O)OC)(c3cc4c(cc3OC)N(C)[C@H]3[C@@](O)(C(N)=O)[C@H](O)[C@]5(CC)C=CCN6CC[C@]43[C@@H]65)C2)C1.O=S(=O)(O)O,2.079600000000005,0.10688151890477167,239.41999999999996,12,7,852.02,6,9,0.5813953488372093,60
CHEMBL3989545,"POTASH, SULFURATED",O=S([O-])([O-])=S.[K+].[K+].[K]S[K],-7.1118999999999994,0.416134218133618,63.19,5,0,300.59000000000003,0,0,0.0,10
CHEMBL3989551,LINCOMYCIN HYDROCHLORIDE,CCC[C@@H]1C[C@@H](C(=O)N[C@@H]([C@H]2O[C@H](SC)[C@H](O)[C@@H](O)[C@H]2O)[C@@H](C)O)N(C)C1.Cl.O,-1.2598999999999987,0.3151626797681102,153.99,8,5,461.0210000000002,7,2,0.9444444444444444,29
CHEMBL3989555,MECLIZINE HYDROCHLORIDE,Cc1cccc(CN2CCN(C(c3ccccc3)c3ccc(Cl)cc3)CC2)c1.Cl.Cl.O,5.574520000000008,0.4772922087723052,37.980000000000004,2,0,481.8950000000002,5,4,0.28,31
CHEMBL3989556,REMOXIPRIDE HYDROCHLORIDE,CCN1CCC[C@H]1CNC(=O)c1c(OC)ccc(Br)c1OC.Cl.O,2.277500000000001,0.7578070422643882,82.30000000000001,4,1,425.7510000000001,6,2,0.5625,24
CHEMBL3989558,METHYSERGIDE MALEATE,CCC(CO)NC(=O)[C@@H]1C=C2c3cccc4c3c(cn4C)C[C@H]2N(C)C1.O=C(O)/C=C\C(=O)O,1.6468999999999996,0.47307176592273253,132.1,6,4,469.53800000000024,6,4,0.4,34
CHEMBL3989559,PANTOPRAZOLE SODIUM,COc1ccnc(C[S+]([O-])c2nc3cc(OC(F)F)ccc3[n-]2)c1OC.O.[Na+],-1.3072999999999992,0.3416915310352076,122.13000000000001,6,0,423.37300000000016,7,3,0.25,28
CHEMBL3989562,TERAZOSIN HYDROCHLORIDE,COc1cc2nc(N3CCN(C(=O)C4CCCO4)CC3)nc(N)c2cc1OC.Cl.O.O,-0.17080000000000034,0.6569743843357706,166.04000000000002,8,1,459.9310000000002,4,4,0.5263157894736842,31
CHEMBL3989563,NICOTINE BITARTRATE,CN1CCC[C@H]1c1cccnc1.O.O.O=C(O)C(O)C(O)C(=O)O.O=C(O)C(O)C(O)C(=O)O,-4.0462999999999925,0.17732675342681709,309.24999999999994,10,8,498.43800000000016,7,2,0.5,34
CHEMBL3989564,TOBRAMYCIN SULFATE,NC[C@H]1O[C@H](O[C@H]2[C@H](O)[C@@H](O[C@H]3O[C@H](CO)[C@@H](O)[C@H](N)[C@H]3O)[C@H](N)C[C@@H]2N)[C@H](N)C[C@@H]1O.NC[C@H]1O[C@H](O[C@H]2[C@H](O)[C@@H](O[C@H]3O[C@H](CO)[C@@H](O)[C@H](N)[C@H]3O)[C@H](N)C[C@@H]2N)[C@H](N)C[C@@H]1O.O=S(=O)(O)O.O=S(=O)(O)O.O=S(=O)(O)O.O=S(=O)(O)O.O=S(=O)(O)O,-15.855599999999962,0.08069604955179144,909.3400000000008,38,30,1425.435000000001,12,6,1.0,89
CHEMBL3989566,METOPROLOL FUMARATE,COCCc1ccc(OCC(O)CNC(C)C)cc1.COCCc1ccc(OCC(O)CNC(C)C)cc1.O=C(O)/C=C/C(=O)O,2.938200000000002,0.11579457408912262,176.04,10,6,650.8100000000005,20,2,0.5294117647058824,46
CHEMBL3989567,OXACILLIN SODIUM,Cc1onc(-c2ccccc2)c1C(=O)N[C@@H]1C(=O)N2[C@@H]1SC(C)(C)[C@@H]2C(=O)[O-].O.[Na+],-3.2600799999999968,0.38691551919754147,147.07,7,1,441.4410000000002,4,4,0.3684210526315789,30
CHEMBL3989568,OXYTETRACYCLINE CALCIUM,CN(C)[C@@H]1C([O-])=C(C(N)=O)C(=O)[C@@]2(O)C(O)=C3C(=O)c4c(O)cccc4[C@@](C)(O)[C@H]3[C@H](O)[C@@H]12.CN(C)[C@@H]1C([O-])=C(C(N)=O)C(=O)[C@@]2(O)C(O)=C3C(=O)c4c(O)cccc4[C@@](C)(O)[C@H]3[C@H](O)[C@@H]12.[Ca+2],-5.263399999999995,0.10059730152055282,409.36,20,12,958.9400000000002,4,8,0.4090909090909091,67
CHEMBL3989569,IBANDRONATE SODIUM,CCCCCN(C)CCC(O)(P(=O)([O-])O)P(=O)(O)O.O.[Na+],-3.9526999999999965,0.18330551164861272,172.86,5,4,359.22800000000007,9,0,1.0,21
CHEMBL3989570,HYOSCYAMINE SULFATE,CN1[C@@H]2CC[C@H]1C[C@@H](OC(=O)[C@H](CO)c1ccccc1)C2.CN1[C@@H]2CC[C@H]1C[C@@H](OC(=O)[C@H](CO)c1ccccc1)C2.O.O.O=S(=O)(O)O,1.559600000000001,0.2254060329285344,237.14,10,4,712.8590000000005,8,6,0.5882352941176471,49
CHEMBL3989571,SPECTINOMYCIN HYDROCHLORIDE,CN[C@@H]1[C@H](O)[C@H](NC)[C@H]2O[C@@]3(O)C(=O)C[C@@H](C)O[C@H]3O[C@@H]2[C@H]1O.Cl.Cl.O.O.O.O.O,-6.205499999999992,0.24298936607317737,287.01,9,5,495.35000000000025,2,3,0.9285714285714286,30
CHEMBL3989581,DOPEXAMINE HYDROCHLORIDE,Cl.Cl.Oc1ccc(CCNCCCCCCNCCc2ccccc2)cc1O,4.466200000000003,0.2803872708010899,64.52,4,4,429.4320000000001,13,2,0.45454545454545453,28
CHEMBL3989640,MAGNESIUM GLUCONATE,O.O.O=C([O-])[C@H](O)[C@@H](O)[C@H](O)[C@H](O)CO.O=C([O-])[C@H](O)[C@@H](O)[C@H](O)[C@H](O)CO.[Mg+2],-11.685800000000004,0.13798625161318215,345.56000000000006,14,10,450.62900000000013,10,0,0.8333333333333334,29
CHEMBL3989646,PIRBUTEROL HYDROCHLORIDE,CC(C)(C)NCC(O)c1ccc(O)c(CO)n1.Cl.Cl,1.5446000000000004,0.6774861534541546,85.61,5,4,313.22499999999997,4,1,0.5833333333333334,19
CHEMBL3989676,OXYPHENBUTAZONE,CCCCC1C(=O)N(c2ccccc2)N(c2ccc(O)cc2)C1=O.O,2.668700000000001,0.8467081117527829,92.35,3,1,342.3950000000001,5,3,0.2631578947368421,25
CHEMBL3989677,HYDROCODONE BITARTRATE,COc1ccc2c3c1O[C@H]1C(=O)CC[C@H]4[C@@H](C2)N(C)CC[C@]314.O.O.O=C(O)C(O)C(O)C(=O)O,-1.8386999999999971,0.37337490850588273,216.82999999999996,8,4,485.4860000000003,4,5,0.5909090909090909,34
CHEMBL3989678,PIPERAZINE CITRATE,C1CNCCN1.C1CNCCN1.C1CNCCN1.O.O=C(O)CC(O)(CC(=O)O)C(=O)O.O=C(O)CC(O)(CC(=O)O)C(=O)O,-5.784100000000013,0.10366452359296971,367.94,14,14,660.6750000000003,10,3,0.75,45
CHEMBL3989691,ELTROMBOPAG OLAMINE,CC1=NN(c2ccc(C)c(C)c2)C(=O)/C1=N\Nc1cccc(-c2cccc(C(=O)O)c2)c1O.NCCO.NCCO,2.4396400000000003,0.16581060888180174,207.09,10,7,564.6430000000001,7,4,0.2413793103448276,41
CHEMBL3989693,LEVALBUTEROL TARTRATE,CC(C)(C)NC[C@H](O)c1ccc(O)c(CO)c1.CC(C)(C)NC[C@H](O)c1ccc(O)c(CO)c1.O=C(O)C(O)C(O)C(=O)O,0.48940000000000056,0.16164308468817462,260.49999999999994,12,12,628.7160000000005,11,2,0.5333333333333333,44
CHEMBL3989694,OLANZAPINE PAMOATE,Cc1cc2c(s1)Nc1ccccc1N=C2N1CCN(C)CC1.O.O=C(O)c1cc2ccccc2c(Cc2c(O)c(C(=O)O)cc3ccccc23)c1O,7.0059200000000095,0.12834612813869903,177.42999999999998,9,5,718.8320000000004,4,8,0.175,52
CHEMBL3989695,REGADENOSON,CNC(=O)c1cnn(-c2nc(N)c3ncn([C@@H]4O[C@H](CO)[C@@H](O)[C@H]4O)c3n2)c1.O,-3.2593999999999985,0.2899456707474063,217.95999999999998,12,5,408.3750000000001,4,4,0.4,29
CHEMBL3989697,RIBOFLAVIN 5'-PHOSPHATE SODIUM,Cc1cc2nc3c(=O)[nH]c(=O)nc-3n(C[C@H](O)[C@H](O)[C@H](O)COP(=O)([O-])O)c2cc1C.O.O.[Na+],-6.883959999999993,0.1121773040489033,273.91999999999996,11,5,514.3600000000002,7,3,0.4117647058823529,34
CHEMBL3989698,TRANYLCYPROMINE SULFATE,N[C@@H]1C[C@H]1c1ccccc1.N[C@H]1C[C@@H]1c1ccccc1.O=S(=O)(O)O,2.3496,0.605927027670728,126.64000000000001,4,4,364.46700000000004,2,4,0.3333333333333333,25
CHEMBL3989715,MUPIROCIN CALCIUM,C/C(=C\C(=O)OCCCCCCCCC(=O)[O-])C[C@@H]1OC[C@H](C[C@@H]2O[C@H]2[C@@H](C)[C@H](C)O)[C@@H](O)[C@H]1O.C/C(=C\C(=O)OCCCCCCCCC(=O)[O-])C[C@@H]1OC[C@H](C[C@@H]2O[C@H]2[C@@H](C)[C@H](C)O)[C@@H](O)[C@H]1O.O.O.[Ca+2],0.48540000000000966,0.017544215725932715,360.76,18,6,1075.3499999999997,32,4,0.8461538461538461,73
CHEMBL3989716,PROPOXYPHENE NAPSYLATE,CCC(=O)O[C@](Cc1ccccc1)(c1ccccc1)[C@H](C)CN(C)C.O.O=S(=O)(O)c1ccc2ccccc2c1,5.537300000000007,0.21054772706937994,115.41000000000001,5,1,565.7320000000003,9,4,0.28125,40
CHEMBL3989724,FLURAZEPAM HYDROCHLORIDE,CCN(CC)CCN1C(=O)CN=C(c2ccccc2F)c2cc(Cl)ccc21.Cl.Cl,4.848500000000006,0.6177271075269225,35.91,3,0,460.80800000000016,6,3,0.3333333333333333,29
CHEMBL3989725,LODOXAMIDE TROMETHAMINE,N#Cc1cc(NC(=O)C(=O)O)c(Cl)c(NC(=O)C(=O)O)c1.NC(CO)(CO)CO.NC(CO)(CO)CO,-4.420519999999994,0.13498898179046226,330.01000000000005,13,12,553.9090000000004,8,1,0.42105263157894735,37
CHEMBL3989728,MENADIOL SODIUM DIPHOSPHATE,Cc1cc(OP(=O)([O-])[O-])c2ccccc2c1OP(=O)([O-])[O-].O.O.O.O.O.O.[Na+].[Na+].[Na+].[Na+],-17.36898000000001,0.26894161657411336,333.84000000000003,8,0,530.1750000000003,4,2,0.09090909090909091,31
CHEMBL3989740,DOXYCYCLINE HYCLATE,CCO.C[C@H]1c2cccc(O)c2C(=O)C2=C(O)[C@]3(O)C(=O)C(C(N)=O)=C(O)[C@@H](N(C)C)[C@@H]3[C@@H](O)[C@@H]21.C[C@H]1c2cccc(O)c2C(=O)C2=C(O)[C@]3(O)C(=O)C(C(N)=O)=C(O)[C@@H](N(C)C)[C@@H]3[C@@H](O)[C@@H]21.Cl.Cl.O,-0.6776999999999942,0.1687972237689685,414.97,19,13,1025.8860000000002,4,8,0.43478260869565216,70
CHEMBL3989750,GLUCOSAMINE SULFATE,N[C@H]1C(O)O[C@H](CO)[C@@H](O)[C@@H]1O.N[C@H]1C(O)O[C@H](CO)[C@@H](O)[C@@H]1O.O=S(=O)(O)O,-7.162799999999992,0.17159149717582659,306.94,14,12,456.4230000000002,2,2,1.0,29
CHEMBL3989754,FLURBIPROFEN SODIUM,CC(C(=O)[O-])c1ccc(-c2ccccc2)c(F)c1.O.O.[Na+],-2.2992999999999992,0.5951251079741019,103.13,2,0,302.2770000000001,3,2,0.13333333333333333,21
CHEMBL3989756,TALC,O.O=[Mg].O=[Mg].O=[Mg].O=[Si]=O.O=[Si]=O.O=[Si]=O.O=[Si]=O,-4.797099999999998,0.3631841886466475,219.26999999999995,11,0,379.26300000000015,0,0,0.0,19
CHEMBL3989766,ORITAVANCIN DIPHOSPHATE,CN[C@H](CC(C)C)C(=O)N[C@H]1C(=O)N[C@@H](CC(N)=O)C(=O)N[C@H]2C(=O)N[C@H]3C(=O)N[C@H](C(=O)N[C@H](C(=O)O)c4cc(O)cc(O)c4-c4cc3ccc4O)[C@H](O[C@H]3C[C@](C)(N)[C@@H](O)[C@H](C)O3)c3ccc(c(Cl)c3)Oc3cc2cc(c3O[C@@H]2O[C@H](CO)[C@@H](O)[C@H](O)[C@H]2O[C@H]2C[C@](C)(NCc3ccc(-c4ccc(Cl)cc4)cc3)[C@@H](O)[C@H](C)O2)Oc2ccc(cc2Cl)[C@H]1O.O=P(O)(O)O.O=P(O)(O)O,2.6380000000000035,0.05174418974780186,716.5000000000005,30,26,1989.1130000000003,19,15,0.4186046511627907,135
CHEMBL3989767,CALCITONIN SALMON,CC(C)C[C@H](NC(=O)[C@H](CCCCN)NC(=O)CNC(=O)[C@H](CC(C)C)NC(=O)[C@@H](NC(=O)[C@@H]1CSSC[C@H](N)C(=O)N[C@@H](CO)C(=O)N[C@@H](CC(N)=O)C(=O)N[C@@H](CC(C)C)C(=O)N[C@@H](CO)C(=O)N[C@@H]([C@@H](C)O)C(=O)N1)C(C)C)C(=O)N[C@@H](CO)C(=O)N[C@@H](CCC(N)=O)C(=O)N[C@@H](CCC(=O)O)C(=O)N[C@@H](CC(C)C)C(=O)N[C@@H](Cc1c[nH]cn1)C(=O)N[C@@H](CCCCN)C(=O)N[C@@H](CC(C)C)C(=O)N[C@@H](CCC(N)=O)C(=O)N[C@H](C(=O)N[C@@H](Cc1ccc(O)cc1)C(=O)N1CCC[C@H]1C(=O)N[C@@H](CCCNC(=N)N)C(=O)N[C@H](C(=O)N[C@@H](CC(N)=O)C(=O)N[C@H](C(=O)NCC(=O)N[C@@H](CO)C(=O)NCC(=O)N[C@H](C(=O)N1CCC[C@H]1C(N)=O)[C@@H](C)O)[C@@H](C)O)[C@@H](C)O)[C@@H](C)O,-21.52893000000023,0.012653925358968157,1508.2099999999994,54,52,3431.908999999989,98,5,0.6758620689655173,239
CHEMBL3989768,LEVORPHANOL TARTRATE,CN1CC[C@]23CCCC[C@H]2[C@H]1Cc1ccc(O)cc13.O.O.O=C(O)C(O)C(O)C(=O)O,-0.6916,0.4034339806231229,201.52999999999997,6,5,443.4930000000002,3,4,0.6190476190476191,31
CHEMBL3989777,TRIENTINE HYDROCHLORIDE,Cl.Cl.NCCNCCNCCN,-1.0733999999999986,0.4110465011936325,76.1,4,4,219.16,7,0,1.0,12
CHEMBL3989780,SUCRALFATE,O.O.O.O.O.O.O.O.O.O.O.O.O.O.O.O.O.O.O.O.O.O.O=S(=O)(OC[C@H]1O[C@@H](O[C@]2(COS(=O)(=O)O[Al](O)O)O[C@H](OS(=O)(=O)O[Al](O)O)[C@@H](OS(=O)(=O)O[Al](O)O)[C@@H]2OS(=O)(=O)O[Al](O)O)[C@H](OS(=O)(=O)O[Al](O)O)[C@@H](OS(=O)(=O)O[Al](O)O)[C@@H]1OS(=O)(=O)O[Al](O)O)O[Al](O)O.O[Al](O)O.O[Al](O)O.O[Al](O)O.O[Al](O)O.O[Al](O)O.O[Al](O)O.O[Al](O)O.O[Al](O)O,-53.95429999999989,0.025906805551890465,1950.690000000001,75,40,2469.0399999999954,36,2,1.0,132
CHEMBL3989786,THIOPROPAZATE HYDROCHLORIDE,CC(=O)OCCN1CCN(CCCN2c3ccccc3Sc3ccc(Cl)cc32)CC1.Cl.Cl,5.357100000000006,0.4594948736457653,36.02,6,0,518.9380000000003,7,4,0.43478260869565216,32
CHEMBL3989798,FORMOTEROL FUMARATE,COc1ccc(CC(C)NCC(O)c2ccc(O)c(NC=O)c2)cc1.COc1ccc(CC(C)NCC(O)c2ccc(O)c(NC=O)c2)cc1.O.O.O=C(O)/C=C/C(=O)O,2.5090000000000003,0.03475161642357529,319.24,12,10,840.9240000000004,20,4,0.2857142857142857,60
CHEMBL3989803,DIPYRONE,Cc1c(N(C)CS(=O)(=O)[O-])c(=O)n(-c2ccccc2)n1C.O.[Na+],-3.3973799999999974,0.42017995367920763,118.87,7,0,351.36000000000007,4,2,0.3076923076923077,23
CHEMBL3989806,IODIPAMIDE MEGLUMINE,CNC[C@H](O)[C@@H](O)[C@H](O)[C@H](O)CO.CNC[C@H](O)[C@@H](O)[C@H](O)[C@H](O)CO.O=C(CCCCC(=O)Nc1c(I)cc(I)c(C(=O)O)c1I)Nc1c(I)cc(I)c(C(=O)O)c1I,0.13160000000000327,0.058349125864188736,359.1599999999999,16,16,1530.1940000000002,21,2,0.5294117647058824,60
CHEMBL3989820,ZOLPIDEM TARTRATE,Cc1ccc(-c2nc3ccc(C)cn3c2CC(=O)N(C)C)cc1.Cc1ccc(-c2nc3ccc(C)cn3c2CC(=O)N(C)C)cc1.O=C(O)C(O)C(O)C(=O)O,4.375080000000003,0.16452216233853373,190.28,10,4,764.8800000000003,9,6,0.2857142857142857,56
CHEMBL3989821,TUBOCURARINE CHLORIDE,COc1cc2c3cc1Oc1cc(ccc1O)C[C@@H]1c4c(cc(OC)c(O)c4Oc4ccc(cc4)C[C@@H]3N(C)CC2)CC[N+]1(C)C.Cl.O.O.O.O.O.[Cl-],0.003300000000000858,0.2644710729129622,238.12,7,2,771.7319999999999,2,8,0.35135135135135137,52
CHEMBL3989822,POTASSIUM CITRATE,O.O=C([O-])CC(O)(CC(=O)[O-])C(=O)[O-].[K+].[K+].[K+],-15.065300000000002,0.4885713521772029,172.12,7,1,324.408,5,0,0.5,17
CHEMBL3989823,VIOMYCIN SULFATE,NCCC[C@H](N)CC(=O)N[C@H]1CNC(=O)[C@H]([C@H]2C[C@H](O)NC(N)=N2)NC(=O)/C(=C/NC(N)=O)NC(=O)[C@H](CO)NC(=O)[C@H](CO)NC1=O.O=S(=O)(O)O,-9.535600000000017,0.07221162648953024,467.46,17,17,783.7790000000003,10,2,0.6,53
CHEMBL3989824,THIOTHIXENE HYDROCHLORIDE,CN1CCN(CC/C=C2/c3ccccc3Sc3ccc(S(=O)(=O)N(C)C)cc32)CC1.Cl.Cl.O.O,2.6649000000000043,0.4839634305664952,106.86000000000001,5,0,552.5900000000003,5,4,0.391304347826087,34
CHEMBL3989826,OXYCODONE TEREPHTHALATE,COc1ccc2c3c1O[C@H]1C(=O)CC[C@@]4(O)[C@@H](C2)N(C)CC[C@]314.COc1ccc2c3c1O[C@H]1C(=O)CC[C@@]4(O)[C@@H](C2)N(C)CC[C@]314.O=C(O)c1ccc(C(=O)O)cc1,3.179400000000002,0.301057306148227,192.59999999999997,12,4,796.8700000000002,4,11,0.5,58
CHEMBL3989829,NETILMICIN SULFATE,CCN[C@@H]1C[C@H](N)[C@@H](O[C@H]2OC(CN)=CC[C@H]2N)[C@H](O)[C@H]1O[C@H]1OC[C@](C)(O)[C@H](NC)[C@H]1O.CCN[C@@H]1C[C@H](N)[C@@H](O[C@H]2OC(CN)=CC[C@H]2N)[C@H](O)[C@H]1O[C@H]1OC[C@](C)(O)[C@H](NC)[C@H]1O.O=S(=O)(O)O.O=S(=O)(O)O.O=S(=O)(O)O.O=S(=O)(O)O.O=S(=O)(O)O,-9.665399999999977,0.06382214958931093,772.4600000000004,34,26,1441.5690000000006,16,6,0.9047619047619048,91
CHEMBL3989830,SIBUTRAMINE HYDROCHLORIDE,CC(C)CC(N(C)C)C1(c2ccc(Cl)cc2)CCC1.Cl.O,4.335100000000007,0.7888949705692078,34.74,1,0,334.33100000000013,5,2,0.6470588235294118,21
CHEMBL3989833,ZIPRASIDONE MESYLATE,CS(=O)(=O)O.O.O.O.O=C1Cc2cc(CCN3CCN(c4nsc5ccccc45)CC3)c(Cl)cc2N1,0.8389000000000006,0.4386121292054997,197.34,7,2,563.0980000000002,4,5,0.36363636363636365,36
CHEMBL3989843,TRANYLCYPROMINE,N[C@@H]1C[C@H]1c1ccccc1.N[C@H]1C[C@@H]1c1ccccc1,3.0024000000000015,0.8776213874957135,52.04,2,2,266.388,2,4,0.3333333333333333,20
CHEMBL3989844,DEXTROAMPHETAMINE SACCHARATE,C[C@H](N)Cc1ccccc1.O=C(O)[C@@H](O)[C@@H](O)[C@H](O)[C@@H](O)C(=O)O,-1.8244999999999982,0.2989053002700252,181.54,7,7,345.34800000000007,7,1,0.4666666666666667,24
CHEMBL3989845,IMIPRAMINE PAMOATE,CN(C)CCCN1c2ccccc2CCc2ccccc21.CN(C)CCCN1c2ccccc2CCc2ccccc21.O=C(O)c1cc2ccccc2c(Cc2c(O)c(C(=O)O)cc3ccccc23)c1O,12.141399999999985,0.09397480895963967,128.02,8,4,949.2050000000003,12,10,0.2459016393442623,71
CHEMBL3989850,ECAMSULE,CC1(C)C2CCC1(CS(=O)(=O)O)C(=O)C2=Cc1ccc(C=C2C(=O)C3(CS(=O)(=O)O)CCC2C3(C)C)cc1,4.239600000000003,0.38717506463433554,142.87999999999997,6,2,562.7060000000004,6,5,0.5714285714285714,38
CHEMBL3989855,PSEUDOEPHEDRINE SULFATE,CN[C@@H](C)[C@@H](O)c1ccccc1.CN[C@@H](C)[C@@H](O)c1ccccc1.O=S(=O)(O)O,2.003,0.38415562637133444,139.12,6,6,428.5510000000001,6,2,0.4,29
CHEMBL3989856,SODIUM SULFATE,O.O.O.O.O.O.O.O.O.O.O=S(=O)([O-])[O-].[Na+].[Na+],-15.576999999999991,0.23747146553445386,395.26,4,0,322.19300000000004,0,0,0.0,17
CHEMBL3989857,MAGNESIUM SULFATE,O.O.O.O.O.O.O.O=S(=O)([O-])[O-].[Mg+2],-7.491699999999994,0.22788754378006418,300.76,4,0,246.473,0,0,0.0,13
CHEMBL3989858,MAGNESIUM ACETATE TETRAHYDRATE,CC(=O)[O-].CC(=O)[O-].O.O.O.O.[Mg+2],-6.167199999999995,0.36021130158920023,206.26,4,0,214.45299999999995,0,0,0.5,13
CHEMBL3989859,TOCOPHEROL ACETATE,CC(=O)Oc1c(C)c(C)c2c(c1C)CCC(C)(CCC[C@H](C)CCC[C@H](C)CCCC(C)C)O2,9.059960000000002,0.21204366595811164,35.53,3,0,472.7540000000004,13,2,0.7741935483870968,34
CHEMBL3989861,DESVENLAFAXINE FUMARATE,CN(C)CC(c1ccc(O)cc1)C1(O)CCCCC1.O.O=C(O)/C=C/C(=O)O,1.6197,0.5326311881601543,149.8,5,4,397.46800000000013,6,2,0.5,28
CHEMBL3989866,BICTEGRAVIR,O=C(NCc1c(F)cc(F)cc1F)c1cn2c(c(O)c1=O)C(=O)N1[C@H]3CC[C@H](C3)O[C@@H]1C2,1.6343999999999999,0.742207162248136,100.87,6,2,449.3850000000003,3,5,0.38095238095238093,32
CHEMBL3989867,BICTEGRAVIR SODIUM,O=C(NCc1c(F)cc(F)cc1F)c1cn2c(c([O-])c1=O)C(=O)N1[C@H]3CC[C@H](C3)O[C@@H]1C2.[Na+],-1.9935999999999974,0.5224350201991814,103.69999999999999,6,1,471.3670000000003,3,5,0.38095238095238093,33
CHEMBL3989868,TUCATINIB,Cc1cc(Nc2ncnc3ccc(NC4=NC(C)(C)CO4)cc23)ccc1Oc1ccn2ncnc2c1,5.093520000000003,0.3577237568173836,110.85000000000001,10,2,480.53200000000027,5,6,0.19230769230769232,36
CHEMBL3989869,UMBRALISIB TOSYLATE,CC(C)Oc1ccc(-c2nn([C@@H](C)c3oc4ccc(F)cc4c(=O)c3-c3cccc(F)c3)c3ncnc(N)c23)cc1F.Cc1ccc(S(=O)(=O)O)cc1,7.904420000000008,0.15345788905372784,163.42999999999998,10,2,743.7640000000001,7,7,0.15789473684210525,53
CHEMBL3989871,AVACOPAN,Cc1ccc(NC(=O)[C@H]2CCCN(C(=O)c3c(C)cccc3F)[C@H]2c2ccc(NC3CCCC3)cc2)cc1C(F)(F)F,8.048040000000006,0.28974362152751515,61.440000000000005,3,2,581.6540000000003,6,5,0.3939393939393939,42
CHEMBL3989885,TRIMEPRAZINE TARTRATE,CC(CN(C)C)CN1c2ccccc2Sc2ccccc21.CC(CN(C)C)CN1c2ccccc2Sc2ccccc21.O=C(O)C(O)C(O)C(=O)O,6.85140000000001,0.12822719343670988,128.02,10,4,746.9960000000004,11,6,0.35,52
CHEMBL3989887,TACROLIMUS,C=CC[C@@H]1/C=C(\C)C[C@H](C)C[C@H](OC)[C@H]2O[C@@](O)(C(=O)C(=O)N3CCCC[C@H]3C(=O)O[C@H](/C(C)=C/[C@@H]3CC[C@@H](O)[C@H](OC)C3)[C@H](C)[C@@H](O)CC1=O)[C@H](C)C[C@@H]2OC.O,3.8143000000000042,0.1903309894843234,209.85999999999996,12,3,822.046,7,4,0.7727272727272727,58
CHEMBL3989908,ENASIDENIB,CC(C)(O)CNc1nc(Nc2ccnc(C(F)(F)F)c2)nc(-c2cccc(C(F)(F)F)n2)n1,4.292600000000002,0.4552702646600812,108.74,8,3,473.3810000000001,6,3,0.3157894736842105,33
CHEMBL3989909,LENIOLISIB PHOSPHATE,CCC(=O)N1CC[C@H](Nc2ncnc3c2CN(c2cnc(OC)c(C(F)(F)F)c2)CC3)C1.O=P(O)(O)O,1.955900000000001,0.40439772113591793,161.24,8,4,548.4590000000004,5,4,0.5238095238095238,37
CHEMBL3989915,DIFELIKEFALIN,CC(C)C[C@@H](NC(=O)[C@@H](Cc1ccccc1)NC(=O)[C@H](N)Cc1ccccc1)C(=O)N[C@H](CCCCN)C(=O)N1CCC(N)(C(=O)O)CC1,0.8331000000000075,0.11074234731403869,222.97,8,7,679.8629999999999,18,3,0.5277777777777778,49
CHEMBL3989917,FOSNETUPITANT,Cc1ccccc1-c1cc(N2CC[N+](C)(COP(=O)([O-])O)CC2)ncc1N(C)C(=O)C(C)(C)c1cc(C(F)(F)F)cc(C(F)(F)F)c1,5.736620000000006,0.1830334778926814,106.03,6,1,688.6060000000004,8,4,0.41935483870967744,47
CHEMBL3989919,FOSNETUPITANT CHLORIDE HYDROCHLORIDE,Cc1ccccc1-c1cc(N2CC[N+](C)(COP(=O)(O)O)CC2)ncc1N(C)C(=O)C(C)(C)c1cc(C(F)(F)F)cc(C(F)(F)F)c1.Cl.[Cl-],3.7944200000000037,0.2048670762846415,103.19999999999999,5,2,761.5280000000005,8,4,0.41935483870967744,49
CHEMBL3989920,PITAVASTATIN SODIUM,O=C([O-])C[C@H](O)C[C@H](O)/C=C/c1c(C2CC2)nc2ccccc2c1-c1ccc(F)cc1.[Na+],0.18739999999999957,0.4850943980305593,93.48,5,2,443.4500000000001,8,4,0.28,32
CHEMBL3989921,NERATINIB MALEATE,CCOc1cc2ncc(C#N)c(Nc3ccc(OCc4ccccn4)c(Cl)c3)c2cc1NC(=O)/C=C/CN(C)C.O=C(O)/C=C\C(=O)O,5.644280000000004,0.12814999957496084,186.99999999999997,10,4,673.1260000000001,13,4,0.17647058823529413,48
CHEMBL3989922,NIRAPARIB TOSYLATE MONOHYDRATE,Cc1ccc(S(=O)(=O)O)cc1.NC(=O)c1cccc2cn(-c3ccc([C@@H]4CCCNC4)cc3)nc12.O,3.008420000000002,0.3579495979739918,158.81,6,3,510.6160000000003,4,5,0.23076923076923078,36
CHEMBL3989923,PITAVASTATIN MAGNESIUM,O=C([O-])C[C@H](O)C[C@H](O)/C=C/c1c(C2CC2)nc2ccccc2c1-c1ccc(F)cc1.O=C([O-])C[C@H](O)C[C@H](O)/C=C/c1c(C2CC2)nc2ccccc2c1-c1ccc(F)cc1.[Mg+2],5.986000000000008,0.0843301241031928,186.95999999999998,10,4,865.2249999999999,16,8,0.28,63
CHEMBL3989928,REZAFUNGIN ACETATE,CC(=O)[O-].CCCCCOc1ccc(-c2ccc(-c3ccc(C(=O)N[C@H]4C[C@@H](O)[C@@H](OCC[N+](C)(C)C)NC(=O)[C@@H]5[C@@H](O)[C@@H](C)CN5C(=O)[C@H]([C@@H](C)O)NC(=O)[C@H]([C@H](O)[C@@H](O)c5ccc(O)cc5)NC(=O)[C@@H]5C[C@@H](O)CN5C(=O)[C@H]([C@@H](C)O)NC4=O)cc3)cc2)cc1,-1.440399999999997,0.04007149369903735,406.54999999999995,19,13,1285.4560000000006,18,7,0.5076923076923077,92
CHEMBL3989931,ENASIDENIB MESYLATE,CC(C)(O)CNc1nc(Nc2ccnc(C(F)(F)F)c2)nc(-c2cccc(C(F)(F)F)n2)n1.CS(=O)(=O)O,3.7966000000000015,0.25225795494556974,163.10999999999999,10,4,569.4880000000002,6,3,0.35,38
CHEMBL3989932,ANGIOTENSIN II ACETATE,CC(=O)O.CC[C@H](C)[C@H](NC(=O)[C@H](Cc1ccc(O)cc1)NC(=O)[C@@H](NC(=O)[C@H](CCCNC(=N)N)NC(=O)[C@@H](N)CC(=O)O)C(C)C)C(=O)N[C@@H](Cc1cnc[nH]1)C(=O)N1CCC[C@H]1C(=O)N[C@@H](Cc1ccccc1)C(=O)O,-1.0141300000000144,0.022483760085084455,443.64,14,15,1106.2489999999996,29,4,0.5,79
CHEMBL3989933,ETRASIMOD ARGININE,N=C(N)NCCC[C@@H](N)C(=O)O.O=C(O)C[C@H]1CCc2c1[nH]c1ccc(OCc3ccc(C4CCCC4)c(C(F)(F)F)c3)cc21,5.589370000000006,0.0810179086373344,187.54,5,7,631.6960000000005,11,5,0.46875,45
CHEMBL3989937,CAPMATINIB HYDROCHLORIDE,CNC(=O)c1ccc(-c2cnc3ncc(Cc4ccc5ncccc5c4)n3n2)cc1F.Cl.Cl.O,3.4479000000000037,0.40341942293272026,116.57000000000001,6,1,503.3650000000001,4,5,0.08695652173913043,34
CHEMBL3989939,LAROTRECTINIB SULFATE,O=C(Nc1cnn2ccc(N3CCC[C@@H]3c3cc(F)ccc3F)nc12)N1CC[C@H](O)C1.O=S(=O)(O)O,2.2946999999999997,0.3754519353767375,160.6,8,4,526.5220000000003,3,5,0.38095238095238093,36
CHEMBL3989944,DIROXIMEL FUMARATE,COC(=O)/C=C/C(=O)OCCN1C(=O)CCC1=O,-0.592200000000001,0.3702501101980568,89.98000000000002,6,0,255.2259999999999,5,1,0.45454545454545453,18
CHEMBL3989945,REZAFUNGIN,CCCCCOc1ccc(-c2ccc(-c3ccc(C(=O)N[C@H]4C[C@@H](O)[C@@H](OCC[N+](C)(C)C)NC(=O)[C@@H]5[C@@H](O)[C@@H](C)CN5C(=O)[C@H]([C@@H](C)O)NC(=O)[C@H]([C@H](O)[C@@H](O)c5ccc(O)cc5)NC(=O)[C@@H]5C[C@@H](O)CN5C(=O)[C@H]([C@@H](C)O)NC4=O)cc3)cc2)cc1,-0.19659999999998878,0.045331203169163066,366.41999999999996,17,13,1226.4120000000003,18,7,0.5079365079365079,88
CHEMBL3989949,CENOBAMATE,NC(=O)O[C@@H](Cn1ncnn1)c1ccccc1Cl,1.1630999999999994,0.8966858117841482,95.92000000000002,6,1,267.67600000000004,4,2,0.2,18
CHEMBL3989958,IVOSIDENIB,N#Cc1ccnc(N2C(=O)CC[C@H]2C(=O)N(c2cncc(F)c2)[C@H](C(=O)NC2CC(F)(F)C2)c2ccccc2Cl)c1,4.324580000000004,0.4429869547987632,119.28999999999999,6,1,582.9700000000001,7,5,0.2857142857142857,41
CHEMBL3989962,PEMETREXED TROMETHAMINE,NC(CO)(CO)CO.NC(CO)(CO)CO.Nc1nc(=O)c2c(CCc3ccc(C(=O)N[C@@H](CCC(=O)O)C(=O)O)cc3)c[nH]c2[nH]1.O.O,-5.661399999999995,0.07002077503523883,427.68,14,14,705.7190000000004,15,3,0.4642857142857143,49
CHEMBL3989973,PEXIDARTINIB HYDROCHLORIDE,Cl.FC(F)(F)c1ccc(CNc2ccc(Cc3c[nH]c4ncc(Cl)cc34)cn2)cn1,5.6498000000000035,0.40921044638970494,66.49000000000001,4,2,454.2830000000001,5,4,0.15,30
CHEMBL3989974,CEFIDEROCOL,CC(C)(O/N=C(\C(=O)N[C@@H]1C(=O)N2C(C(=O)[O-])=C(C[N+]3(CCNC(=O)c4ccc(O)c(O)c4Cl)CCCC3)CS[C@H]12)c1csc(N)n1)C(=O)O,-0.18169999999999598,0.05111766216711062,256.9,14,6,752.2279999999998,13,5,0.43333333333333335,50
CHEMBL3990047,OZENOXACIN,CNc1ncc(-c2ccc3c(=O)c(C(=O)O)cn(C4CC4)c3c2C)cc1C,3.7551400000000026,0.7373244990908863,84.22,5,2,363.41700000000014,4,4,0.2857142857142857,27
CHEMBL3990276,TALC,O=[Mg].O=[Mg].O=[Mg].O=[Si]=O.O=[Si]=O.O=[Si]=O.O=[Si]=O,-3.972399999999998,0.3825660079481802,187.76999999999995,11,0,361.2480000000001,0,0,0.0,18
CHEMBL3990694,PIPERAZINE CITRATE,C1CNCCN1.C1CNCCN1.C1CNCCN1.O=C(O)CC(O)(CC(=O)O)C(=O)O.O=C(O)CC(O)(CC(=O)O)C(=O)O,-4.959400000000011,0.10601033198924287,336.44,14,14,642.6600000000004,10,3,0.75,44
CHEMBL3990987,"POTASH, SULFURATED",O=S(O)(O)=S.[K]S[K],-0.4346999999999999,0.5467298731749244,57.53,3,2,224.41000000000003,0,0,0.0,8
CHEMBL3991065,ATOGEPANT,C[C@@H]1[C@H](c2c(F)ccc(F)c2F)C[C@H](NC(=O)c2cnc3c(c2)C[C@@]2(C3)C(=O)Nc3ncccc32)C(=O)N1CC(F)(F)F,3.9479000000000015,0.347500779398385,104.29,5,2,603.5230000000003,4,6,0.3448275862068966,43
CHEMBL4065616,REMDESIVIR,CCC(CC)COC(=O)[C@H](C)N[P@](=O)(OC[C@H]1O[C@@](C#N)(c2ccc3c(N)ncnn23)[C@H](O)[C@@H]1O)Oc1ccccc1,2.3121799999999997,0.16400243283769092,203.54999999999995,13,4,602.5850000000002,13,4,0.48148148148148145,42
CHEMBL4066936,VERICIGUAT,COC(=O)Nc1c(N)nc(-c2nn(Cc3ccccc3F)c3ncc(F)cc23)nc1N,2.557499999999999,0.45107300436695025,146.86,9,3,426.3870000000001,4,4,0.10526315789473684,31
CHEMBL4071161,TIRABRUTINIB,CC#CC(=O)N1CC[C@@H](n2c(=O)n(-c3ccc(Oc4ccccc4)cc3)c3c(N)ncnc32)C1,2.7534,0.4752428318869178,108.27,8,1,454.4900000000002,4,5,0.2,34
CHEMBL4084119,LIRAGLUTIDE,CCCCCCCCCCCCCCCC(=O)N[C@@H](CCC(=O)NCCCC[C@H](NC(=O)[C@H](C)NC(=O)[C@H](C)NC(=O)[C@H](CCC(N)=O)NC(=O)CNC(=O)[C@H](CCC(=O)O)NC(=O)[C@H](CC(C)C)NC(=O)[C@H](Cc1ccc(O)cc1)NC(=O)[C@H](CO)NC(=O)[C@H](CO)NC(=O)[C@@H](NC(=O)[C@H](CC(=O)O)NC(=O)[C@H](CO)NC(=O)[C@@H](NC(=O)[C@H](Cc1ccccc1)NC(=O)[C@@H](NC(=O)CNC(=O)[C@H](CCC(=O)O)NC(=O)[C@H](C)NC(=O)[C@@H](N)Cc1cnc[nH]1)[C@@H](C)O)[C@@H](C)O)C(C)C)C(=O)N[C@@H](CCC(=O)O)C(=O)N[C@@H](Cc1ccccc1)C(=O)N[C@H](C(=O)N[C@@H](C)C(=O)N[C@@H](Cc1c[nH]c2ccccc12)C(=O)N[C@@H](CC(C)C)C(=O)N[C@H](C(=O)N[C@@H](CCCNC(=N)N)C(=O)NCC(=O)N[C@@H](CCCNC(=N)N)C(=O)NCC(=O)O)C(C)C)[C@@H](C)CC)C(=O)O,-10.161660000000168,0.009576500295732437,1513.759999999999,49,54,3751.261999999986,130,6,0.5930232558139535,266
CHEMBL4085457,RITLECITINIB,C=CC(=O)N1C[C@H](Nc2ncnc3[nH]ccc23)CC[C@@H]1C,1.9352999999999994,0.8451673485107614,73.91,4,2,285.35100000000006,3,3,0.4,21
CHEMBL4101807,VOXELOTOR,CC(C)n1nccc1-c1ncccc1COc1cccc(O)c1C=O,3.6231000000000027,0.6951676749276839,77.24000000000001,6,1,337.379,6,3,0.21052631578947367,25
CHEMBL4105630,ZURANOLONE,C[C@@]1(O)CC[C@H]2[C@H](CC[C@@H]3[C@@H]2CC[C@]2(C)[C@@H](C(=O)Cn4cc(C#N)cn4)CC[C@@H]32)C1,4.3436800000000035,0.805143916086387,78.91,5,1,409.57400000000024,3,5,0.8,30
CHEMBL4164059,PITOLISANT HYDROCHLORIDE,Cl.Clc1ccc(CCCOCCCN2CCCCC2)cc1,4.587000000000004,0.6458776243589581,12.47,2,0,332.31500000000005,8,2,0.6470588235294118,21
CHEMBL4173394,BRILLIANT BLUE G,CCOc1ccc(Nc2ccc(/C(=C3/C=C/C(=[N+](/CC)Cc4cccc(S(=O)(=O)[O-])c4)C=C3C)c3ccc(N(CC)Cc4cccc(S(=O)(=O)[O-])c4)cc3C)cc2)cc1.[Na+],5.967620000000007,0.07668649556668644,141.91,9,1,854.0390000000001,15,6,0.2127659574468085,60
CHEMBL4204794,AVAPRITINIB,Cn1cc(-c2cc3c(N4CCN(c5ncc([C@@](C)(N)c6ccc(F)cc6)cn5)CC4)ncnn3c2)cn1,2.6077000000000004,0.3942447654838286,106.28999999999999,10,1,498.57000000000016,5,6,0.2692307692307692,37
CHEMBL4208229,ASCIMINIB,O=C(Nc1ccc(OC(F)(F)Cl)cc1)c1cnc(N2CC[C@@H](O)C2)c(-c2cc[nH]n2)c1,3.462900000000001,0.49786726723892555,103.36999999999999,6,3,449.8450000000002,6,4,0.25,31
CHEMBL4208954,AMIKACIN SULFATE,NCC[C@H](O)C(=O)N[C@@H]1C[C@H](N)[C@@H](O[C@H]2O[C@H](CN)[C@@H](O)[C@H](O)[C@H]2O)[C@H](O)[C@H]1O[C@H]1O[C@H](CO)[C@@H](O)[C@H](N)[C@H]1O.O=S(=O)(O)O.O=S(=O)(O)O,-9.729800000000017,0.0914776559257913,481.14,21,17,781.7660000000005,10,3,0.9545454545454546,50
CHEMBL4216467,RIPRETINIB,CCn1c(=O)c(-c2cc(NC(=O)Nc3ccccc3)c(F)cc2Br)cc2cnc(NC)cc21,5.670700000000004,0.32297501845407367,88.05000000000001,5,3,510.36700000000013,5,4,0.125,33
CHEMBL4297064,MILNACIPRAN HYDROCHLORIDE,CCN(CC)C(=O)C1(c2ccccc2)CC1CN.Cl,2.1931999999999996,0.8998494806260565,46.33,2,1,282.815,5,2,0.5333333333333333,19
CHEMBL4297065,SPINOSAD,CC[C@H]1CCC[C@H](O[C@H]2CC[C@H](N(C)C)[C@@H](C)O2)[C@@H](C)C(=O)C2=C[C@@H]3[C@@H](C=C(C)[C@@H]4C[C@@H](O[C@@H]5O[C@@H](C)[C@H](OC)[C@@H](OC)[C@H]5OC)C[C@@H]34)[C@@H]2CC(=O)O1.CC[C@H]1CCC[C@H](O[C@H]2CC[C@H](N(C)C)[C@@H](C)O2)[C@@H](C)C(=O)C2=C[C@H]3[C@@H]4C[C@H](O[C@@H]5O[C@@H](C)[C@H](OC)[C@@H](OC)[C@H]5OC)C[C@H]4C=C[C@H]3C2CC(=O)O1,11.364899999999999,0.09187688947924144,222.43999999999994,22,0,1477.9629999999993,18,12,0.8554216867469879,105
CHEMBL4297066,ELIGLUSTAT TARTRATE,CCCCCCCC(=O)N[C@H](CN1CCCC1)[C@H](O)c1ccc2c(c1)OCCO2.CCCCCCCC(=O)N[C@H](CN1CCCC1)[C@H](O)c1ccc2c(c1)OCCO2.O=C(O)C(O)C(O)C(=O)O,4.742000000000008,0.06255834577318735,257.11999999999995,14,8,959.1880000000002,25,6,0.68,68
CHEMBL4297067,FLUORESCEIN,O=C1C=CC2C(=C1)Oc1cc(O)ccc1C21OC(=O)c2ccccc21,2.837600000000001,0.7511609976494116,72.83000000000001,5,1,332.3110000000001,0,5,0.1,25
CHEMBL4297088,CHLORHEXIDINE GLUCONATE,N=C(NCCCCCCNC(=N)NC(=N)Nc1ccc(Cl)cc1)NC(=N)Nc1ccc(Cl)cc1.O=C(O)[C@H](O)[C@@H](O)[C@H](O)[C@H](O)CO.O=C(O)[C@H](O)[C@@H](O)[C@H](O)[C@H](O)CO,-2.8109199999999954,0.03842692574188168,444.48000000000013,16,22,897.7680000000008,19,2,0.47058823529411764,60
CHEMBL4297091,CODEINE SULFATE,COc1ccc2c3c1O[C@H]1[C@@H](O)C=C[C@H]4[C@@H](C2)N(C)CC[C@@]341.COc1ccc2c3c1O[C@H]1[C@@H](O)C=C[C@H]4[C@@H](C2)N(C)CC[C@@]341.O.O.O.O=S(=O)(O)O,-0.12469999999999792,0.23156893510713297,252.95999999999998,10,4,750.8640000000001,2,10,0.5555555555555556,52
CHEMBL4297109,OXITROPIUM BROMIDE,CC[N+]1(C)[C@@H]2CC(OC(=O)[C@H](CO)c3ccccc3)C[C@H]1[C@@H]1O[C@@H]12.[Br-],-1.5431999999999961,0.36194284522793385,59.06,4,1,412.32400000000007,5,4,0.631578947368421,25
CHEMBL4297147,HALOPERIDOL LACTATE,CC(O)C(=O)O.O=C(CCCN1CCC(O)(c2ccc(Cl)cc2)CC1)c1ccc(F)cc1,3.8774000000000033,0.5367238695195293,98.07,5,3,465.9490000000001,7,3,0.4166666666666667,32
CHEMBL4297165,CHLOROQUINE HYDROCHLORIDE,CCN(CC)CCCC(C)Nc1ccnc2cc(Cl)ccc12.Cl.Cl,5.654200000000006,0.628446299812016,28.16,3,1,392.8020000000001,8,2,0.5,24
CHEMBL4297185,DAROLUTAMIDE,CC(O)c1cc(C(=O)N[C@@H](C)Cn2ccc(-c3ccc(C#N)c(Cl)c3)n2)n[nH]1,2.6700799999999996,0.5892234115643402,119.62,6,3,398.85400000000004,6,3,0.2631578947368421,28
CHEMBL4297211,CEFIDEROCOL SULFATE TOSYLATE,CC(C)(O/N=C(\C(=O)N[C@@H]1C(=O)N2C(C(=O)O)=C(C[N+]3(CCNC(=O)c4ccc(O)c(O)c4Cl)CCCC3)CS[C@H]12)c1csc(N)n1)C(=O)O.CC(C)(O/N=C(\C(=O)N[C@@H]1C(=O)N2C(C(=O)O)=C(C[N+]3(CCNC(=O)c4ccc(O)c(O)c4Cl)CCCC3)CS[C@H]12)c1csc(N)n1)C(=O)O.CC(C)(O/N=C(\C(=O)N[C@@H]1C(=O)N2C(C(=O)O)=C(C[N+]3(CCNC(=O)c4ccc(O)c(O)c4Cl)CCCC3)CS[C@H]12)c1csc(N)n1)C(=O)O.Cc1ccc(S(=O)(=O)O)cc1.Cc1ccc(S(=O)(=O)O)cc1.Cc1ccc(S(=O)(=O)O)cc1.Cc1ccc(S(=O)(=O)[O-])cc1.O.O=S(=O)([O-])[O-],5.9205799999999815,0.004007865606941073,1094.2800000000004,52,24,3061.5979999999913,43,19,0.3644067796610169,200
CHEMBL4297212,SOLRIAMFETOL HYDROCHLORIDE,Cl.NC(=O)OC[C@H](N)Cc1ccccc1,1.0734999999999997,0.8124096513536654,78.34,3,2,230.695,4,1,0.3,15
CHEMBL4297213,AFAMELANOTIDE ACETATE,CC(=O)O.CCCC[C@H](NC(=O)[C@H](CO)NC(=O)[C@H](Cc1ccc(O)cc1)NC(=O)[C@H](CO)NC(C)=O)C(=O)N[C@@H](CCC(=O)O)C(=O)N[C@@H](Cc1c[nH]cn1)C(=O)N[C@H](Cc1ccccc1)C(=O)N[C@@H](CCCNC(=N)N)C(=O)N[C@@H](Cc1c[nH]c2ccccc12)C(=O)NCC(=O)N[C@@H](CCCCN)C(=O)N1CCC[C@H]1C(=O)N[C@H](C(N)=O)C(C)C,-4.008829999999996,0.01002002081847428,680.28,22,24,1706.926000000001,50,6,0.5,122
CHEMBL4297216,FEDRATINIB HYDROCHLORIDE,Cc1cnc(Nc2ccc(OCCN3CCCC3)cc2)nc1Nc1cccc(S(=O)(=O)NC(C)(C)C)c1.Cl.Cl.O,4.8425200000000075,0.2944525995536509,139.98000000000002,8,3,615.6280000000002,10,4,0.4074074074074074,40
CHEMBL4297220,ASCIMINIB HYDROCHLORIDE,Cl.O=C(Nc1ccc(OC(F)(F)Cl)cc1)c1cnc(N2CC[C@@H](O)C2)c(-c2cc[nH]n2)c1,3.884700000000003,0.45733648253926434,103.36999999999999,6,3,486.3060000000002,6,4,0.25,32
CHEMBL4297223,MITAPIVAT SULFATE,O.O.O.O=C(c1ccc(NS(=O)(=O)c2cccc3cccnc23)cc1)N1CCN(CC2CC2)CC1.O=C(c1ccc(NS(=O)(=O)c2cccc3cccnc23)cc1)N1CCN(CC2CC2)CC1.O=S(=O)(O)O,3.279900000000004,0.12792305205071688,334.32000000000005,12,4,1053.2519999999997,12,10,0.3333333333333333,72
CHEMBL4297334,PIFLUFOLASTAT F18,O=C(O)CC[C@H](NC(=O)N[C@@H](CCCCNC(=O)c1ccc([18F])nc1)C(=O)O)C(=O)O,0.19120000000000015,0.1828494888807452,195.01999999999998,6,6,441.4029380000002,13,1,0.4444444444444444,31
CHEMBL4297364,OXITROPIUM,CC[N+]1(C)[C@@H]2CC(OC(=O)[C@H](CO)c3ccccc3)C[C@H]1[C@@H]1O[C@@H]12,1.4527999999999996,0.503700574410678,59.06,4,1,332.4200000000001,5,4,0.631578947368421,24
CHEMBL4297378,DURLOBACTAM SODIUM,CC1=C[C@@H]2CN(C(=O)N2OS(=O)(=O)[O-])[C@@H]1C(N)=O.[Na+],-4.697799999999998,0.24082916740163648,133.07,6,1,299.24000000000007,3,2,0.5,19
CHEMBL4297403,MELPHALAN FLUFENAMIDE HYDROCHLORIDE,CCOC(=O)[C@H](Cc1ccc(F)cc1)NC(=O)[C@@H](N)Cc1ccc(N(CCCl)CCCl)cc1.Cl,3.6919000000000026,0.3024370661121418,84.66,5,2,534.8870000000003,13,2,0.4166666666666667,34
CHEMBL4297412,PAFOLACIANINE,CC1(C)C(/C=C/C2=C(Oc3ccc(C[C@H](NC(=O)c4ccc(NCc5cnc6nc(N)[nH]c(=O)c6n5)cc4)C(=O)[O-])cc3)/C(=C/C=C3\N(CCCCS(=O)(=O)[O-])c4ccc(S(=O)(=O)[O-])cc4C3(C)C)CCC2)=[N+](CCCCS(=O)(=O)[O-])c2ccc(S(=O)(=O)[O-])cc21.[H+].[H+].[H+].[H+],4.964900000000006,0.033387310534257614,423.0899999999999,23,4,1326.521,25,9,0.32786885245901637,91
CHEMBL4297503,BALOXAVIR MARBOXIL,COC(=O)OCOc1c2n(ccc1=O)N([C@@H]1c3ccccc3SCc3c1ccc(F)c3F)[C@@H]1COCCN1C2=O,3.391200000000002,0.3447647571414497,99.53999999999999,10,0,571.5580000000001,4,6,0.2962962962962963,40
CHEMBL4297509,ELACESTRANT,CCNCCc1ccc(CN(CC)c2cc(OC)ccc2[C@@H]2CCc3cc(O)ccc3C2)cc1,5.851800000000007,0.37408197818178285,44.730000000000004,4,2,458.6460000000002,10,4,0.4,34
CHEMBL4297513,IBREXAFUNGERP,CC(C)[C@@H](C)[C@@]1(C)CC[C@]2(C)[C@H]3CC[C@@H]4[C@@]5(COC[C@@]4(C)[C@@H](OC[C@](C)(N)C(C)(C)C)[C@H](n4ncnc4-c4ccncc4)C5)C3=CC[C@@]2(C)[C@@H]1C(=O)O,8.618400000000008,0.2589627497163945,125.38000000000001,8,2,730.051,8,7,0.7727272727272727,53
CHEMBL4297516,LURBINECTEDIN,COc1ccc2[nH]c3c(c2c1)CCN[C@]31CS[C@@H]2c3c(OC(C)=O)c(C)c4c(c3[C@H](COC1=O)N1[C@@H]2[C@H]2c3c(cc(C)c(OC)c3O)C[C@@H]([C@@H]1O)N2C)OCO4,4.188940000000003,0.1728029394039162,164.28,14,4,784.8880000000001,3,11,0.4634146341463415,56
CHEMBL4297517,MAVACAMTEN,CC(C)n1c(=O)cc(N[C@@H](C)c2ccccc2)[nH]c1=O,2.2906,0.8978140982666175,66.89,4,2,273.33600000000007,4,2,0.3333333333333333,20
CHEMBL4297522,PEMIGATINIB,CCN1C(=O)N(c2c(F)c(OC)cc(OC)c2F)Cc2cnc3[nH]c(CN4CCOCC4)cc3c21,3.6570000000000027,0.5716360700489861,83.16,6,1,487.5070000000004,6,5,0.4166666666666667,35
CHEMBL4297526,REMIMAZOLAM,COC(=O)CC[C@@H]1N=C(c2ccccn2)c2cc(Br)ccc2-n2c(C)cnc21,4.183520000000003,0.5722695378751442,69.37,6,0,439.31300000000016,4,4,0.23809523809523808,28
CHEMBL4297528,RISDIPLAM,Cc1cn2nc(-c3cc(=O)n4cc(N5CCNC6(CC6)C5)ccc4n3)cc(C)c2n1,1.9632399999999994,0.5532138256622311,79.83,8,1,401.47400000000016,2,6,0.36363636363636365,30
CHEMBL4297533,BREMELANOTIDE ACETATE,CC(=O)O.CCCC[C@H](NC(C)=O)C(=O)N[C@H]1CC(=O)NCCCC[C@@H](C(=O)O)NC(=O)[C@H](Cc2c[nH]c3ccccc23)NC(=O)[C@H](CCCNC(=N)N)NC(=O)[C@@H](Cc2ccccc2)NC(=O)[C@H](Cc2c[nH]cn2)NC1=O,-0.3484300000000104,0.0365207106049508,413.76999999999987,12,15,1085.234,17,5,0.46153846153846156,78
CHEMBL4297534,GLASDEGIB MALEATE,CN1CC[C@@H](NC(=O)Nc2ccc(C#N)cc2)C[C@@H]1c1nc2ccccc2[nH]1.O=C(O)/C=C\C(=O)O,3.1033800000000005,0.3394793386477914,171.43999999999997,6,5,490.5200000000002,5,4,0.24,36
CHEMBL4297585,TRIHEPTANOIN,CCCCCCC(=O)OCC(COC(=O)CCCCCC)OC(=O)CCCCCC,5.895800000000007,0.1364984176447444,78.9,6,0,428.61000000000035,20,0,0.875,30
CHEMBL4297588,ODEVIXIBAT,CCCCC1(CCCC)CN(c2ccccc2)c2cc(SC)c(OCC(=O)N[C@@H](C(=O)N[C@@H](CC)C(=O)O)c3ccc(O)cc3)cc2S(=O)(=O)N1,5.879000000000006,0.10524304674385433,174.37,9,5,740.9450000000004,17,4,0.43243243243243246,51
CHEMBL4297590,DARIDOREXANT,COc1ccc(-n2nccn2)c(C(=O)N2CCC[C@@]2(C)c2nc3c(C)c(Cl)ccc3[nH]2)c1,4.265420000000003,0.5013077252659311,88.93,6,1,450.9300000000001,4,5,0.30434782608695654,32
CHEMBL4297610,OLUTASIDENIB,C[C@H](Nc1ccc(C#N)n(C)c1=O)c1cc2cc(Cl)ccc2[nH]c1=O,2.9249800000000006,0.7561838271258684,90.68,5,2,354.797,3,3,0.16666666666666666,25
CHEMBL4297620,SOLRIAMFETOL,NC(=O)OC[C@H](N)Cc1ccccc1,0.6517000000000001,0.7382960322356528,78.34,3,2,194.23400000000004,4,1,0.3,14
CHEMBL4297666,OMIDENEPAG ISOPROPYL,CC(C)OC(=O)CNc1cccc(CN(Cc2ccc(-n3cccn3)cc2)S(=O)(=O)c2cccnc2)n1,3.416900000000002,0.2989262390394097,119.31,9,1,520.6150000000001,11,4,0.23076923076923078,37
CHEMBL4298128,ELEXACAFTOR,Cc1nn(C)cc1S(=O)(=O)NC(=O)c1ccc(-n2ccc(OCC(C)(C)C(F)(F)F)n2)nc1N1C[C@@H](C)CC1(C)C,4.020020000000003,0.4131104469248584,124.24000000000001,10,1,597.664,8,4,0.5384615384615384,41
CHEMBL4298137,DURLOBACTAM,CC1=C[C@@H]2CN(C(=O)N2OS(=O)(=O)O)[C@@H]1C(N)=O,-1.3591999999999989,0.4837242090168431,130.24,5,2,277.25800000000004,3,2,0.5,18
CHEMBL4298138,REPOTRECTINIB,C[C@H]1CNC(=O)c2cnn3ccc(nc23)N[C@H](C)c2cc(F)ccc2O1,2.5522,0.6477648078196179,80.55000000000001,6,2,355.3730000000001,0,4,0.2777777777777778,26
CHEMBL4298139,SERDEXMETHYLPHENIDATE CHLORIDE,COC(=O)[C@H](c1ccccc1)[C@H]1CCCCN1C(=O)OC[n+]1cccc(C(=O)N[C@@H](CO)C(=O)O)c1.[Cl-],-1.9411999999999947,0.24819489562285657,146.35,7,3,535.9810000000002,9,3,0.4,37
CHEMBL4298150,SIPONIMOD FUMARIC ACID,CCc1cc(/C(C)=N/OCc2ccc(C3CCCCC3)c(C(F)(F)F)c2)ccc1CN1CC(C(=O)O)C1.CCc1cc(/C(C)=N/OCc2ccc(C3CCCCC3)c(C(F)(F)F)c2)ccc1CN1CC(C(=O)O)C1.O=C(O)/C=C/C(=O)O,13.257199999999989,0.02830026543889677,198.85999999999999,10,4,1149.2799999999995,20,8,0.4838709677419355,82
CHEMBL4298167,FILGOTINIB MALEATE,O=C(Nc1nc2cccc(-c3ccc(CN4CCS(=O)(=O)CC4)cc3)n2n1)C1CC1.O=C(O)/C=C\C(=O)O,1.6869999999999998,0.37384943765654766,171.26999999999998,9,3,541.5860000000004,7,5,0.32,38
CHEMBL4298168,IBREXAFUNGERP CITRATE,CC(C)[C@@H](C)[C@@]1(C)CC[C@]2(C)[C@H]3CC[C@@H]4[C@@]5(COC[C@@]4(C)[C@@H](OC[C@](C)(N)C(C)(C)C)[C@H](n4ncnc4-c4ccncc4)C5)C3=CC[C@@]2(C)[C@@H]1C(=O)O.O=C(O)CC(O)(CC(=O)O)C(=O)O,7.3699000000000074,0.10723681541138637,257.51,12,6,922.1740000000001,13,7,0.74,66
CHEMBL4298171,LINZAGOLIX CHOLINE,COc1cc(F)c(-n2c(=O)[nH]c3csc(C(=O)[O-])c3c2=O)cc1OCc1c(OC)ccc(F)c1F.C[N+](C)(C)CCO,1.8024,0.2730728081777741,142.91,10,2,611.5950000000001,9,4,0.2962962962962963,42
CHEMBL4299851,PIFLUFOLASTAT,O=C(O)CC[C@H](NC(=O)N[C@@H](CCCCNC(=O)c1ccc(F)nc1)C(=O)O)C(=O)O,0.19120000000000015,0.182480561413153,195.01999999999998,6,6,442.40000000000015,13,1,0.4444444444444444,31
CHEMBL4299940,MITAPIVAT,O=C(c1ccc(NS(=O)(=O)c2cccc3cccnc23)cc1)N1CCN(CC2CC2)CC1,3.203400000000001,0.6236721234606906,82.60999999999999,5,1,450.56400000000036,6,5,0.3333333333333333,32
CHEMBL4301162,SERDEXMETHYLPHENIDATE,COC(=O)[C@H](c1ccccc1)[C@H]1CCCCN1C(=O)OC[n+]1cccc(C(=O)N[C@@H](CO)C(=O)O)c1,1.0548,0.34215621262174156,146.35,7,3,500.5280000000002,9,3,0.4,36
CHEMBL4301898,E133,CCOc1ccc(Nc2ccc(/C(=C3/C=C/C(=[N+](/CC)Cc4cccc(S(=O)(=O)[O-])c4)C=C3C)c3ccc(N(CC)Cc4cccc(S(=O)(=O)O)c4)cc3C)cc2)cc1,9.306220000000003,0.07808593872909037,139.07999999999998,8,2,832.0570000000001,15,6,0.2127659574468085,59
CHEMBL4303060,MELPHALAN FLUFENAMIDE,CCOC(=O)[C@H](Cc1ccc(F)cc1)NC(=O)[C@@H](N)Cc1ccc(N(CCCl)CCCl)cc1,3.270100000000002,0.32730843977839635,84.66,5,2,498.4260000000003,13,2,0.4166666666666667,33
CHEMBL4303214,FRUQUINTINIB,CNC(=O)c1c(C)oc2cc(Oc3ncnc4cc(OC)c(OC)cc34)ccc12,3.853520000000003,0.5500210816153454,95.71000000000001,7,1,393.39900000000017,5,4,0.19047619047619047,29
CHEMBL4303288,ABACAVIR SULFATE,Nc1nc(NC2CC2)c2ncn([C@H]3C=C[C@@H](CO)C3)c2n1.Nc1nc(NC2CC2)c2ncn([C@H]3C=C[C@@H](CO)C3)c2n1.O=S(=O)(O)O,1.5318000000000007,0.09741787991405985,278.36,16,8,670.7570000000003,8,8,0.5,47
CHEMBL4303454,DORIPENEM MONOHYDRATE,C[C@@H](O)[C@H]1C(=O)N2C(C(=O)O)=C(S[C@@H]3CN[C@H](CNS(N)(=O)=O)C3)[C@H](C)[C@H]12.O,-2.427799999999996,0.270646546793931,193.56,7,5,438.52800000000025,7,3,0.7333333333333333,28
CHEMBL4303525,OMAVELOXOLONE,CC1(C)CC[C@]2(NC(=O)C(C)(F)F)CC[C@]3(C)[C@H](C(=O)C=C4[C@@]5(C)C=C(C#N)C(=O)C(C)(C)[C@@H]5CC[C@]43C)[C@@H]2C1,6.729780000000008,0.4100424722853117,87.03,4,1,554.7220000000002,2,5,0.7575757575757576,40
CHEMBL4303669,ZOLEDRONIC ACID,O.O=P(O)(O)C(O)(Cn1ccnc1)P(=O)(O)O,-1.9401000000000004,0.396059485679526,184.60999999999999,5,5,290.105,4,1,0.4,17
CHEMBL4435170,DEUCRAVACITINIB,[2H]C([2H])([2H])NC(=O)c1nnc(NC(=O)C2CC2)cc1Nc1cccc(-c2ncn(C)n2)c1OC,1.7324,0.49641291938995996,135.95,9,3,425.4673053340002,8,4,0.3,31
CHEMBL4535757,SOTORASIB,C=CC(=O)N1CCN(c2nc(=O)n(-c3c(C)ccnc3C(C)C)c3nc(-c4c(O)cccc4F)c(F)cc23)[C@@H](C)C1,4.4814200000000035,0.3590679168093476,104.45000000000002,8,1,560.6050000000001,5,5,0.3,41
CHEMBL4559134,SELPERCATINIB,COc1ccc(CN2C3CC2CN(c2ccc(-c4cc(OCC(C)(C)O)cn5ncc(C#N)c45)cn2)C3)cn1,3.2843800000000023,0.37031895024634764,112.03999999999999,10,1,525.6130000000003,8,7,0.3793103448275862,39
CHEMBL4582651,PRALSETINIB,CO[C@]1(C(=O)N[C@@H](C)c2ccc(-n3cc(F)cn3)nc2)CC[C@H](c2nc(C)cc(Nc3cc(C)[nH]n3)n2)CC1,4.200140000000003,0.30667835077500394,135.53,9,3,533.6120000000002,8,5,0.4074074074074074,39
CHEMBL4585668,BELZUTIFAN,CS(=O)(=O)c1ccc(Oc2cc(F)cc(C#N)c2)c2c1[C@H](O)[C@H](F)[C@@H]2F,3.2888800000000016,0.8788754903467066,87.39,5,1,383.34700000000004,3,3,0.23529411764705882,26
CHEMBL4594214,ZICONOTIDE,CSCC[C@@H]1NC(=O)[C@H](CC(C)C)NC(=O)[C@H](CCCNC(=N)N)NC(=O)[C@H](CO)NC(=O)[C@@H]2CSSC[C@@H]3NC(=O)[C@H](CO)NC(=O)CNC(=O)[C@H]([C@@H](C)O)NC(=O)[C@H](CSSC[C@H](N)C(=O)N[C@@H](CCCCN)C(=O)NCC(=O)N[C@@H](CCCCN)C(=O)NCC(=O)N[C@@H](C)C(=O)N[C@@H](CCCCN)C(=O)N2)NC(=O)[C@H](CSSC[C@@H](C(N)=O)NC(=O)[C@H](CCCCN)NC(=O)CNC(=O)[C@H](CO)NC(=O)[C@H](CCCNC(=N)N)NC3=O)NC(=O)[C@H](CC(=O)O)NC(=O)[C@H](Cc2ccc(O)cc2)NC1=O,-16.212860000000013,0.012650279122383635,1133.84,45,42,2639.1869999999976,38,4,0.6666666666666666,177
CHEMBL4594217,CANAGLIFLOZIN,Cc1ccc([C@@H]2O[C@H](CO)[C@@H](O)[C@H](O)[C@H]2O)cc1Cc1ccc(-c2ccc(F)cc2)s1.O,2.1436200000000003,0.4629197782648322,121.65,6,4,462.5390000000002,5,4,0.3333333333333333,32
CHEMBL4594231,IODOXAMATE MEGLUMINE,CNC[C@H](O)[C@@H](O)[C@H](O)[C@H](O)CO.CNC[C@H](O)[C@@H](O)[C@H](O)[C@H](O)CO.O=C(CCOCCOCCOCCOCCC(=O)Nc1c(I)cc(I)c(C(=O)O)c1I)Nc1c(I)cc(I)c(C(=O)O)c1I,-0.5821999999999878,0.033157292608048304,396.0799999999999,20,16,1678.3519999999999,31,2,0.6,70
CHEMBL4594248,CALCITONIN HUMAN,CC[C@H](C)[C@H](NC(=O)[C@H](C)NC(=O)[C@@H](NC(=O)[C@H](CCC(N)=O)NC(=O)[C@@H]1CCCN1C(=O)[C@H](Cc1ccccc1)NC(=O)[C@@H](NC(=O)[C@H](Cc1c[nH]cn1)NC(=O)[C@H](Cc1ccccc1)NC(=O)[C@H](CCCCN)NC(=O)[C@H](CC(N)=O)NC(=O)[C@H](Cc1ccccc1)NC(=O)[C@H](CC(=O)O)NC(=O)[C@H](CCC(N)=O)NC(=O)[C@@H](NC(=O)[C@H](Cc1ccc(O)cc1)NC(=O)[C@@H](NC(=O)CNC(=O)[C@H](CC(C)C)NC(=O)[C@H](CCSC)NC(=O)[C@@H]1CSSC[C@H](N)C(=O)NCC(=O)N[C@@H](CC(N)=O)C(=O)N[C@@H](CC(C)C)C(=O)N[C@@H](CO)C(=O)N[C@@H]([C@@H](C)O)C(=O)N1)[C@@H](C)O)[C@@H](C)O)[C@@H](C)O)[C@@H](C)O)C(=O)NCC(=O)N[C@H](C(=O)NCC(=O)N[C@@H](C)C(=O)N1CCC[C@H]1C(N)=O)C(C)C,-16.228000000000087,0.012694380383642538,1359.5999999999997,50,45,3417.90499999999,91,8,0.5761589403973509,239
CHEMBL4594250,NETARSUDIL,Cc1ccc(C(=O)OCc2ccc([C@@H](CN)C(=O)Nc3ccc4cnccc4c3)cc2)c(C)c1,4.8896400000000035,0.38868510258372735,94.31,5,2,453.54200000000014,7,4,0.17857142857142858,34
CHEMBL4594251,NETARSUDIL DIMESYLATE,CS(=O)(=O)O.CS(=O)(=O)O.Cc1ccc(C(=O)OCc2ccc([C@@H](CN)C(=O)Nc3ccc4cnccc4c3)cc2)c(C)c1,3.8976400000000027,0.16762127253581155,203.05,9,4,645.7560000000003,7,4,0.23333333333333334,44
CHEMBL4594252,ALUMINIUM OXIDE,O=[Al]O[Al]=O,-1.0676,0.4168020207505891,43.370000000000005,3,0,101.961,2,0,0.0,5
CHEMBL4594260,TAZEMETOSTAT HYDROBROMIDE,Br.CCN(c1cc(-c2ccc(CN3CCOCC3)cc2)cc(C(=O)NCc2c(C)cc(C)[nH]c2=O)c1C)C1CCOCC1,5.312560000000005,0.3257827815659002,86.9,6,2,653.662,9,5,0.47058823529411764,43
CHEMBL4594261,FLUOROESTRADIOL F-18,C[C@]12CC[C@@H]3c4ccc(O)cc4CC[C@H]3[C@@H]1C[C@@H]([18F])[C@@H]2O,3.557200000000002,0.7664543213568534,40.46,2,2,289.38093799999996,0,4,0.6666666666666666,21
CHEMBL4594262,AMLODIPINE BENZOATE,CCOC(=O)C1=C(COCCN)NC(C)=C(C(=O)OC)C1c1ccccc1Cl.O=C(O)c1ccccc1,3.651100000000003,0.3273721208622073,137.18,8,3,531.0050000000002,9,3,0.2962962962962963,37
CHEMBL4594271,BEROTRALSTAT,N#Cc1cccc(C(NCC2CC2)c2ccc(F)c(NC(=O)c3cc(C(F)(F)F)nn3-c3cccc(CN)c3)c2)c1,5.7018800000000045,0.2268705766731385,108.76,6,3,562.571,9,5,0.23333333333333334,41
CHEMBL4594272,BEROTRALSTAT HYDROCHLORIDE,Cl.Cl.N#Cc1cccc(C(NCC2CC2)c2ccc(F)c(NC(=O)c3cc(C(F)(F)F)nn3-c3cccc(CN)c3)c2)c1,6.545480000000005,0.18105841944158566,108.76,6,3,635.4929999999999,9,5,0.23333333333333334,43
CHEMBL4594273,ELACESTRANT HYDROCHLORIDE,CCNCCc1ccc(CN(CC)c2cc(OC)ccc2[C@@H]2CCc3cc(O)ccc3C2)cc1.Cl.Cl,6.695400000000009,0.286131144582688,44.730000000000004,4,2,531.5680000000002,10,4,0.4,36
CHEMBL4594288,LEVAMLODIPINE MALEATE,CCOC(=O)C1=C(COCCN)NC(C)=C(C(=O)OC)[C@@H]1c1ccccc1Cl.O=C(O)/C=C\C(=O)O,1.9781000000000006,0.1998878091548183,174.48,9,4,524.9540000000002,10,2,0.3333333333333333,36
CHEMBL4594292,TEPOTINIB HYDROCHLORIDE,CN1CCC(COc2cnc(-c3cccc(Cn4nc(-c5cccc(C#N)c5)ccc4=O)c3)nc2)CC1.Cl.O,3.604980000000004,0.3460598030871131,128.43,8,0,547.0590000000003,7,5,0.27586206896551724,39
CHEMBL4594293,ACALABRUTINIB MALEATE,CC#CC(=O)N1CCC[C@H]1c1nc(-c2ccc(C(=O)Nc3ccccn3)cc2)c2c(N)nccn12.O=C(O)/C=C\C(=O)O,3.024400000000001,0.19421577332715997,193.10999999999996,9,4,581.5890000000003,6,5,0.16666666666666666,43
CHEMBL4594300,FOSDENOPTERIN HYDROBROMIDE,Br.Nc1nc(=O)c2c([nH]1)N[C@@H]1O[C@@H]3COP(=O)(O)O[C@@H]3C(O)(O)[C@@H]1N2.O.O,-3.5918,0.1403053707426443,264.28,11,7,480.16500000000025,0,4,0.6,27
CHEMBL4594301,REMIMAZOLAM BESYLATE,COC(=O)CC[C@@H]1N=C(c2ccccn2)c2cc(Br)ccc2-n2c(C)cnc21.O=S(=O)(O)c1ccccc1,5.116820000000004,0.25036413371643795,123.74,8,1,597.4910000000002,5,5,0.18518518518518517,38
CHEMBL4594350,ADAGRASIB,C=C(F)C(=O)N1CCN(c2nc(OC[C@@H]3CCCN3C)nc3c2CCN(c2cccc4cccc(Cl)c24)C3)C[C@@H]1CC#N,4.732980000000004,0.35821331010446944,88.83000000000001,8,0,604.1299999999999,7,6,0.4375,43
CHEMBL4594383,PAFOLACIANINE SODIUM,CC1(C)C(/C=C/C2=C(Oc3ccc(C[C@H](NC(=O)c4ccc(NCc5cnc6nc(N)[nH]c(=O)c6n5)cc4)C(=O)[O-])cc3)/C(=C/C=C3\N(CCCCS(=O)(=O)[O-])c4ccc(S(=O)(=O)[O-])cc4C3(C)C)CCC2)=[N+](CCCCS(=O)(=O)[O-])c2ccc(S(=O)(=O)[O-])cc21.[Na+].[Na+].[Na+].[Na+],-7.469100000000036,0.017898804445080258,423.0899999999999,23,4,1414.4489999999998,25,9,0.32786885245901637,95
CHEMBL4594393,CALCIUM OXYBATE,O=C([O-])CCCO.O=C([O-])CCCO.[Ca+2],-3.3631999999999986,0.47200942310557403,120.72000000000001,6,2,246.27199999999996,6,0,0.75,15
CHEMBL4594394,MAGNESIUM OXYBATE,O=C([O-])CCCO.O=C([O-])CCCO.[Mg+2],-3.3631999999999986,0.45973393386480854,120.72000000000001,6,2,230.49899999999997,6,0,0.75,15
CHEMBL4594395,POTASSIUM OXYBATE,O=C([O-])CCCO.[K+],-4.487199999999998,0.40409941935004884,60.36,3,1,142.195,3,0,0.75,8
CHEMBL4594411,"XENON XE-129, HYPERPOLARIZED",[129Xe],0.0,0.4313655041437103,0.0,0,0,128.9047794,0,0,0.0,1
CHEMBL4594438,LENACAPAVIR,CC(C)(C#Cc1ccc(-c2ccc(Cl)c3c(NS(C)(=O)=O)nn(CC(F)(F)F)c23)c([C@H](Cc2cc(F)cc(F)c2)NC(=O)Cn2nc(C(F)(F)F)c3c2C(F)(F)[C@@H]2C[C@H]32)n1)S(C)(=O)=O,7.662800000000007,0.1009704019955641,157.94,10,2,968.296,11,7,0.38461538461538464,64
CHEMBL4596392,CRAVACITINIB,CNC(=O)c1nnc(NC(=O)C2CC2)cc1Nc1cccc(-c2ncn(C)n2)c1OC,1.7323999999999995,0.5237289112980588,135.95,9,3,422.4490000000002,7,4,0.3,31
CHEMBL4650216,DARIDOREXANT HYDROCHLORIDE,COc1ccc(-n2nccn2)c(C(=O)N2CCC[C@@]2(C)c2nc3c(C)c(Cl)ccc3[nH]2)c1.Cl,4.687220000000004,0.4514572344555798,88.93,6,1,487.39100000000013,4,5,0.30434782608695654,33
CHEMBL4650220,ZAVEGEPANT HYDROCHLORIDE,Cc1cc(C[C@@H](NC(=O)N2CCC(c3cc4ccccc4[nH]c3=O)CC2)C(=O)N2CCN(C3CCN(C)CC3)CC2)cc2cn[nH]c12.Cl,3.8733200000000028,0.2857630012629709,120.66999999999999,6,3,675.278,6,7,0.5,48
CHEMBL4650272,TRILACICLIB DIHYDROCHLORIDE,CN1CCN(c2ccc(Nc3ncc4cc5n(c4n3)C3(CCCCC3)CNC5=O)nc2)CC1.Cl.Cl,3.568100000000003,0.5469579601249,91.21,8,2,519.4810000000004,3,6,0.5,35
CHEMBL4650273,SETMELANOTIDE ACETATE,CC(=O)N[C@@H](CCCNC(=N)N)C(=O)N[C@H]1CSSC[C@@H](C(N)=O)NC(=O)[C@H](Cc2c[nH]c3ccccc23)NC(=O)[C@H](CCCNC(=N)N)NC(=O)[C@@H](Cc2ccccc2)NC(=O)[C@H](Cc2c[nH]cn2)NC(=O)[C@@H](C)NC1=O.CC(=O)O.CC(=O)O,-2.5742600000000184,0.021061256003475613,518.7599999999999,16,19,1237.4379999999994,18,5,0.4339622641509434,86
CHEMBL4650319,MOBOCERTINIB,C=CC(=O)Nc1cc(Nc2ncc(C(=O)OC(C)C)c(-c3cn(C)c4ccccc34)n2)c(OC)cc1N(C)CCN(C)C,5.075000000000005,0.17365909455648496,113.85,10,2,585.709,12,4,0.3125,43
CHEMBL4650485,PIRTOBRUTINIB,COc1ccc(F)cc1C(=O)NCc1ccc(-c2nn([C@@H](C)C(F)(F)F)c(N)c2C(N)=O)cc1,3.432200000000001,0.4479676256623823,125.25999999999999,6,3,479.43400000000014,7,3,0.22727272727272727,34
CHEMBL4802130,BELUMOSUDIL MESYLATE,CC(C)NC(=O)COc1cccc(-c2nc(Nc3ccc4[nH]ncc4c3)c3ccccc3n2)c1.CS(=O)(=O)O,4.324100000000001,0.21719833046169354,159.18999999999997,8,4,548.6250000000002,7,5,0.18518518518518517,39
CHEMBL4802135,NIRMATRELVIR,CC(C)(C)[C@H](NC(=O)C(F)(F)F)C(=O)N1C[C@H]2[C@@H]([C@H]1C(=O)N[C@H](C#N)C[C@@H]1CCNC1=O)C2(C)C,1.0971800000000007,0.5037264667056947,131.4,5,3,499.5340000000003,6,3,0.782608695652174,35
CHEMBL4802223,LEUPROLIDE MESYLATE,CCNC(=O)[C@@H]1CCCN1C(=O)[C@H](CCCNC(=N)N)NC(=O)[C@H](CC(C)C)NC(=O)[C@@H](CC(C)C)NC(=O)[C@H](Cc1ccc(O)cc1)NC(=O)[C@H](CO)NC(=O)[C@H](Cc1c[nH]c2ccccc12)NC(=O)[C@H](Cc1cnc[nH]1)NC(=O)[C@@H]1CCC(=O)N1.CS(=O)(=O)O,-1.7244300000000123,0.011185256432916464,483.40999999999985,16,17,1305.5280000000002,32,6,0.5333333333333333,92
CHEMBL4802239,MOBOCERTINIB SUCCINATE,C=CC(=O)Nc1cc(Nc2ncc(C(=O)OC(C)C)c(-c3cn(C)c4ccccc34)n2)c(OC)cc1N(C)CCN(C)C.O=C(O)CCC(=O)O,5.010800000000003,0.0956406084355808,188.44999999999996,12,4,703.7969999999999,15,4,0.3333333333333333,51
CHEMBL4802249,LENACAPAVIR SODIUM,CC(C)(C#Cc1ccc(-c2ccc(Cl)c3c([N-]S(C)(=O)=O)nn(CC(F)(F)F)c23)c([C@H](Cc2cc(F)cc(F)c2)NC(=O)Cn2nc(C(F)(F)F)c3c2C(F)(F)[C@@H]2C[C@H]32)n1)S(C)(=O)=O.[Na+],5.260100000000007,0.10670622985177744,160.01,10,1,990.2780000000001,11,7,0.38461538461538464,65
CHEMBL5072826,CALCIUM,[Ca+2].[H-].[H-],-0.15580000000000005,0.3304442204239109,0.0,0,0,42.09400000000001,0,0,0.0,1
CHEMBL5095039,GALLIUM GA 68 GOZETOTIDE,O=C([O-])CN(CCN(CC(=O)[O-])Cc1cc(CCC(=O)NCCCCCC(=O)NCCCC[C@H](NC(=O)N[C@@H](CCC(=O)O)C(=O)O)C(=O)O)ccc1[O-])Cc1cc(CCC(=O)O)ccc1[O-].[68Ga+3].[OH3+],-3.6816000000000177,0.018720899551806097,414.39,15,8,1029.9239801,35,2,0.5227272727272727,69
CHEMBL5095048,AMPHETAMINE ASPARTATE/DEXTROAMPHETAMINE SULFATE,CC(N)Cc1ccccc1.C[C@H](N)Cc1ccccc1.C[C@H](N)Cc1ccccc1.NC(CC(=O)O)C(=O)O.O=S(=O)(O)O,2.949100000000004,0.15779101548257296,253.27999999999994,8,8,636.8120000000005,9,3,0.3548387096774194,44
CHEMBL5095049,PACRITINIB CITRATE,C1=C/COCc2cc(ccc2OCCN2CCCC2)Nc2nccc(n2)-c2cccc(c2)COC/1.O=C(O)CC(O)(CC(=O)O)C(=O)O,3.7163000000000004,0.20726251573235785,200.86999999999998,11,5,664.7120000000002,9,5,0.38235294117647056,48
CHEMBL5095050,FINGOLIMOD LAURYL SULFATE,CCCCCCCCCCCCOS(=O)(=O)O.CCCCCCCCc1ccc(CCC(N)(CO)CO)cc1,6.931000000000008,0.07788525739969011,130.08,6,4,573.8810000000005,24,1,0.8064516129032258,39
CHEMBL5095051,VENLAFAXINE BESYLATE,COc1ccc(C(CN(C)C)C2(O)CCCCC2)cc1.O=S(=O)(O)c1ccccc1,3.9689000000000023,0.6678924102178175,87.07000000000001,5,2,435.586,6,3,0.4782608695652174,30
CHEMBL5095420,TRIENTINE TETRAHYDROCHLORIDE,Cl.Cl.Cl.Cl.NCCNCCNCCN,-0.2297999999999999,0.48899595098968757,76.1,4,4,292.0820000000001,7,0,1.0,14
CHEMBL5095505,AMPHETAMINE/DEXTROAMPHETAMINE,CC(N)Cc1ccccc1.C[C@H](N)Cc1ccccc1.C[C@H](N)Cc1ccccc1,4.728900000000004,0.554670362103601,78.06,3,3,405.6300000000001,6,3,0.3333333333333333,30
CHEMBL5303393,VARENICLINE TARTRATE,O=C(O)C(O)C(O)C(=O)O.c1cnc2cc3c(cc2n1)[C@@H]1CNC[C@H]3C1,-0.3187000000000002,0.4948465679381876,152.87000000000003,7,5,361.35400000000016,3,4,0.4117647058823529,26
CHEMBL5314359,ERTAPENEM SODIUM,C[C@@H](O)[C@H]1C(=O)N2C(C(=O)[O-])=C(S[C@@H]3CN[C@H](C(=O)Nc4cccc(C(=O)O)c4)C3)[C@H](C)[C@H]12.O.[Na+],-4.214699999999994,0.20589300807206165,190.6,8,4,515.5200000000002,7,4,0.45454545454545453,35
CHEMBL5314362,ENTECAVIR,C=C1[C@H](CO)[C@@H](O)C[C@@H]1n1cnc2c(=O)[nH]c(N)nc21.O,-1.6524999999999994,0.4849243884544993,161.54999999999998,7,4,295.29900000000004,2,3,0.4166666666666667,21
CHEMBL5314366,ESOMEPRAZOLE MAGNESIUM,COc1ccc2[nH]c([S@@+]([O-])Cc3ncc(C)c(OC)c3C)nc2c1.COc1ccc2[nH]c([S@@+]([O-])Cc3ncc(C)c(OC)c3C)nc2c1.O.O.O.[Mg+2],2.9445800000000037,0.1520166345534486,260.68,10,2,769.1979999999998,10,6,0.29411764705882354,52
CHEMBL5314373,"CEFPROZIL, (E)-",C/C=C/C1=C(C(=O)O)N2C(=O)[C@@H](NC(=O)[C@H](N)c3ccc(O)cc3)[C@H]2SC1.O,-0.11799999999999916,0.4940874113903529,164.46,6,4,407.44800000000015,5,3,0.2777777777777778,28
CHEMBL5314375,CIDOFOVIR,Nc1ccn(C[C@@H](CO)OCP(=O)(O)O)c(=O)n1.O.O,-3.311199999999999,0.3889394294880045,210.89999999999998,7,4,315.21900000000005,6,1,0.5,20
CHEMBL5314377,GANIRELIX ACETATE,CC(=O)O.CC(=O)O.CC/N=C(\NCC)NCCCC[C@H](NC(=O)[C@H](CC(C)C)NC(=O)[C@@H](CCCCN/C(=N/CC)NCC)NC(=O)[C@H](Cc1ccc(O)cc1)NC(=O)[C@H](CO)NC(=O)[C@@H](Cc1cccnc1)NC(=O)[C@@H](Cc1ccc(Cl)cc1)NC(=O)[C@@H](Cc1ccc2ccccc2c1)NC(C)=O)C(=O)N1CCC[C@H]1C(=O)N[C@H](C)C(N)=O,2.4544999999999773,0.015123253355858927,526.0899999999998,18,18,1690.4540000000002,44,6,0.5,120
CHEMBL5314378,CASPOFUNGIN ACETATE,CC(=O)O.CC(=O)O.CC[C@H](C)C[C@H](C)CCCCCCCCC(=O)N[C@H]1C[C@@H](O)[C@@H](NCCN)NC(=O)[C@@H]2[C@@H](O)CCN2C(=O)[C@H]([C@H](O)CCN)NC(=O)[C@H]([C@H](O)[C@@H](O)c2ccc(O)cc2)NC(=O)[C@@H]2C[C@@H](O)CN2C(=O)[C@H]([C@@H](C)O)NC1=O,-3.130100000000016,0.04818272043486703,486.62999999999994,20,18,1213.4350000000004,23,4,0.7321428571428571,85
CHEMBL5314379,VOCLOSPORIN,C=C/C=C/C[C@@H](C)[C@@H](O)[C@H]1C(=O)N[C@@H](CC)C(=O)N(C)CC(=O)N(C)[C@@H](CC(C)C)C(=O)N[C@@H](C(C)C)C(=O)N(C)[C@@H](CC(C)C)C(=O)N[C@@H](C)C(=O)N[C@H](C)C(=O)N(C)[C@@H](CC(C)C)C(=O)N(C)[C@@H](CC(C)C)C(=O)N(C)[C@@H](C(C)C)C(=O)N1C,3.435100000000004,0.13916058985781912,278.8,12,5,1214.6459999999988,16,1,0.7619047619047619,86
CHEMBL5314380,PASIREOTIDE DIASPARTATE,NCCCC[C@@H]1NC(=O)[C@@H](Cc2c[nH]c3ccccc23)NC(=O)[C@H](c2ccccc2)NC(=O)[C@@H]2C[C@@H](OC(=O)NCCN)CN2C(=O)[C@H](Cc2ccccc2)NC(=O)[C@H](Cc2ccc(OCc3ccccc3)cc2)NC1=O.N[C@@H](CC(=O)O)C(=O)O.N[C@@H](CC(=O)O)C(=O)O,1.1145000000000034,0.03996080496374888,482.43999999999994,17,15,1313.4330000000002,23,8,0.3484848484848485,95
CHEMBL5314382,PASIREOTIDE PAMOATE,NCCCC[C@@H]1NC(=O)[C@@H](Cc2c[nH]c3ccccc23)NC(=O)[C@H](c2ccccc2)NC(=O)[C@@H]2C[C@@H](OC(=O)NCCN)CN2C(=O)[C@H](Cc2ccccc2)NC(=O)[C@H](Cc2ccc(OCc3ccccc3)cc2)NC1=O.O=C(O)c1cc2ccccc2c(Cc2c(O)c(C(=O)O)cc3ccccc23)c1O,7.759900000000016,0.030553484183639484,396.26,15,13,1435.6019999999996,21,12,0.24691358024691357,106
CHEMBL5314588,PERFLUOROHEXYLOCTANE,CCCCCCCCC(F)(F)C(F)(F)C(F)(F)C(F)(F)C(F)(F)C(F)(F)F,7.475800000000005,0.23466203137848088,0.0,0,0,432.26399999999995,11,0,1.0,27
CHEMBL5314600,TIRABRUTINIB HYDROCHLORIDE,CC#CC(=O)N1CC[C@@H](n2c(=O)n(-c3ccc(Oc4ccccc4)cc3)c3c(N)ncnc32)C1.Cl,3.1752000000000016,0.4400583335584964,108.27,8,1,490.9510000000002,4,5,0.2,35
CHEMBL5314649,RITLECITINIB TOSYLATE,C=CC(=O)N1C[C@H](Nc2ncnc3[nH]ccc23)CC[C@@H]1C.Cc1ccc(S(=O)(=O)O)cc1,3.1770200000000006,0.40535451278860074,128.27999999999997,6,3,457.5560000000002,4,4,0.3181818181818182,32
CHEMBL5315049,SITAGLIPTIN FUMARATE,N[C@@H](CC(=O)N1CCn2c(nnc2C(F)(F)F)C1)Cc1cc(F)c(F)cc1F.O=C(O)/C=C\C(=O)O,1.7282999999999997,0.29426068360778695,151.64000000000001,7,3,523.3900000000003,6,3,0.35,36
CHEMBL5315050,ATOSIBAN ACETATE,CC(=O)O.CCOc1ccc(C[C@H]2NC(=O)CCSSC[C@@H](C(=O)N3CCC[C@H]3C(=O)N[C@@H](CCCN)C(=O)NCC(N)=O)NC(=O)[C@H](CC(N)=O)NC(=O)[C@H]([C@@H](C)O)NC(=O)[C@H]([C@@H](C)CC)NC2=O)cc1,-2.9537000000000146,0.06540321478830359,402.9699999999999,16,12,1054.2599999999995,18,3,0.6222222222222222,72
CHEMBL5315052,RASAGILINE TARTRATE,C#CCN[C@@H]1CCc2ccccc21.C#CCN[C@@H]1CCc2ccccc21.O=C(O)C(O)C(O)C(=O)O,1.6707999999999998,0.32106513405685316,139.12,6,6,492.57200000000023,7,4,0.35714285714285715,36
CHEMBL5315053,PEMETREXED MONOHYDRATE,Nc1nc2[nH]cc(CCc3ccc(C(=O)N[C@@H](CCC(=O)O)C(=O)O)cc3)c2c(=O)[nH]1.O,-0.15829999999999939,0.25879947189802655,222.76,6,6,445.4320000000002,9,3,0.25,32
CHEMBL5315054,ERTUGLIFLOZIN PIDOLATE,CCOc1ccc(Cc2cc([C@]34OC[C@](CO)(O3)[C@@H](O)[C@H](O)[C@H]4O)ccc2Cl)cc1.O=C1CC[C@@H](C(=O)O)N1,0.7060999999999995,0.280256368745541,175.01,9,6,566.0030000000003,7,5,0.48148148148148145,39
CHEMBL5315055,NALMEFENE HYDROCHLORIDE DIHYDRATE,C=C1CC[C@@]2(O)[C@H]3Cc4ccc(O)c5c4[C@@]2(CCN3CC2CC2)[C@H]1O5.Cl.O.O,1.2849000000000008,0.7127834185585307,115.93,4,2,411.9260000000002,2,6,0.6190476190476191,28
CHEMBL5315056,NALOXONE HYDROCHLORIDE DIHYDRATE,C=CCN1CC[C@]23c4c5ccc(O)c4O[C@H]2C(=O)CC[C@@]3(O)[C@H]1C5.Cl.O.O,0.07379999999999975,0.6788447023173744,133.0,5,2,399.87100000000015,2,5,0.5263157894736842,27
CHEMBL5315117,ZANAMIVIR HYDRATE,CC(=O)N[C@H]1[C@H]([C@H](O)[C@H](O)CO)OC(C(=O)O)=C[C@@H]1NC(=N)N.O,-4.400529999999995,0.17031680065250077,229.72,7,8,350.32800000000003,6,1,0.5833333333333334,24
CHEMBL5315118,ILOPROST TROMETHAMINE,CC#CCC(C)[C@H](O)/C=C/[C@@H]1[C@H]2C/C(=C/CCCC(=O)O)C[C@H]2C[C@H]1O.NC(CO)(CO)CO,1.2021000000000002,0.1313893438159132,164.47,7,7,481.6300000000003,11,2,0.7307692307692307,34
CHEMBL5315119,UPADACITINIB HEMIHYDRATE,CC[C@@H]1CN(C(=O)NCC(F)(F)F)C[C@@H]1c1cnc2cnc3[nH]ccc3n12.CC[C@@H]1CN(C(=O)NCC(F)(F)F)C[C@@H]1c1cnc2cnc3[nH]ccc3n12.O,4.991100000000006,0.17250955831844922,188.14,8,4,778.763,6,8,0.47058823529411764,55
CHEMBL5315120,ODEVIXIBAT SESQUIHYDRATE,CCCCC1(CCCC)CN(c2ccccc2)c2cc(SC)c(OCC(=O)N[C@@H](C(=O)N[C@@H](CC)C(=O)O)c3ccc(O)cc3)cc2S(=O)(=O)N1.CCCCC1(CCCC)CN(c2ccccc2)c2cc(SC)c(OCC(=O)N[C@@H](C(=O)N[C@@H](CC)C(=O)O)c3ccc(O)cc3)cc2S(=O)(=O)N1.O.O.O,9.2839,0.01681092187717258,443.24,18,10,1535.9350000000002,34,8,0.43243243243243246,105
CHEMBL5315121,TECOVIRIMAT MONOHYDRATE,O.O=C(NN1C(=O)[C@@H]2[C@@H]3C=C[C@@H]([C@H]4C[C@@H]34)[C@@H]2C1=O)c1ccc(C(F)(F)F)cc1,1.5785999999999998,0.6091004687153272,97.97999999999999,3,1,394.34900000000005,2,6,0.42105263157894735,28
CHEMBL5315122,BORTEZOMIB D-MANNITOL,CC(C)C[C@H](NC(=O)[C@H](Cc1ccccc1)NC(=O)c1cnccn1)B1O[C@H]([C@H](O)CO)[C@@H]([C@H](O)CO)O1,-1.1335999999999966,0.17329433916904888,183.35999999999999,10,6,530.3870000000003,13,3,0.52,38
CHEMBL5315123,DIFELIKEFALIN ACETATE,CC(=O)O.CC(C)C[C@@H](NC(=O)[C@@H](Cc1ccccc1)NC(=O)[C@H](N)Cc1ccccc1)C(=O)N[C@H](CCCCN)C(=O)N1CCC(N)(C(=O)O)CC1,0.9240000000000077,0.09974851936900755,260.27000000000004,9,8,739.9149999999996,18,3,0.5263157894736842,53
CHEMBL5315124,LEVOFLOXACIN,C[C@H]1COc2c(N3CCN(C)CC3)c(F)cc3c(=O)c(C(=O)O)cn1c23.C[C@H]1COc2c(N3CCN(C)CC3)c(F)cc3c(=O)c(C(=O)O)cn1c23.O,2.263300000000001,0.31215902176400295,181.51999999999998,12,2,740.7610000000001,4,8,0.4444444444444444,53
CHEMBL5315125,DUVELISIB MONOHYDRATE,C[C@H](Nc1ncnc2nc[nH]c12)c1cc2cccc(Cl)c2c(=O)n1-c1ccccc1.O,3.658800000000002,0.4468821816069797,119.99000000000001,6,2,434.8870000000002,4,5,0.09090909090909091,31
CHEMBL5483015,ARSENIC TRIOXIDE,O=[As][As+](=O)[O-],-2.1882,0.44934874791380314,57.2,3,0,197.84099999999998,1,0,0.0,5
